Vivado Simulator v2025.2
Copyright 1986-2022 Xilinx, Inc. All Rights Reserved.
Copyright 2022-2025 Advanced Micro Devices, Inc. All Rights Reserved.
Running: C:\AMDDesignTools\2025.2\Vivado\bin\unwrapped\win64.o\xelab.exe alu_tb -relax -L uvm -s top -timescale 1ns/1ps -v 2 
Multi-threading is on. Using 6 slave threads.
INFO: [XSIM 43-3427] Library Mapping: Sourcing library mapping file "C:\AMDDesignTools\2025.2\Vivado\data/xsim/xsim.ini".
INFO: [VRFC 10-8707] VHDL library search path for library "std" is now "C:/AMDDesignTools/2025.2/Vivado/data/xsim/vhdl/std_2008"
INFO: [VRFC 10-8319] The Verilog library search path for library "std" is now "C:/AMDDesignTools/2025.2/Vivado/data/xsim/vhdl/std_2008"
INFO: [VRFC 10-8707] VHDL library search path for library "ieee" is now "C:/AMDDesignTools/2025.2/Vivado/data/xsim/vhdl/ieee_2008"
INFO: [VRFC 10-8319] The Verilog library search path for library "ieee" is now "C:/AMDDesignTools/2025.2/Vivado/data/xsim/vhdl/ieee_2008"
INFO: [VRFC 10-8707] VHDL library search path for library "ieee_proposed" is now "C:/AMDDesignTools/2025.2/Vivado/data/xsim/vhdl/ieee_proposed_2008"
INFO: [VRFC 10-8319] The Verilog library search path for library "ieee_proposed" is now "C:/AMDDesignTools/2025.2/Vivado/data/xsim/vhdl/ieee_proposed_2008"
INFO: [VRFC 10-8707] VHDL library search path for library "vl" is now "C:/AMDDesignTools/2025.2/Vivado/data/xsim/vhdl/vl_2008"
INFO: [VRFC 10-8319] The Verilog library search path for library "vl" is now "C:/AMDDesignTools/2025.2/Vivado/data/xsim/vhdl/vl_2008"
INFO: [VRFC 10-8707] VHDL library search path for library "synopsys" is now "C:/AMDDesignTools/2025.2/Vivado/data/xsim/vhdl/synopsys_2008"
INFO: [VRFC 10-8319] The Verilog library search path for library "synopsys" is now "C:/AMDDesignTools/2025.2/Vivado/data/xsim/vhdl/synopsys_2008"
INFO: [VRFC 10-8707] VHDL library search path for library "uvm" is now "C:/AMDDesignTools/2025.2/Vivado/data/xsim/system_verilog/uvm"
INFO: [VRFC 10-8319] The Verilog library search path for library "uvm" is now "C:/AMDDesignTools/2025.2/Vivado/data/xsim/system_verilog/uvm"
INFO: [VRFC 10-8707] VHDL library search path for library "secureip" is now "C:/AMDDesignTools/2025.2/Vivado/data/xsim/verilog/secureip"
INFO: [VRFC 10-8319] The Verilog library search path for library "secureip" is now "C:/AMDDesignTools/2025.2/Vivado/data/xsim/verilog/secureip"
INFO: [VRFC 10-8707] VHDL library search path for library "unisim" is now "C:/AMDDesignTools/2025.2/Vivado/data/xsim/vhdl/unisim"
INFO: [VRFC 10-8319] The Verilog library search path for library "unisim" is now "C:/AMDDesignTools/2025.2/Vivado/data/xsim/vhdl/unisim"
INFO: [VRFC 10-8707] VHDL library search path for library "unimacro" is now "C:/AMDDesignTools/2025.2/Vivado/data/xsim/vhdl/unimacro"
INFO: [VRFC 10-8319] The Verilog library search path for library "unimacro" is now "C:/AMDDesignTools/2025.2/Vivado/data/xsim/vhdl/unimacro"
INFO: [VRFC 10-8707] VHDL library search path for library "unifast" is now "C:/AMDDesignTools/2025.2/Vivado/data/xsim/vhdl/unifast"
INFO: [VRFC 10-8319] The Verilog library search path for library "unifast" is now "C:/AMDDesignTools/2025.2/Vivado/data/xsim/vhdl/unifast"
INFO: [VRFC 10-8707] VHDL library search path for library "unisims_ver" is now "C:/AMDDesignTools/2025.2/Vivado/data/xsim/verilog/unisims_ver"
INFO: [VRFC 10-8319] The Verilog library search path for library "unisims_ver" is now "C:/AMDDesignTools/2025.2/Vivado/data/xsim/verilog/unisims_ver"
INFO: [VRFC 10-8707] VHDL library search path for library "unimacro_ver" is now "C:/AMDDesignTools/2025.2/Vivado/data/xsim/verilog/unimacro_ver"
INFO: [VRFC 10-8319] The Verilog library search path for library "unimacro_ver" is now "C:/AMDDesignTools/2025.2/Vivado/data/xsim/verilog/unimacro_ver"
INFO: [VRFC 10-8707] VHDL library search path for library "unifast_ver" is now "C:/AMDDesignTools/2025.2/Vivado/data/xsim/verilog/unifast_ver"
INFO: [VRFC 10-8319] The Verilog library search path for library "unifast_ver" is now "C:/AMDDesignTools/2025.2/Vivado/data/xsim/verilog/unifast_ver"
INFO: [VRFC 10-8707] VHDL library search path for library "simprims_ver" is now "C:/AMDDesignTools/2025.2/Vivado/data/xsim/verilog/simprims_ver"
INFO: [VRFC 10-8319] The Verilog library search path for library "simprims_ver" is now "C:/AMDDesignTools/2025.2/Vivado/data/xsim/verilog/simprims_ver"
INFO: [VRFC 10-8707] VHDL library search path for library "hnicx" is now "C:/AMDDesignTools/2025.2/Vivado/data/xsim/ip/hnicx"
INFO: [VRFC 10-8319] The Verilog library search path for library "hnicx" is now "C:/AMDDesignTools/2025.2/Vivado/data/xsim/ip/hnicx"
INFO: [VRFC 10-8707] VHDL library search path for library "cpm5n" is now "C:/AMDDesignTools/2025.2/Vivado/data/xsim/ip/cpm5n"
INFO: [VRFC 10-8319] The Verilog library search path for library "cpm5n" is now "C:/AMDDesignTools/2025.2/Vivado/data/xsim/ip/cpm5n"
INFO: [VRFC 10-8707] VHDL library search path for library "noc2_nmu_sim_v1_0_0" is now "C:/AMDDesignTools/2025.2/Vivado/data/xsim/ip/noc2_nmu_sim_v1_0_0"
INFO: [VRFC 10-8319] The Verilog library search path for library "noc2_nmu_sim_v1_0_0" is now "C:/AMDDesignTools/2025.2/Vivado/data/xsim/ip/noc2_nmu_sim_v1_0_0"
INFO: [VRFC 10-8707] VHDL library search path for library "noc2_nsu_sim_v1_0_1" is now "C:/AMDDesignTools/2025.2/Vivado/data/xsim/ip/noc2_nsu_sim_v1_0_1"
INFO: [VRFC 10-8319] The Verilog library search path for library "noc2_nsu_sim_v1_0_1" is now "C:/AMDDesignTools/2025.2/Vivado/data/xsim/ip/noc2_nsu_sim_v1_0_1"
INFO: [VRFC 10-8707] VHDL library search path for library "noc_hbm_nmu_sim_v1_0_0" is now "C:/AMDDesignTools/2025.2/Vivado/data/xsim/ip/noc_hbm_nmu_sim_v1_0_0"
INFO: [VRFC 10-8319] The Verilog library search path for library "noc_hbm_nmu_sim_v1_0_0" is now "C:/AMDDesignTools/2025.2/Vivado/data/xsim/ip/noc_hbm_nmu_sim_v1_0_0"
INFO: [VRFC 10-8707] VHDL library search path for library "noc_nmu_sim_v1_0_0" is now "C:/AMDDesignTools/2025.2/Vivado/data/xsim/ip/noc_nmu_sim_v1_0_0"
INFO: [VRFC 10-8319] The Verilog library search path for library "noc_nmu_sim_v1_0_0" is now "C:/AMDDesignTools/2025.2/Vivado/data/xsim/ip/noc_nmu_sim_v1_0_0"
INFO: [VRFC 10-8707] VHDL library search path for library "noc_nsu_sim_v1_0_1" is now "C:/AMDDesignTools/2025.2/Vivado/data/xsim/ip/noc_nsu_sim_v1_0_1"
INFO: [VRFC 10-8319] The Verilog library search path for library "noc_nsu_sim_v1_0_1" is now "C:/AMDDesignTools/2025.2/Vivado/data/xsim/ip/noc_nsu_sim_v1_0_1"
INFO: [VRFC 10-8707] VHDL library search path for library "xpm" is now "C:/AMDDesignTools/2025.2/Vivado/data/xsim/ip/xpm"
INFO: [VRFC 10-8319] The Verilog library search path for library "xpm" is now "C:/AMDDesignTools/2025.2/Vivado/data/xsim/ip/xpm"
INFO: [VRFC 10-8707] VHDL library search path for library "xilinx_vip" is now "C:/AMDDesignTools/2025.2/Vivado/data/xsim/ip/xilinx_vip"
INFO: [VRFC 10-8319] The Verilog library search path for library "xilinx_vip" is now "C:/AMDDesignTools/2025.2/Vivado/data/xsim/ip/xilinx_vip"
INFO: [VRFC 10-8707] VHDL library search path for library "common_cpp_v1_0" is now "//wsl.localhost/Ubuntu/home/arunvarshan/ADSProject/02_ALU/build/$RDI_DATADIR/xsim/ip/common_cpp_v1_0"
INFO: [VRFC 10-8319] The Verilog library search path for library "common_cpp_v1_0" is now "//wsl.localhost/Ubuntu/home/arunvarshan/ADSProject/02_ALU/build/$RDI_DATADIR/xsim/ip/common_cpp_v1_0"
INFO: [VRFC 10-8707] VHDL library search path for library "xtlm" is now "//wsl.localhost/Ubuntu/home/arunvarshan/ADSProject/02_ALU/build/$RDI_DATADIR/xsim/ip/xtlm"
INFO: [VRFC 10-8319] The Verilog library search path for library "xtlm" is now "//wsl.localhost/Ubuntu/home/arunvarshan/ADSProject/02_ALU/build/$RDI_DATADIR/xsim/ip/xtlm"
INFO: [VRFC 10-8707] VHDL library search path for library "xscl" is now "//wsl.localhost/Ubuntu/home/arunvarshan/ADSProject/02_ALU/build/$RDI_DATADIR/xsim/ip/xscl"
INFO: [VRFC 10-8319] The Verilog library search path for library "xscl" is now "//wsl.localhost/Ubuntu/home/arunvarshan/ADSProject/02_ALU/build/$RDI_DATADIR/xsim/ip/xscl"
INFO: [VRFC 10-8707] VHDL library search path for library "emu_perf_common_v1_0" is now "//wsl.localhost/Ubuntu/home/arunvarshan/ADSProject/02_ALU/build/$RDI_DATADIR/xsim/ip/emu_perf_common_v1_0"
INFO: [VRFC 10-8319] The Verilog library search path for library "emu_perf_common_v1_0" is now "//wsl.localhost/Ubuntu/home/arunvarshan/ADSProject/02_ALU/build/$RDI_DATADIR/xsim/ip/emu_perf_common_v1_0"
INFO: [VRFC 10-8707] VHDL library search path for library "axi_tlm_ext_v1_0" is now "//wsl.localhost/Ubuntu/home/arunvarshan/ADSProject/02_ALU/build/$RDI_DATADIR/xsim/ip/axi_tlm_ext_v1_0"
INFO: [VRFC 10-8319] The Verilog library search path for library "axi_tlm_ext_v1_0" is now "//wsl.localhost/Ubuntu/home/arunvarshan/ADSProject/02_ALU/build/$RDI_DATADIR/xsim/ip/axi_tlm_ext_v1_0"
INFO: [VRFC 10-8707] VHDL library search path for library "axi_tg_sc_v1_0" is now "//wsl.localhost/Ubuntu/home/arunvarshan/ADSProject/02_ALU/build/$RDI_DATADIR/xsim/ip/axi_tg_sc_v1_0"
INFO: [VRFC 10-8319] The Verilog library search path for library "axi_tg_sc_v1_0" is now "//wsl.localhost/Ubuntu/home/arunvarshan/ADSProject/02_ALU/build/$RDI_DATADIR/xsim/ip/axi_tg_sc_v1_0"
INFO: [VRFC 10-8707] VHDL library search path for library "noc_sc_v1_0_0" is now "//wsl.localhost/Ubuntu/home/arunvarshan/ADSProject/02_ALU/build/$RDI_DATADIR/xsim/ip/noc_sc_v1_0_0"
INFO: [VRFC 10-8319] The Verilog library search path for library "noc_sc_v1_0_0" is now "//wsl.localhost/Ubuntu/home/arunvarshan/ADSProject/02_ALU/build/$RDI_DATADIR/xsim/ip/noc_sc_v1_0_0"
INFO: [VRFC 10-8707] VHDL library search path for library "remote_port_c_v4" is now "//wsl.localhost/Ubuntu/home/arunvarshan/ADSProject/02_ALU/build/$RDI_DATADIR/xsim/ip/remote_port_c_v4"
INFO: [VRFC 10-8319] The Verilog library search path for library "remote_port_c_v4" is now "//wsl.localhost/Ubuntu/home/arunvarshan/ADSProject/02_ALU/build/$RDI_DATADIR/xsim/ip/remote_port_c_v4"
INFO: [VRFC 10-8707] VHDL library search path for library "remote_port_sc_v4" is now "//wsl.localhost/Ubuntu/home/arunvarshan/ADSProject/02_ALU/build/$RDI_DATADIR/xsim/ip/remote_port_sc_v4"
INFO: [VRFC 10-8319] The Verilog library search path for library "remote_port_sc_v4" is now "//wsl.localhost/Ubuntu/home/arunvarshan/ADSProject/02_ALU/build/$RDI_DATADIR/xsim/ip/remote_port_sc_v4"
INFO: [VRFC 10-8707] VHDL library search path for library "pl_fileio_v1_0_0" is now "//wsl.localhost/Ubuntu/home/arunvarshan/ADSProject/02_ALU/build/$RDI_DATADIR/xsim/ip/pl_fileio_v1_0_0"
INFO: [VRFC 10-8319] The Verilog library search path for library "pl_fileio_v1_0_0" is now "//wsl.localhost/Ubuntu/home/arunvarshan/ADSProject/02_ALU/build/$RDI_DATADIR/xsim/ip/pl_fileio_v1_0_0"
INFO: [VRFC 10-8707] VHDL library search path for library "xtlm_simple_interconnect_v1_0" is now "//wsl.localhost/Ubuntu/home/arunvarshan/ADSProject/02_ALU/build/$RDI_DATADIR/xsim/ip/xtlm_simple_interconnect_v1_0"
INFO: [VRFC 10-8319] The Verilog library search path for library "xtlm_simple_interconnect_v1_0" is now "//wsl.localhost/Ubuntu/home/arunvarshan/ADSProject/02_ALU/build/$RDI_DATADIR/xsim/ip/xtlm_simple_interconnect_v1_0"
INFO: [VRFC 10-8707] VHDL library search path for library "debug_tcp_server_v1" is now "//wsl.localhost/Ubuntu/home/arunvarshan/ADSProject/02_ALU/build/$RDI_DATADIR/xsim/ip/debug_tcp_server_v1"
INFO: [VRFC 10-8319] The Verilog library search path for library "debug_tcp_server_v1" is now "//wsl.localhost/Ubuntu/home/arunvarshan/ADSProject/02_ALU/build/$RDI_DATADIR/xsim/ip/debug_tcp_server_v1"
INFO: [VRFC 10-8707] VHDL library search path for library "rwd_tlmmodel_v1" is now "//wsl.localhost/Ubuntu/home/arunvarshan/ADSProject/02_ALU/build/$RDI_DATADIR/xsim/ip/rwd_tlmmodel_v1"
INFO: [VRFC 10-8319] The Verilog library search path for library "rwd_tlmmodel_v1" is now "//wsl.localhost/Ubuntu/home/arunvarshan/ADSProject/02_ALU/build/$RDI_DATADIR/xsim/ip/rwd_tlmmodel_v1"
INFO: [VRFC 10-8707] VHDL library search path for library "common_rpc_v1" is now "//wsl.localhost/Ubuntu/home/arunvarshan/ADSProject/02_ALU/build/$RDI_DATADIR/xsim/ip/common_rpc_v1"
INFO: [VRFC 10-8319] The Verilog library search path for library "common_rpc_v1" is now "//wsl.localhost/Ubuntu/home/arunvarshan/ADSProject/02_ALU/build/$RDI_DATADIR/xsim/ip/common_rpc_v1"
INFO: [VRFC 10-8707] VHDL library search path for library "sim_xdma_cpp_v1" is now "//wsl.localhost/Ubuntu/home/arunvarshan/ADSProject/02_ALU/build/$RDI_DATADIR/xsim/ip/sim_xdma_cpp_v1"
INFO: [VRFC 10-8319] The Verilog library search path for library "sim_xdma_cpp_v1" is now "//wsl.localhost/Ubuntu/home/arunvarshan/ADSProject/02_ALU/build/$RDI_DATADIR/xsim/ip/sim_xdma_cpp_v1"
INFO: [VRFC 10-8707] VHDL library search path for library "sim_xdma_sc_v1" is now "//wsl.localhost/Ubuntu/home/arunvarshan/ADSProject/02_ALU/build/$RDI_DATADIR/xsim/ip/sim_xdma_sc_v1"
INFO: [VRFC 10-8319] The Verilog library search path for library "sim_xdma_sc_v1" is now "//wsl.localhost/Ubuntu/home/arunvarshan/ADSProject/02_ALU/build/$RDI_DATADIR/xsim/ip/sim_xdma_sc_v1"
INFO: [VRFC 10-8707] VHDL library search path for library "sim_qdma_cpp_v1_0" is now "//wsl.localhost/Ubuntu/home/arunvarshan/ADSProject/02_ALU/build/$RDI_DATADIR/xsim/ip/sim_qdma_cpp_v1_0"
INFO: [VRFC 10-8319] The Verilog library search path for library "sim_qdma_cpp_v1_0" is now "//wsl.localhost/Ubuntu/home/arunvarshan/ADSProject/02_ALU/build/$RDI_DATADIR/xsim/ip/sim_qdma_cpp_v1_0"
INFO: [VRFC 10-8707] VHDL library search path for library "sim_qdma_sc_v1_0" is now "//wsl.localhost/Ubuntu/home/arunvarshan/ADSProject/02_ALU/build/$RDI_DATADIR/xsim/ip/sim_qdma_sc_v1_0"
INFO: [VRFC 10-8319] The Verilog library search path for library "sim_qdma_sc_v1_0" is now "//wsl.localhost/Ubuntu/home/arunvarshan/ADSProject/02_ALU/build/$RDI_DATADIR/xsim/ip/sim_qdma_sc_v1_0"
INFO: [VRFC 10-8707] VHDL library search path for library "xtlm_trace_model_v1_0" is now "//wsl.localhost/Ubuntu/home/arunvarshan/ADSProject/02_ALU/build/$RDI_DATADIR/xsim/ip/xtlm_trace_model_v1_0"
INFO: [VRFC 10-8319] The Verilog library search path for library "xtlm_trace_model_v1_0" is now "//wsl.localhost/Ubuntu/home/arunvarshan/ADSProject/02_ALU/build/$RDI_DATADIR/xsim/ip/xtlm_trace_model_v1_0"
INFO: [VRFC 10-8707] VHDL library search path for library "aie_xtlm_v1_0_0" is now "//wsl.localhost/Ubuntu/home/arunvarshan/ADSProject/02_ALU/build/$RDI_DATADIR/xsim/ip/aie_xtlm_v1_0_0"
INFO: [VRFC 10-8319] The Verilog library search path for library "aie_xtlm_v1_0_0" is now "//wsl.localhost/Ubuntu/home/arunvarshan/ADSProject/02_ALU/build/$RDI_DATADIR/xsim/ip/aie_xtlm_v1_0_0"
INFO: [VRFC 10-8707] VHDL library search path for library "sim_ddr_v1_0" is now "//wsl.localhost/Ubuntu/home/arunvarshan/ADSProject/02_ALU/build/$RDI_DATADIR/xsim/ip/sim_ddr_v1_0"
INFO: [VRFC 10-8319] The Verilog library search path for library "sim_ddr_v1_0" is now "//wsl.localhost/Ubuntu/home/arunvarshan/ADSProject/02_ALU/build/$RDI_DATADIR/xsim/ip/sim_ddr_v1_0"
INFO: [VRFC 10-8707] VHDL library search path for library "xtlm_ipc_v1_0" is now "//wsl.localhost/Ubuntu/home/arunvarshan/ADSProject/02_ALU/build/$RDI_DATADIR/xsim/ip/xtlm_ipc_v1_0"
INFO: [VRFC 10-8319] The Verilog library search path for library "xtlm_ipc_v1_0" is now "//wsl.localhost/Ubuntu/home/arunvarshan/ADSProject/02_ALU/build/$RDI_DATADIR/xsim/ip/xtlm_ipc_v1_0"
INFO: [VRFC 10-8707] VHDL library search path for library "xtlm_ap_ctrl_v1_0" is now "//wsl.localhost/Ubuntu/home/arunvarshan/ADSProject/02_ALU/build/$RDI_DATADIR/xsim/ip/xtlm_ap_ctrl_v1_0"
INFO: [VRFC 10-8319] The Verilog library search path for library "xtlm_ap_ctrl_v1_0" is now "//wsl.localhost/Ubuntu/home/arunvarshan/ADSProject/02_ALU/build/$RDI_DATADIR/xsim/ip/xtlm_ap_ctrl_v1_0"
INFO: [VRFC 10-8707] VHDL library search path for library "func_emu_util_v1_0" is now "C:/AMDDesignTools/2025.2/Vivado/data/xsim/ip/func_emu_util_v1_0"
INFO: [VRFC 10-8319] The Verilog library search path for library "func_emu_util_v1_0" is now "C:/AMDDesignTools/2025.2/Vivado/data/xsim/ip/func_emu_util_v1_0"
INFO: [VRFC 10-8707] VHDL library search path for library "axis_switch_sc_v1_1" is now "//wsl.localhost/Ubuntu/home/arunvarshan/ADSProject/02_ALU/build/$RDI_DATADIR/xsim/ip/axis_switch_sc_v1_1"
INFO: [VRFC 10-8319] The Verilog library search path for library "axis_switch_sc_v1_1" is now "//wsl.localhost/Ubuntu/home/arunvarshan/ADSProject/02_ALU/build/$RDI_DATADIR/xsim/ip/axis_switch_sc_v1_1"
INFO: [VRFC 10-8707] VHDL library search path for library "axis_dwidth_converter_sc_v1_1" is now "//wsl.localhost/Ubuntu/home/arunvarshan/ADSProject/02_ALU/build/$RDI_DATADIR/xsim/ip/axis_dwidth_converter_sc_v1_1"
INFO: [VRFC 10-8319] The Verilog library search path for library "axis_dwidth_converter_sc_v1_1" is now "//wsl.localhost/Ubuntu/home/arunvarshan/ADSProject/02_ALU/build/$RDI_DATADIR/xsim/ip/axis_dwidth_converter_sc_v1_1"
INFO: [VRFC 10-8707] VHDL library search path for library "axi_intc_v4_1" is now "//wsl.localhost/Ubuntu/home/arunvarshan/ADSProject/02_ALU/build/$RDI_DATADIR/xsim/ip/axi_intc_v4_1"
INFO: [VRFC 10-8319] The Verilog library search path for library "axi_intc_v4_1" is now "//wsl.localhost/Ubuntu/home/arunvarshan/ADSProject/02_ALU/build/$RDI_DATADIR/xsim/ip/axi_intc_v4_1"
INFO: [VRFC 10-8707] VHDL library search path for library "sim_cpu_v1_0" is now "//wsl.localhost/Ubuntu/home/arunvarshan/ADSProject/02_ALU/build/$RDI_DATADIR/xsim/ip/sim_cpu_v1_0"
INFO: [VRFC 10-8319] The Verilog library search path for library "sim_cpu_v1_0" is now "//wsl.localhost/Ubuntu/home/arunvarshan/ADSProject/02_ALU/build/$RDI_DATADIR/xsim/ip/sim_cpu_v1_0"
INFO: [VRFC 10-8707] VHDL library search path for library "sim_ipc_multi_intf_v1_0" is now "C:/AMDDesignTools/2025.2/Vivado/data/xsim/ip/sim_ipc_multi_intf_v1_0"
INFO: [VRFC 10-8319] The Verilog library search path for library "sim_ipc_multi_intf_v1_0" is now "C:/AMDDesignTools/2025.2/Vivado/data/xsim/ip/sim_ipc_multi_intf_v1_0"
INFO: [VRFC 10-8707] VHDL library search path for library "aie_ps_v1_0" is now "C:/AMDDesignTools/2025.2/Vivado/data/xsim/ip/aie_ps_v1_0"
INFO: [VRFC 10-8319] The Verilog library search path for library "aie_ps_v1_0" is now "C:/AMDDesignTools/2025.2/Vivado/data/xsim/ip/aie_ps_v1_0"
INFO: [VRFC 10-8707] VHDL library search path for library "msm_cpp" is now "C:/AMDDesignTools/2025.2/Vivado/data/xsim/ip/msm_cpp"
INFO: [VRFC 10-8319] The Verilog library search path for library "msm_cpp" is now "C:/AMDDesignTools/2025.2/Vivado/data/xsim/ip/msm_cpp"
INFO: [VRFC 10-8707] VHDL library search path for library "msm_adapters" is now "C:/AMDDesignTools/2025.2/Vivado/data/xsim/ip/msm_adapters"
INFO: [VRFC 10-8319] The Verilog library search path for library "msm_adapters" is now "C:/AMDDesignTools/2025.2/Vivado/data/xsim/ip/msm_adapters"
INFO: [VRFC 10-8707] VHDL library search path for library "accelerator_monitor_v1_1_0" is now "C:/AMDDesignTools/2025.2/Vivado/data/xsim/ip/accelerator_monitor_v1_1_0"
INFO: [VRFC 10-8319] The Verilog library search path for library "accelerator_monitor_v1_1_0" is now "C:/AMDDesignTools/2025.2/Vivado/data/xsim/ip/accelerator_monitor_v1_1_0"
INFO: [VRFC 10-8707] VHDL library search path for library "adc_dac_if_phy_v1_0_0" is now "C:/AMDDesignTools/2025.2/Vivado/data/xsim/ip/adc_dac_if_phy_v1_0_0"
INFO: [VRFC 10-8319] The Verilog library search path for library "adc_dac_if_phy_v1_0_0" is now "C:/AMDDesignTools/2025.2/Vivado/data/xsim/ip/adc_dac_if_phy_v1_0_0"
INFO: [VRFC 10-8707] VHDL library search path for library "advanced_io_wizard_phy_v1_0_5" is now "C:/AMDDesignTools/2025.2/Vivado/data/xsim/ip/advanced_io_wizard_phy_v1_0_5"
INFO: [VRFC 10-8319] The Verilog library search path for library "advanced_io_wizard_phy_v1_0_5" is now "C:/AMDDesignTools/2025.2/Vivado/data/xsim/ip/advanced_io_wizard_phy_v1_0_5"
INFO: [VRFC 10-8707] VHDL library search path for library "advanced_io_wizard_phy_v1_1_0" is now "C:/AMDDesignTools/2025.2/Vivado/data/xsim/ip/advanced_io_wizard_phy_v1_1_0"
INFO: [VRFC 10-8319] The Verilog library search path for library "advanced_io_wizard_phy_v1_1_0" is now "C:/AMDDesignTools/2025.2/Vivado/data/xsim/ip/advanced_io_wizard_phy_v1_1_0"
INFO: [VRFC 10-8707] VHDL library search path for library "advanced_io_wizard_v1_0_16" is now "C:/AMDDesignTools/2025.2/Vivado/data/xsim/ip/advanced_io_wizard_v1_0_16"
INFO: [VRFC 10-8319] The Verilog library search path for library "advanced_io_wizard_v1_0_16" is now "C:/AMDDesignTools/2025.2/Vivado/data/xsim/ip/advanced_io_wizard_v1_0_16"
INFO: [VRFC 10-8707] VHDL library search path for library "advanced_io_wizard_v1_1_2" is now "C:/AMDDesignTools/2025.2/Vivado/data/xsim/ip/advanced_io_wizard_v1_1_2"
INFO: [VRFC 10-8319] The Verilog library search path for library "advanced_io_wizard_v1_1_2" is now "C:/AMDDesignTools/2025.2/Vivado/data/xsim/ip/advanced_io_wizard_v1_1_2"
INFO: [VRFC 10-8707] VHDL library search path for library "ahblite_axi_bridge_v3_0_29" is now "C:/AMDDesignTools/2025.2/Vivado/data/xsim/ip/ahblite_axi_bridge_v3_0_29"
INFO: [VRFC 10-8319] The Verilog library search path for library "ahblite_axi_bridge_v3_0_29" is now "C:/AMDDesignTools/2025.2/Vivado/data/xsim/ip/ahblite_axi_bridge_v3_0_29"
INFO: [VRFC 10-8707] VHDL library search path for library "ai_noc" is now "C:/AMDDesignTools/2025.2/Vivado/data/xsim/ip/ai_noc"
INFO: [VRFC 10-8319] The Verilog library search path for library "ai_noc" is now "C:/AMDDesignTools/2025.2/Vivado/data/xsim/ip/ai_noc"
INFO: [VRFC 10-8707] VHDL library search path for library "ai_pl_trig" is now "C:/AMDDesignTools/2025.2/Vivado/data/xsim/ip/ai_pl_trig"
INFO: [VRFC 10-8319] The Verilog library search path for library "ai_pl_trig" is now "C:/AMDDesignTools/2025.2/Vivado/data/xsim/ip/ai_pl_trig"
INFO: [VRFC 10-8707] VHDL library search path for library "ai_pl" is now "C:/AMDDesignTools/2025.2/Vivado/data/xsim/ip/ai_pl"
INFO: [VRFC 10-8319] The Verilog library search path for library "ai_pl" is now "C:/AMDDesignTools/2025.2/Vivado/data/xsim/ip/ai_pl"
INFO: [VRFC 10-8707] VHDL library search path for library "an_lt_v1_0_19" is now "C:/AMDDesignTools/2025.2/Vivado/data/xsim/ip/an_lt_v1_0_19"
INFO: [VRFC 10-8319] The Verilog library search path for library "an_lt_v1_0_19" is now "C:/AMDDesignTools/2025.2/Vivado/data/xsim/ip/an_lt_v1_0_19"
INFO: [VRFC 10-8707] VHDL library search path for library "anlt_subcore_ip_v1_0_3" is now "C:/AMDDesignTools/2025.2/Vivado/data/xsim/ip/anlt_subcore_ip_v1_0_3"
INFO: [VRFC 10-8319] The Verilog library search path for library "anlt_subcore_ip_v1_0_3" is now "C:/AMDDesignTools/2025.2/Vivado/data/xsim/ip/anlt_subcore_ip_v1_0_3"
INFO: [VRFC 10-8707] VHDL library search path for library "audio_clock_recovery_unit_v1_0_6" is now "C:/AMDDesignTools/2025.2/Vivado/data/xsim/ip/audio_clock_recovery_unit_v1_0_6"
INFO: [VRFC 10-8319] The Verilog library search path for library "audio_clock_recovery_unit_v1_0_6" is now "C:/AMDDesignTools/2025.2/Vivado/data/xsim/ip/audio_clock_recovery_unit_v1_0_6"
INFO: [VRFC 10-8707] VHDL library search path for library "audio_tpg_v1_0_2" is now "C:/AMDDesignTools/2025.2/Vivado/data/xsim/ip/audio_tpg_v1_0_2"
INFO: [VRFC 10-8319] The Verilog library search path for library "audio_tpg_v1_0_2" is now "C:/AMDDesignTools/2025.2/Vivado/data/xsim/ip/audio_tpg_v1_0_2"
INFO: [VRFC 10-8707] VHDL library search path for library "av_pat_gen_v2_0_3" is now "C:/AMDDesignTools/2025.2/Vivado/data/xsim/ip/av_pat_gen_v2_0_3"
INFO: [VRFC 10-8319] The Verilog library search path for library "av_pat_gen_v2_0_3" is now "C:/AMDDesignTools/2025.2/Vivado/data/xsim/ip/av_pat_gen_v2_0_3"
INFO: [VRFC 10-8707] VHDL library search path for library "axi_ahblite_bridge_v3_0_31" is now "C:/AMDDesignTools/2025.2/Vivado/data/xsim/ip/axi_ahblite_bridge_v3_0_31"
INFO: [VRFC 10-8319] The Verilog library search path for library "axi_ahblite_bridge_v3_0_31" is now "C:/AMDDesignTools/2025.2/Vivado/data/xsim/ip/axi_ahblite_bridge_v3_0_31"
INFO: [VRFC 10-8707] VHDL library search path for library "axi_amm_bridge_v1_0_25" is now "C:/AMDDesignTools/2025.2/Vivado/data/xsim/ip/axi_amm_bridge_v1_0_25"
INFO: [VRFC 10-8319] The Verilog library search path for library "axi_amm_bridge_v1_0_25" is now "C:/AMDDesignTools/2025.2/Vivado/data/xsim/ip/axi_amm_bridge_v1_0_25"
INFO: [VRFC 10-8707] VHDL library search path for library "axi_apb_bridge_v3_0_21" is now "C:/AMDDesignTools/2025.2/Vivado/data/xsim/ip/axi_apb_bridge_v3_0_21"
INFO: [VRFC 10-8319] The Verilog library search path for library "axi_apb_bridge_v3_0_21" is now "C:/AMDDesignTools/2025.2/Vivado/data/xsim/ip/axi_apb_bridge_v3_0_21"
INFO: [VRFC 10-8707] VHDL library search path for library "axi_bram_ctrl_v4_1_13" is now "C:/AMDDesignTools/2025.2/Vivado/data/xsim/ip/axi_bram_ctrl_v4_1_13"
INFO: [VRFC 10-8319] The Verilog library search path for library "axi_bram_ctrl_v4_1_13" is now "C:/AMDDesignTools/2025.2/Vivado/data/xsim/ip/axi_bram_ctrl_v4_1_13"
INFO: [VRFC 10-8707] VHDL library search path for library "axi_chip2chip_v5_0_28" is now "C:/AMDDesignTools/2025.2/Vivado/data/xsim/ip/axi_chip2chip_v5_0_28"
INFO: [VRFC 10-8319] The Verilog library search path for library "axi_chip2chip_v5_0_28" is now "C:/AMDDesignTools/2025.2/Vivado/data/xsim/ip/axi_chip2chip_v5_0_28"
INFO: [VRFC 10-8707] VHDL library search path for library "axi_datamover_v5_1_37" is now "C:/AMDDesignTools/2025.2/Vivado/data/xsim/ip/axi_datamover_v5_1_37"
INFO: [VRFC 10-8319] The Verilog library search path for library "axi_datamover_v5_1_37" is now "C:/AMDDesignTools/2025.2/Vivado/data/xsim/ip/axi_datamover_v5_1_37"
INFO: [VRFC 10-8707] VHDL library search path for library "axi_dbg_hub" is now "C:/AMDDesignTools/2025.2/Vivado/data/xsim/ip/axi_dbg_hub"
INFO: [VRFC 10-8319] The Verilog library search path for library "axi_dbg_hub" is now "C:/AMDDesignTools/2025.2/Vivado/data/xsim/ip/axi_dbg_hub"
INFO: [VRFC 10-8707] VHDL library search path for library "axi_emc_v3_0_35" is now "C:/AMDDesignTools/2025.2/Vivado/data/xsim/ip/axi_emc_v3_0_35"
INFO: [VRFC 10-8319] The Verilog library search path for library "axi_emc_v3_0_35" is now "C:/AMDDesignTools/2025.2/Vivado/data/xsim/ip/axi_emc_v3_0_35"
INFO: [VRFC 10-8707] VHDL library search path for library "axi_i3c_v1_0_5" is now "C:/AMDDesignTools/2025.2/Vivado/data/xsim/ip/axi_i3c_v1_0_5"
INFO: [VRFC 10-8319] The Verilog library search path for library "axi_i3c_v1_0_5" is now "C:/AMDDesignTools/2025.2/Vivado/data/xsim/ip/axi_i3c_v1_0_5"
INFO: [VRFC 10-8707] VHDL library search path for library "axi_infrastructure_v1_1_0" is now "C:/AMDDesignTools/2025.2/Vivado/data/xsim/ip/axi_infrastructure_v1_1_0"
INFO: [VRFC 10-8319] The Verilog library search path for library "axi_infrastructure_v1_1_0" is now "C:/AMDDesignTools/2025.2/Vivado/data/xsim/ip/axi_infrastructure_v1_1_0"
INFO: [VRFC 10-8707] VHDL library search path for library "axi_jtag_v1_0_3" is now "C:/AMDDesignTools/2025.2/Vivado/data/xsim/ip/axi_jtag_v1_0_3"
INFO: [VRFC 10-8319] The Verilog library search path for library "axi_jtag_v1_0_3" is now "C:/AMDDesignTools/2025.2/Vivado/data/xsim/ip/axi_jtag_v1_0_3"
INFO: [VRFC 10-8707] VHDL library search path for library "axi_interface_monitor_v1_1_0" is now "C:/AMDDesignTools/2025.2/Vivado/data/xsim/ip/axi_interface_monitor_v1_1_0"
INFO: [VRFC 10-8319] The Verilog library search path for library "axi_interface_monitor_v1_1_0" is now "C:/AMDDesignTools/2025.2/Vivado/data/xsim/ip/axi_interface_monitor_v1_1_0"
INFO: [VRFC 10-8707] VHDL library search path for library "axi_lite_ipif_v3_0_4" is now "C:/AMDDesignTools/2025.2/Vivado/data/xsim/ip/axi_lite_ipif_v3_0_4"
INFO: [VRFC 10-8319] The Verilog library search path for library "axi_lite_ipif_v3_0_4" is now "C:/AMDDesignTools/2025.2/Vivado/data/xsim/ip/axi_lite_ipif_v3_0_4"
INFO: [VRFC 10-8707] VHDL library search path for library "axi_lmb_bridge_v1_0_5" is now "C:/AMDDesignTools/2025.2/Vivado/data/xsim/ip/axi_lmb_bridge_v1_0_5"
INFO: [VRFC 10-8319] The Verilog library search path for library "axi_lmb_bridge_v1_0_5" is now "C:/AMDDesignTools/2025.2/Vivado/data/xsim/ip/axi_lmb_bridge_v1_0_5"
INFO: [VRFC 10-8707] VHDL library search path for library "axi_pcie3_v3_0_36" is now "C:/AMDDesignTools/2025.2/Vivado/data/xsim/ip/axi_pcie3_v3_0_36"
INFO: [VRFC 10-8319] The Verilog library search path for library "axi_pcie3_v3_0_36" is now "C:/AMDDesignTools/2025.2/Vivado/data/xsim/ip/axi_pcie3_v3_0_36"
INFO: [VRFC 10-8707] VHDL library search path for library "axi_pcie_v2_9_15" is now "C:/AMDDesignTools/2025.2/Vivado/data/xsim/ip/axi_pcie_v2_9_15"
INFO: [VRFC 10-8319] The Verilog library search path for library "axi_pcie_v2_9_15" is now "C:/AMDDesignTools/2025.2/Vivado/data/xsim/ip/axi_pcie_v2_9_15"
INFO: [VRFC 10-8707] VHDL library search path for library "axi_perf_mon_v5_0_38" is now "C:/AMDDesignTools/2025.2/Vivado/data/xsim/ip/axi_perf_mon_v5_0_38"
INFO: [VRFC 10-8319] The Verilog library search path for library "axi_perf_mon_v5_0_38" is now "C:/AMDDesignTools/2025.2/Vivado/data/xsim/ip/axi_perf_mon_v5_0_38"
INFO: [VRFC 10-8707] VHDL library search path for library "axi_pmon_v1_0_3" is now "C:/AMDDesignTools/2025.2/Vivado/data/xsim/ip/axi_pmon_v1_0_3"
INFO: [VRFC 10-8319] The Verilog library search path for library "axi_pmon_v1_0_3" is now "C:/AMDDesignTools/2025.2/Vivado/data/xsim/ip/axi_pmon_v1_0_3"
INFO: [VRFC 10-8707] VHDL library search path for library "axi_remapper_rx_v1_0_3" is now "C:/AMDDesignTools/2025.2/Vivado/data/xsim/ip/axi_remapper_rx_v1_0_3"
INFO: [VRFC 10-8319] The Verilog library search path for library "axi_remapper_rx_v1_0_3" is now "C:/AMDDesignTools/2025.2/Vivado/data/xsim/ip/axi_remapper_rx_v1_0_3"
INFO: [VRFC 10-8707] VHDL library search path for library "axi_remapper_tx_v1_0_4" is now "C:/AMDDesignTools/2025.2/Vivado/data/xsim/ip/axi_remapper_tx_v1_0_4"
INFO: [VRFC 10-8319] The Verilog library search path for library "axi_remapper_tx_v1_0_4" is now "C:/AMDDesignTools/2025.2/Vivado/data/xsim/ip/axi_remapper_tx_v1_0_4"
INFO: [VRFC 10-8707] VHDL library search path for library "axi_sg_v4_1_21" is now "C:/AMDDesignTools/2025.2/Vivado/data/xsim/ip/axi_sg_v4_1_21"
INFO: [VRFC 10-8319] The Verilog library search path for library "axi_sg_v4_1_21" is now "C:/AMDDesignTools/2025.2/Vivado/data/xsim/ip/axi_sg_v4_1_21"
INFO: [VRFC 10-8707] VHDL library search path for library "axi_stream_monitor_v1_1_1" is now "C:/AMDDesignTools/2025.2/Vivado/data/xsim/ip/axi_stream_monitor_v1_1_1"
INFO: [VRFC 10-8319] The Verilog library search path for library "axi_stream_monitor_v1_1_1" is now "C:/AMDDesignTools/2025.2/Vivado/data/xsim/ip/axi_stream_monitor_v1_1_1"
INFO: [VRFC 10-8707] VHDL library search path for library "axis_cap_ctrl_v1_0_1" is now "C:/AMDDesignTools/2025.2/Vivado/data/xsim/ip/axis_cap_ctrl_v1_0_1"
INFO: [VRFC 10-8319] The Verilog library search path for library "axis_cap_ctrl_v1_0_1" is now "C:/AMDDesignTools/2025.2/Vivado/data/xsim/ip/axis_cap_ctrl_v1_0_1"
INFO: [VRFC 10-8707] VHDL library search path for library "axis_dbg_stub_v1_0_1" is now "C:/AMDDesignTools/2025.2/Vivado/data/xsim/ip/axis_dbg_stub_v1_0_1"
INFO: [VRFC 10-8319] The Verilog library search path for library "axis_dbg_stub_v1_0_1" is now "C:/AMDDesignTools/2025.2/Vivado/data/xsim/ip/axis_dbg_stub_v1_0_1"
INFO: [VRFC 10-8707] VHDL library search path for library "axis_dbg_sync_v1_0_1" is now "C:/AMDDesignTools/2025.2/Vivado/data/xsim/ip/axis_dbg_sync_v1_0_1"
INFO: [VRFC 10-8319] The Verilog library search path for library "axis_dbg_sync_v1_0_1" is now "C:/AMDDesignTools/2025.2/Vivado/data/xsim/ip/axis_dbg_sync_v1_0_1"
INFO: [VRFC 10-8707] VHDL library search path for library "axis_ila_adv_trig_v1_0_1" is now "C:/AMDDesignTools/2025.2/Vivado/data/xsim/ip/axis_ila_adv_trig_v1_0_1"
INFO: [VRFC 10-8319] The Verilog library search path for library "axis_ila_adv_trig_v1_0_1" is now "C:/AMDDesignTools/2025.2/Vivado/data/xsim/ip/axis_ila_adv_trig_v1_0_1"
INFO: [VRFC 10-8707] VHDL library search path for library "axis_ila_ct_v1_0_1" is now "C:/AMDDesignTools/2025.2/Vivado/data/xsim/ip/axis_ila_ct_v1_0_1"
INFO: [VRFC 10-8319] The Verilog library search path for library "axis_ila_ct_v1_0_1" is now "C:/AMDDesignTools/2025.2/Vivado/data/xsim/ip/axis_ila_ct_v1_0_1"
INFO: [VRFC 10-8707] VHDL library search path for library "axis_ila_pp_v1_0_2" is now "C:/AMDDesignTools/2025.2/Vivado/data/xsim/ip/axis_ila_pp_v1_0_2"
INFO: [VRFC 10-8319] The Verilog library search path for library "axis_ila_pp_v1_0_2" is now "C:/AMDDesignTools/2025.2/Vivado/data/xsim/ip/axis_ila_pp_v1_0_2"
INFO: [VRFC 10-8707] VHDL library search path for library "axis_ila_txns_cntr_v1_0_0" is now "C:/AMDDesignTools/2025.2/Vivado/data/xsim/ip/axis_ila_txns_cntr_v1_0_0"
INFO: [VRFC 10-8319] The Verilog library search path for library "axis_ila_txns_cntr_v1_0_0" is now "C:/AMDDesignTools/2025.2/Vivado/data/xsim/ip/axis_ila_txns_cntr_v1_0_0"
INFO: [VRFC 10-8707] VHDL library search path for library "axis_infrastructure_v1_1_1" is now "C:/AMDDesignTools/2025.2/Vivado/data/xsim/ip/axis_infrastructure_v1_1_1"
INFO: [VRFC 10-8319] The Verilog library search path for library "axis_infrastructure_v1_1_1" is now "C:/AMDDesignTools/2025.2/Vivado/data/xsim/ip/axis_infrastructure_v1_1_1"
INFO: [VRFC 10-8707] VHDL library search path for library "axis_itct_v1_0_1" is now "C:/AMDDesignTools/2025.2/Vivado/data/xsim/ip/axis_itct_v1_0_1"
INFO: [VRFC 10-8319] The Verilog library search path for library "axis_itct_v1_0_1" is now "C:/AMDDesignTools/2025.2/Vivado/data/xsim/ip/axis_itct_v1_0_1"
INFO: [VRFC 10-8707] VHDL library search path for library "axis_mem_v1_0_3" is now "C:/AMDDesignTools/2025.2/Vivado/data/xsim/ip/axis_mem_v1_0_3"
INFO: [VRFC 10-8319] The Verilog library search path for library "axis_mem_v1_0_3" is now "C:/AMDDesignTools/2025.2/Vivado/data/xsim/ip/axis_mem_v1_0_3"
INFO: [VRFC 10-8707] VHDL library search path for library "axis_mu_v1_0_1" is now "C:/AMDDesignTools/2025.2/Vivado/data/xsim/ip/axis_mu_v1_0_1"
INFO: [VRFC 10-8319] The Verilog library search path for library "axis_mu_v1_0_1" is now "C:/AMDDesignTools/2025.2/Vivado/data/xsim/ip/axis_mu_v1_0_1"
INFO: [VRFC 10-8707] VHDL library search path for library "axis_protocol_checker_v2_0_19" is now "C:/AMDDesignTools/2025.2/Vivado/data/xsim/ip/axis_protocol_checker_v2_0_19"
INFO: [VRFC 10-8319] The Verilog library search path for library "axis_protocol_checker_v2_0_19" is now "C:/AMDDesignTools/2025.2/Vivado/data/xsim/ip/axis_protocol_checker_v2_0_19"
INFO: [VRFC 10-8707] VHDL library search path for library "blk_mem_gen_v8_3_7" is now "C:/AMDDesignTools/2025.2/Vivado/data/xsim/ip/blk_mem_gen_v8_3_7"
INFO: [VRFC 10-8319] The Verilog library search path for library "blk_mem_gen_v8_3_7" is now "C:/AMDDesignTools/2025.2/Vivado/data/xsim/ip/blk_mem_gen_v8_3_7"
INFO: [VRFC 10-8707] VHDL library search path for library "blk_mem_gen_v8_4_12" is now "C:/AMDDesignTools/2025.2/Vivado/data/xsim/ip/blk_mem_gen_v8_4_12"
INFO: [VRFC 10-8319] The Verilog library search path for library "blk_mem_gen_v8_4_12" is now "C:/AMDDesignTools/2025.2/Vivado/data/xsim/ip/blk_mem_gen_v8_4_12"
INFO: [VRFC 10-8707] VHDL library search path for library "bs_mux_v1_0_1" is now "C:/AMDDesignTools/2025.2/Vivado/data/xsim/ip/bs_mux_v1_0_1"
INFO: [VRFC 10-8319] The Verilog library search path for library "bs_mux_v1_0_1" is now "C:/AMDDesignTools/2025.2/Vivado/data/xsim/ip/bs_mux_v1_0_1"
INFO: [VRFC 10-8707] VHDL library search path for library "bscan_axi_v1_0_3" is now "C:/AMDDesignTools/2025.2/Vivado/data/xsim/ip/bscan_axi_v1_0_3"
INFO: [VRFC 10-8319] The Verilog library search path for library "bscan_axi_v1_0_3" is now "C:/AMDDesignTools/2025.2/Vivado/data/xsim/ip/bscan_axi_v1_0_3"
INFO: [VRFC 10-8707] VHDL library search path for library "bscan_jtag" is now "C:/AMDDesignTools/2025.2/Vivado/data/xsim/ip/bscan_jtag"
INFO: [VRFC 10-8319] The Verilog library search path for library "bscan_jtag" is now "C:/AMDDesignTools/2025.2/Vivado/data/xsim/ip/bscan_jtag"
INFO: [VRFC 10-8707] VHDL library search path for library "bsip_v1_1_1" is now "C:/AMDDesignTools/2025.2/Vivado/data/xsim/ip/bsip_v1_1_1"
INFO: [VRFC 10-8319] The Verilog library search path for library "bsip_v1_1_1" is now "C:/AMDDesignTools/2025.2/Vivado/data/xsim/ip/bsip_v1_1_1"
INFO: [VRFC 10-8707] VHDL library search path for library "cam_blk_lib_v1_4_0" is now "C:/AMDDesignTools/2025.2/Vivado/data/xsim/ip/cam_blk_lib_v1_4_0"
INFO: [VRFC 10-8319] The Verilog library search path for library "cam_blk_lib_v1_4_0" is now "C:/AMDDesignTools/2025.2/Vivado/data/xsim/ip/cam_blk_lib_v1_4_0"
INFO: [VRFC 10-8707] VHDL library search path for library "can_v5_1_7" is now "C:/AMDDesignTools/2025.2/Vivado/data/xsim/ip/can_v5_1_7"
INFO: [VRFC 10-8319] The Verilog library search path for library "can_v5_1_7" is now "C:/AMDDesignTools/2025.2/Vivado/data/xsim/ip/can_v5_1_7"
INFO: [VRFC 10-8707] VHDL library search path for library "canfd_v3_0_14" is now "C:/AMDDesignTools/2025.2/Vivado/data/xsim/ip/canfd_v3_0_14"
INFO: [VRFC 10-8319] The Verilog library search path for library "canfd_v3_0_14" is now "C:/AMDDesignTools/2025.2/Vivado/data/xsim/ip/canfd_v3_0_14"
INFO: [VRFC 10-8707] VHDL library search path for library "clk_gen_sim_v1_0_6" is now "C:/AMDDesignTools/2025.2/Vivado/data/xsim/ip/clk_gen_sim_v1_0_6"
INFO: [VRFC 10-8319] The Verilog library search path for library "clk_gen_sim_v1_0_6" is now "C:/AMDDesignTools/2025.2/Vivado/data/xsim/ip/clk_gen_sim_v1_0_6"
INFO: [VRFC 10-8707] VHDL library search path for library "clk_vip_v1_0_6" is now "C:/AMDDesignTools/2025.2/Vivado/data/xsim/ip/clk_vip_v1_0_6"
INFO: [VRFC 10-8319] The Verilog library search path for library "clk_vip_v1_0_6" is now "C:/AMDDesignTools/2025.2/Vivado/data/xsim/ip/clk_vip_v1_0_6"
INFO: [VRFC 10-8707] VHDL library search path for library "cmac_usplus_v3_1_24" is now "C:/AMDDesignTools/2025.2/Vivado/data/xsim/ip/cmac_usplus_v3_1_24"
INFO: [VRFC 10-8319] The Verilog library search path for library "cmac_usplus_v3_1_24" is now "C:/AMDDesignTools/2025.2/Vivado/data/xsim/ip/cmac_usplus_v3_1_24"
INFO: [VRFC 10-8707] VHDL library search path for library "cmac_v2_6_22" is now "C:/AMDDesignTools/2025.2/Vivado/data/xsim/ip/cmac_v2_6_22"
INFO: [VRFC 10-8319] The Verilog library search path for library "cmac_v2_6_22" is now "C:/AMDDesignTools/2025.2/Vivado/data/xsim/ip/cmac_v2_6_22"
INFO: [VRFC 10-8707] VHDL library search path for library "cpm4_v1_0_20" is now "C:/AMDDesignTools/2025.2/Vivado/data/xsim/ip/cpm4_v1_0_20"
INFO: [VRFC 10-8319] The Verilog library search path for library "cpm4_v1_0_20" is now "C:/AMDDesignTools/2025.2/Vivado/data/xsim/ip/cpm4_v1_0_20"
INFO: [VRFC 10-8707] VHDL library search path for library "cpm5_v1_0_20" is now "C:/AMDDesignTools/2025.2/Vivado/data/xsim/ip/cpm5_v1_0_20"
INFO: [VRFC 10-8319] The Verilog library search path for library "cpm5_v1_0_20" is now "C:/AMDDesignTools/2025.2/Vivado/data/xsim/ip/cpm5_v1_0_20"
INFO: [VRFC 10-8707] VHDL library search path for library "cpm5n_v1_0_12" is now "C:/AMDDesignTools/2025.2/Vivado/data/xsim/ip/cpm5n_v1_0_12"
INFO: [VRFC 10-8319] The Verilog library search path for library "cpm5n_v1_0_12" is now "C:/AMDDesignTools/2025.2/Vivado/data/xsim/ip/cpm5n_v1_0_12"
INFO: [VRFC 10-8707] VHDL library search path for library "cpm6_v1_0_5" is now "C:/AMDDesignTools/2025.2/Vivado/data/xsim/ip/cpm6_v1_0_5"
INFO: [VRFC 10-8319] The Verilog library search path for library "cpm6_v1_0_5" is now "C:/AMDDesignTools/2025.2/Vivado/data/xsim/ip/cpm6_v1_0_5"
INFO: [VRFC 10-8707] VHDL library search path for library "dcmac_v3_1_0" is now "C:/AMDDesignTools/2025.2/Vivado/data/xsim/ip/dcmac_v3_1_0"
INFO: [VRFC 10-8319] The Verilog library search path for library "dcmac_v3_1_0" is now "C:/AMDDesignTools/2025.2/Vivado/data/xsim/ip/dcmac_v3_1_0"
INFO: [VRFC 10-8707] VHDL library search path for library "ddr4_pl_phy_v1_0_3" is now "C:/AMDDesignTools/2025.2/Vivado/data/xsim/ip/ddr4_pl_phy_v1_0_3"
INFO: [VRFC 10-8319] The Verilog library search path for library "ddr4_pl_phy_v1_0_3" is now "C:/AMDDesignTools/2025.2/Vivado/data/xsim/ip/ddr4_pl_phy_v1_0_3"
INFO: [VRFC 10-8707] VHDL library search path for library "ddr4_pl_v1_0_20" is now "C:/AMDDesignTools/2025.2/Vivado/data/xsim/ip/ddr4_pl_v1_0_20"
INFO: [VRFC 10-8319] The Verilog library search path for library "ddr4_pl_v1_0_20" is now "C:/AMDDesignTools/2025.2/Vivado/data/xsim/ip/ddr4_pl_v1_0_20"
INFO: [VRFC 10-8707] VHDL library search path for library "displayport_v8_1_12" is now "C:/AMDDesignTools/2025.2/Vivado/data/xsim/ip/displayport_v8_1_12"
INFO: [VRFC 10-8319] The Verilog library search path for library "displayport_v8_1_12" is now "C:/AMDDesignTools/2025.2/Vivado/data/xsim/ip/displayport_v8_1_12"
INFO: [VRFC 10-8707] VHDL library search path for library "dist_mem_gen_v8_0_17" is now "C:/AMDDesignTools/2025.2/Vivado/data/xsim/ip/dist_mem_gen_v8_0_17"
INFO: [VRFC 10-8319] The Verilog library search path for library "dist_mem_gen_v8_0_17" is now "C:/AMDDesignTools/2025.2/Vivado/data/xsim/ip/dist_mem_gen_v8_0_17"
INFO: [VRFC 10-8707] VHDL library search path for library "ecc_v2_0_18" is now "C:/AMDDesignTools/2025.2/Vivado/data/xsim/ip/ecc_v2_0_18"
INFO: [VRFC 10-8319] The Verilog library search path for library "ecc_v2_0_18" is now "C:/AMDDesignTools/2025.2/Vivado/data/xsim/ip/ecc_v2_0_18"
INFO: [VRFC 10-8707] VHDL library search path for library "dp_videoaxi4s_bridge_v1_0_3" is now "C:/AMDDesignTools/2025.2/Vivado/data/xsim/ip/dp_videoaxi4s_bridge_v1_0_3"
INFO: [VRFC 10-8319] The Verilog library search path for library "dp_videoaxi4s_bridge_v1_0_3" is now "C:/AMDDesignTools/2025.2/Vivado/data/xsim/ip/dp_videoaxi4s_bridge_v1_0_3"
INFO: [VRFC 10-8707] VHDL library search path for library "dprx_fec_8b10b_v1_0_3" is now "C:/AMDDesignTools/2025.2/Vivado/data/xsim/ip/dprx_fec_8b10b_v1_0_3"
INFO: [VRFC 10-8319] The Verilog library search path for library "dprx_fec_8b10b_v1_0_3" is now "C:/AMDDesignTools/2025.2/Vivado/data/xsim/ip/dprx_fec_8b10b_v1_0_3"
INFO: [VRFC 10-8707] VHDL library search path for library "emb_fifo_gen_v1_0_7" is now "C:/AMDDesignTools/2025.2/Vivado/data/xsim/ip/emb_fifo_gen_v1_0_7"
INFO: [VRFC 10-8319] The Verilog library search path for library "emb_fifo_gen_v1_0_7" is now "C:/AMDDesignTools/2025.2/Vivado/data/xsim/ip/emb_fifo_gen_v1_0_7"
INFO: [VRFC 10-8707] VHDL library search path for library "emb_mem_gen_v1_0_11" is now "C:/AMDDesignTools/2025.2/Vivado/data/xsim/ip/emb_mem_gen_v1_0_11"
INFO: [VRFC 10-8319] The Verilog library search path for library "emb_mem_gen_v1_0_11" is now "C:/AMDDesignTools/2025.2/Vivado/data/xsim/ip/emb_mem_gen_v1_0_11"
INFO: [VRFC 10-8707] VHDL library search path for library "ernic_v4_3_0" is now "C:/AMDDesignTools/2025.2/Vivado/data/xsim/ip/ernic_v4_3_0"
INFO: [VRFC 10-8319] The Verilog library search path for library "ernic_v4_3_0" is now "C:/AMDDesignTools/2025.2/Vivado/data/xsim/ip/ernic_v4_3_0"
INFO: [VRFC 10-8707] VHDL library search path for library "ethernet_1_10_25g_v3_0_0" is now "C:/AMDDesignTools/2025.2/Vivado/data/xsim/ip/ethernet_1_10_25g_v3_0_0"
INFO: [VRFC 10-8319] The Verilog library search path for library "ethernet_1_10_25g_v3_0_0" is now "C:/AMDDesignTools/2025.2/Vivado/data/xsim/ip/ethernet_1_10_25g_v3_0_0"
INFO: [VRFC 10-8707] VHDL library search path for library "fast_adapter_v1_0_12" is now "C:/AMDDesignTools/2025.2/Vivado/data/xsim/ip/fast_adapter_v1_0_12"
INFO: [VRFC 10-8319] The Verilog library search path for library "fast_adapter_v1_0_12" is now "C:/AMDDesignTools/2025.2/Vivado/data/xsim/ip/fast_adapter_v1_0_12"
INFO: [VRFC 10-8707] VHDL library search path for library "fifo_generator_v13_0_7" is now "C:/AMDDesignTools/2025.2/Vivado/data/xsim/ip/fifo_generator_v13_0_7"
INFO: [VRFC 10-8319] The Verilog library search path for library "fifo_generator_v13_0_7" is now "C:/AMDDesignTools/2025.2/Vivado/data/xsim/ip/fifo_generator_v13_0_7"
INFO: [VRFC 10-8707] VHDL library search path for library "fifo_generator_v13_1_5" is now "C:/AMDDesignTools/2025.2/Vivado/data/xsim/ip/fifo_generator_v13_1_5"
INFO: [VRFC 10-8319] The Verilog library search path for library "fifo_generator_v13_1_5" is now "C:/AMDDesignTools/2025.2/Vivado/data/xsim/ip/fifo_generator_v13_1_5"
INFO: [VRFC 10-8707] VHDL library search path for library "fifo_generator_v13_2_14" is now "C:/AMDDesignTools/2025.2/Vivado/data/xsim/ip/fifo_generator_v13_2_14"
INFO: [VRFC 10-8319] The Verilog library search path for library "fifo_generator_v13_2_14" is now "C:/AMDDesignTools/2025.2/Vivado/data/xsim/ip/fifo_generator_v13_2_14"
INFO: [VRFC 10-8707] VHDL library search path for library "fit_timer_v2_0_13" is now "C:/AMDDesignTools/2025.2/Vivado/data/xsim/ip/fit_timer_v2_0_13"
INFO: [VRFC 10-8319] The Verilog library search path for library "fit_timer_v2_0_13" is now "C:/AMDDesignTools/2025.2/Vivado/data/xsim/ip/fit_timer_v2_0_13"
INFO: [VRFC 10-8707] VHDL library search path for library "generic_baseblocks_v2_1_2" is now "C:/AMDDesignTools/2025.2/Vivado/data/xsim/ip/generic_baseblocks_v2_1_2"
INFO: [VRFC 10-8319] The Verilog library search path for library "generic_baseblocks_v2_1_2" is now "C:/AMDDesignTools/2025.2/Vivado/data/xsim/ip/generic_baseblocks_v2_1_2"
INFO: [VRFC 10-8707] VHDL library search path for library "gig_ethernet_pcs_pma_v17_0_0" is now "C:/AMDDesignTools/2025.2/Vivado/data/xsim/ip/gig_ethernet_pcs_pma_v17_0_0"
INFO: [VRFC 10-8319] The Verilog library search path for library "gig_ethernet_pcs_pma_v17_0_0" is now "C:/AMDDesignTools/2025.2/Vivado/data/xsim/ip/gig_ethernet_pcs_pma_v17_0_0"
INFO: [VRFC 10-8707] VHDL library search path for library "gigantic_mux" is now "C:/AMDDesignTools/2025.2/Vivado/data/xsim/ip/gigantic_mux"
INFO: [VRFC 10-8319] The Verilog library search path for library "gigantic_mux" is now "C:/AMDDesignTools/2025.2/Vivado/data/xsim/ip/gigantic_mux"
INFO: [VRFC 10-8707] VHDL library search path for library "gmii_to_rgmii_v4_1_21" is now "C:/AMDDesignTools/2025.2/Vivado/data/xsim/ip/gmii_to_rgmii_v4_1_21"
INFO: [VRFC 10-8319] The Verilog library search path for library "gmii_to_rgmii_v4_1_21" is now "C:/AMDDesignTools/2025.2/Vivado/data/xsim/ip/gmii_to_rgmii_v4_1_21"
INFO: [VRFC 10-8707] VHDL library search path for library "gtwizard_ultrascale_v1_5_4" is now "C:/AMDDesignTools/2025.2/Vivado/data/xsim/ip/gtwizard_ultrascale_v1_5_4"
INFO: [VRFC 10-8319] The Verilog library search path for library "gtwizard_ultrascale_v1_5_4" is now "C:/AMDDesignTools/2025.2/Vivado/data/xsim/ip/gtwizard_ultrascale_v1_5_4"
INFO: [VRFC 10-8707] VHDL library search path for library "gtwizard_ultrascale_v1_6_18" is now "C:/AMDDesignTools/2025.2/Vivado/data/xsim/ip/gtwizard_ultrascale_v1_6_18"
INFO: [VRFC 10-8319] The Verilog library search path for library "gtwizard_ultrascale_v1_6_18" is now "C:/AMDDesignTools/2025.2/Vivado/data/xsim/ip/gtwizard_ultrascale_v1_6_18"
INFO: [VRFC 10-8707] VHDL library search path for library "gtwizard_ultrascale_v1_7_22" is now "C:/AMDDesignTools/2025.2/Vivado/data/xsim/ip/gtwizard_ultrascale_v1_7_22"
INFO: [VRFC 10-8319] The Verilog library search path for library "gtwizard_ultrascale_v1_7_22" is now "C:/AMDDesignTools/2025.2/Vivado/data/xsim/ip/gtwizard_ultrascale_v1_7_22"
INFO: [VRFC 10-8707] VHDL library search path for library "hdcp22_cipher_dp_v1_0_4" is now "C:/AMDDesignTools/2025.2/Vivado/data/xsim/ip/hdcp22_cipher_dp_v1_0_4"
INFO: [VRFC 10-8319] The Verilog library search path for library "hdcp22_cipher_dp_v1_0_4" is now "C:/AMDDesignTools/2025.2/Vivado/data/xsim/ip/hdcp22_cipher_dp_v1_0_4"
INFO: [VRFC 10-8707] VHDL library search path for library "hdcp22_cipher_v1_0_5" is now "C:/AMDDesignTools/2025.2/Vivado/data/xsim/ip/hdcp22_cipher_v1_0_5"
INFO: [VRFC 10-8319] The Verilog library search path for library "hdcp22_cipher_v1_0_5" is now "C:/AMDDesignTools/2025.2/Vivado/data/xsim/ip/hdcp22_cipher_v1_0_5"
INFO: [VRFC 10-8707] VHDL library search path for library "hdcp22_rng_v1_0_3" is now "C:/AMDDesignTools/2025.2/Vivado/data/xsim/ip/hdcp22_rng_v1_0_3"
INFO: [VRFC 10-8319] The Verilog library search path for library "hdcp22_rng_v1_0_3" is now "C:/AMDDesignTools/2025.2/Vivado/data/xsim/ip/hdcp22_rng_v1_0_3"
INFO: [VRFC 10-8707] VHDL library search path for library "hdcp_keymngmt_blk_v1_0_2" is now "C:/AMDDesignTools/2025.2/Vivado/data/xsim/ip/hdcp_keymngmt_blk_v1_0_2"
INFO: [VRFC 10-8319] The Verilog library search path for library "hdcp_keymngmt_blk_v1_0_2" is now "C:/AMDDesignTools/2025.2/Vivado/data/xsim/ip/hdcp_keymngmt_blk_v1_0_2"
INFO: [VRFC 10-8707] VHDL library search path for library "hdcp_v1_0_8" is now "C:/AMDDesignTools/2025.2/Vivado/data/xsim/ip/hdcp_v1_0_8"
INFO: [VRFC 10-8319] The Verilog library search path for library "hdcp_v1_0_8" is now "C:/AMDDesignTools/2025.2/Vivado/data/xsim/ip/hdcp_v1_0_8"
INFO: [VRFC 10-8707] VHDL library search path for library "hdmi_acr_ctrl_v1_0_3" is now "C:/AMDDesignTools/2025.2/Vivado/data/xsim/ip/hdmi_acr_ctrl_v1_0_3"
INFO: [VRFC 10-8319] The Verilog library search path for library "hdmi_acr_ctrl_v1_0_3" is now "C:/AMDDesignTools/2025.2/Vivado/data/xsim/ip/hdmi_acr_ctrl_v1_0_3"
INFO: [VRFC 10-8707] VHDL library search path for library "hdmi_gt_controller_v1_0_14" is now "C:/AMDDesignTools/2025.2/Vivado/data/xsim/ip/hdmi_gt_controller_v1_0_14"
INFO: [VRFC 10-8319] The Verilog library search path for library "hdmi_gt_controller_v1_0_14" is now "C:/AMDDesignTools/2025.2/Vivado/data/xsim/ip/hdmi_gt_controller_v1_0_14"
INFO: [VRFC 10-8707] VHDL library search path for library "hdmi_gt_controller_v2_0_2" is now "C:/AMDDesignTools/2025.2/Vivado/data/xsim/ip/hdmi_gt_controller_v2_0_2"
INFO: [VRFC 10-8319] The Verilog library search path for library "hdmi_gt_controller_v2_0_2" is now "C:/AMDDesignTools/2025.2/Vivado/data/xsim/ip/hdmi_gt_controller_v2_0_2"
INFO: [VRFC 10-8707] VHDL library search path for library "high_speed_selectio_wiz_v3_6_11" is now "C:/AMDDesignTools/2025.2/Vivado/data/xsim/ip/high_speed_selectio_wiz_v3_6_11"
INFO: [VRFC 10-8319] The Verilog library search path for library "high_speed_selectio_wiz_v3_6_11" is now "C:/AMDDesignTools/2025.2/Vivado/data/xsim/ip/high_speed_selectio_wiz_v3_6_11"
INFO: [VRFC 10-8707] VHDL library search path for library "hsdp_trace_v2_0_2" is now "C:/AMDDesignTools/2025.2/Vivado/data/xsim/ip/hsdp_trace_v2_0_2"
INFO: [VRFC 10-8319] The Verilog library search path for library "hsdp_trace_v2_0_2" is now "C:/AMDDesignTools/2025.2/Vivado/data/xsim/ip/hsdp_trace_v2_0_2"
INFO: [VRFC 10-8707] VHDL library search path for library "i2s_receiver_v1_0_10" is now "C:/AMDDesignTools/2025.2/Vivado/data/xsim/ip/i2s_receiver_v1_0_10"
INFO: [VRFC 10-8319] The Verilog library search path for library "i2s_receiver_v1_0_10" is now "C:/AMDDesignTools/2025.2/Vivado/data/xsim/ip/i2s_receiver_v1_0_10"
INFO: [VRFC 10-8707] VHDL library search path for library "i2s_transmitter_v1_0_10" is now "C:/AMDDesignTools/2025.2/Vivado/data/xsim/ip/i2s_transmitter_v1_0_10"
INFO: [VRFC 10-8319] The Verilog library search path for library "i2s_transmitter_v1_0_10" is now "C:/AMDDesignTools/2025.2/Vivado/data/xsim/ip/i2s_transmitter_v1_0_10"
INFO: [VRFC 10-8707] VHDL library search path for library "ibert_lib_v1_0_14" is now "C:/AMDDesignTools/2025.2/Vivado/data/xsim/ip/ibert_lib_v1_0_14"
INFO: [VRFC 10-8319] The Verilog library search path for library "ibert_lib_v1_0_14" is now "C:/AMDDesignTools/2025.2/Vivado/data/xsim/ip/ibert_lib_v1_0_14"
INFO: [VRFC 10-8707] VHDL library search path for library "ieee802d3_800g_rs_fec_v1_0_1" is now "C:/AMDDesignTools/2025.2/Vivado/data/xsim/ip/ieee802d3_800g_rs_fec_v1_0_1"
INFO: [VRFC 10-8319] The Verilog library search path for library "ieee802d3_800g_rs_fec_v1_0_1" is now "C:/AMDDesignTools/2025.2/Vivado/data/xsim/ip/ieee802d3_800g_rs_fec_v1_0_1"
INFO: [VRFC 10-8707] VHDL library search path for library "ieee802d3_clause74_fec_v1_0_22" is now "C:/AMDDesignTools/2025.2/Vivado/data/xsim/ip/ieee802d3_clause74_fec_v1_0_22"
INFO: [VRFC 10-8319] The Verilog library search path for library "ieee802d3_clause74_fec_v1_0_22" is now "C:/AMDDesignTools/2025.2/Vivado/data/xsim/ip/ieee802d3_clause74_fec_v1_0_22"
INFO: [VRFC 10-8707] VHDL library search path for library "ilknf_v2_0_0" is now "C:/AMDDesignTools/2025.2/Vivado/data/xsim/ip/ilknf_v2_0_0"
INFO: [VRFC 10-8319] The Verilog library search path for library "ilknf_v2_0_0" is now "C:/AMDDesignTools/2025.2/Vivado/data/xsim/ip/ilknf_v2_0_0"
INFO: [VRFC 10-8707] VHDL library search path for library "in_system_ibert_v1_0_26" is now "C:/AMDDesignTools/2025.2/Vivado/data/xsim/ip/in_system_ibert_v1_0_26"
INFO: [VRFC 10-8319] The Verilog library search path for library "in_system_ibert_v1_0_26" is now "C:/AMDDesignTools/2025.2/Vivado/data/xsim/ip/in_system_ibert_v1_0_26"
INFO: [VRFC 10-8707] VHDL library search path for library "interlaken_v2_4_22" is now "C:/AMDDesignTools/2025.2/Vivado/data/xsim/ip/interlaken_v2_4_22"
INFO: [VRFC 10-8319] The Verilog library search path for library "interlaken_v2_4_22" is now "C:/AMDDesignTools/2025.2/Vivado/data/xsim/ip/interlaken_v2_4_22"
INFO: [VRFC 10-8707] VHDL library search path for library "iomodule_v3_1_13" is now "C:/AMDDesignTools/2025.2/Vivado/data/xsim/ip/iomodule_v3_1_13"
INFO: [VRFC 10-8319] The Verilog library search path for library "iomodule_v3_1_13" is now "C:/AMDDesignTools/2025.2/Vivado/data/xsim/ip/iomodule_v3_1_13"
INFO: [VRFC 10-8707] VHDL library search path for library "jesd204c_v4_3_3" is now "C:/AMDDesignTools/2025.2/Vivado/data/xsim/ip/jesd204c_v4_3_3"
INFO: [VRFC 10-8319] The Verilog library search path for library "jesd204c_v4_3_3" is now "C:/AMDDesignTools/2025.2/Vivado/data/xsim/ip/jesd204c_v4_3_3"
INFO: [VRFC 10-8707] VHDL library search path for library "jtag_axi" is now "C:/AMDDesignTools/2025.2/Vivado/data/xsim/ip/jtag_axi"
INFO: [VRFC 10-8319] The Verilog library search path for library "jtag_axi" is now "C:/AMDDesignTools/2025.2/Vivado/data/xsim/ip/jtag_axi"
INFO: [VRFC 10-8707] VHDL library search path for library "l_ethernet_v4_0_0" is now "C:/AMDDesignTools/2025.2/Vivado/data/xsim/ip/l_ethernet_v4_0_0"
INFO: [VRFC 10-8319] The Verilog library search path for library "l_ethernet_v4_0_0" is now "C:/AMDDesignTools/2025.2/Vivado/data/xsim/ip/l_ethernet_v4_0_0"
INFO: [VRFC 10-8707] VHDL library search path for library "lmb_bram_if_cntlr_v4_0_27" is now "C:/AMDDesignTools/2025.2/Vivado/data/xsim/ip/lmb_bram_if_cntlr_v4_0_27"
INFO: [VRFC 10-8319] The Verilog library search path for library "lmb_bram_if_cntlr_v4_0_27" is now "C:/AMDDesignTools/2025.2/Vivado/data/xsim/ip/lmb_bram_if_cntlr_v4_0_27"
INFO: [VRFC 10-8707] VHDL library search path for library "lmb_v10_v3_0_16" is now "C:/AMDDesignTools/2025.2/Vivado/data/xsim/ip/lmb_v10_v3_0_16"
INFO: [VRFC 10-8319] The Verilog library search path for library "lmb_v10_v3_0_16" is now "C:/AMDDesignTools/2025.2/Vivado/data/xsim/ip/lmb_v10_v3_0_16"
INFO: [VRFC 10-8707] VHDL library search path for library "lpddrmc_sim_v1_0_0" is now "C:/AMDDesignTools/2025.2/Vivado/data/xsim/ip/lpddrmc_sim_v1_0_0"
INFO: [VRFC 10-8319] The Verilog library search path for library "lpddrmc_sim_v1_0_0" is now "C:/AMDDesignTools/2025.2/Vivado/data/xsim/ip/lpddrmc_sim_v1_0_0"
INFO: [VRFC 10-8707] VHDL library search path for library "ltlib_v1_0_3" is now "C:/AMDDesignTools/2025.2/Vivado/data/xsim/ip/ltlib_v1_0_3"
INFO: [VRFC 10-8319] The Verilog library search path for library "ltlib_v1_0_3" is now "C:/AMDDesignTools/2025.2/Vivado/data/xsim/ip/ltlib_v1_0_3"
INFO: [VRFC 10-8707] VHDL library search path for library "lut_buffer_v2_0_1" is now "C:/AMDDesignTools/2025.2/Vivado/data/xsim/ip/lut_buffer_v2_0_1"
INFO: [VRFC 10-8319] The Verilog library search path for library "lut_buffer_v2_0_1" is now "C:/AMDDesignTools/2025.2/Vivado/data/xsim/ip/lut_buffer_v2_0_1"
INFO: [VRFC 10-8707] VHDL library search path for library "mammoth_transcode_v1_0_2" is now "C:/AMDDesignTools/2025.2/Vivado/data/xsim/ip/mammoth_transcode_v1_0_2"
INFO: [VRFC 10-8319] The Verilog library search path for library "mammoth_transcode_v1_0_2" is now "C:/AMDDesignTools/2025.2/Vivado/data/xsim/ip/mammoth_transcode_v1_0_2"
INFO: [VRFC 10-8707] VHDL library search path for library "mem_pl_v1_0_2" is now "C:/AMDDesignTools/2025.2/Vivado/data/xsim/ip/mem_pl_v1_0_2"
INFO: [VRFC 10-8319] The Verilog library search path for library "mem_pl_v1_0_2" is now "C:/AMDDesignTools/2025.2/Vivado/data/xsim/ip/mem_pl_v1_0_2"
INFO: [VRFC 10-8707] VHDL library search path for library "microblaze_v11_0_16" is now "C:/AMDDesignTools/2025.2/Vivado/data/xsim/ip/microblaze_v11_0_16"
INFO: [VRFC 10-8319] The Verilog library search path for library "microblaze_v11_0_16" is now "C:/AMDDesignTools/2025.2/Vivado/data/xsim/ip/microblaze_v11_0_16"
INFO: [VRFC 10-8707] VHDL library search path for library "microblaze_v9_5_5" is now "C:/AMDDesignTools/2025.2/Vivado/data/xsim/ip/microblaze_v9_5_5"
INFO: [VRFC 10-8319] The Verilog library search path for library "microblaze_v9_5_5" is now "C:/AMDDesignTools/2025.2/Vivado/data/xsim/ip/microblaze_v9_5_5"
INFO: [VRFC 10-8707] VHDL library search path for library "mipi_csi2_rx_ctrl_v1_0_14" is now "C:/AMDDesignTools/2025.2/Vivado/data/xsim/ip/mipi_csi2_rx_ctrl_v1_0_14"
INFO: [VRFC 10-8319] The Verilog library search path for library "mipi_csi2_rx_ctrl_v1_0_14" is now "C:/AMDDesignTools/2025.2/Vivado/data/xsim/ip/mipi_csi2_rx_ctrl_v1_0_14"
INFO: [VRFC 10-8707] VHDL library search path for library "mipi_csi2_tx_ctrl_v1_0_6" is now "C:/AMDDesignTools/2025.2/Vivado/data/xsim/ip/mipi_csi2_tx_ctrl_v1_0_6"
INFO: [VRFC 10-8319] The Verilog library search path for library "mipi_csi2_tx_ctrl_v1_0_6" is now "C:/AMDDesignTools/2025.2/Vivado/data/xsim/ip/mipi_csi2_tx_ctrl_v1_0_6"
INFO: [VRFC 10-8707] VHDL library search path for library "mipi_dphy_v4_3_17" is now "C:/AMDDesignTools/2025.2/Vivado/data/xsim/ip/mipi_dphy_v4_3_17"
INFO: [VRFC 10-8319] The Verilog library search path for library "mipi_dphy_v4_3_17" is now "C:/AMDDesignTools/2025.2/Vivado/data/xsim/ip/mipi_dphy_v4_3_17"
INFO: [VRFC 10-8707] VHDL library search path for library "mipi_dsi2_rx_ctrl_v1_0_3" is now "C:/AMDDesignTools/2025.2/Vivado/data/xsim/ip/mipi_dsi2_rx_ctrl_v1_0_3"
INFO: [VRFC 10-8319] The Verilog library search path for library "mipi_dsi2_rx_ctrl_v1_0_3" is now "C:/AMDDesignTools/2025.2/Vivado/data/xsim/ip/mipi_dsi2_rx_ctrl_v1_0_3"
INFO: [VRFC 10-8707] VHDL library search path for library "mipi_dsi_tx_ctrl_v1_0_13" is now "C:/AMDDesignTools/2025.2/Vivado/data/xsim/ip/mipi_dsi_tx_ctrl_v1_0_13"
INFO: [VRFC 10-8319] The Verilog library search path for library "mipi_dsi_tx_ctrl_v1_0_13" is now "C:/AMDDesignTools/2025.2/Vivado/data/xsim/ip/mipi_dsi_tx_ctrl_v1_0_13"
INFO: [VRFC 10-8707] VHDL library search path for library "mipi_rx_phy_v1_0_6" is now "C:/AMDDesignTools/2025.2/Vivado/data/xsim/ip/mipi_rx_phy_v1_0_6"
INFO: [VRFC 10-8319] The Verilog library search path for library "mipi_rx_phy_v1_0_6" is now "C:/AMDDesignTools/2025.2/Vivado/data/xsim/ip/mipi_rx_phy_v1_0_6"
INFO: [VRFC 10-8707] VHDL library search path for library "mipi_tx_phy_v1_0_4" is now "C:/AMDDesignTools/2025.2/Vivado/data/xsim/ip/mipi_tx_phy_v1_0_4"
INFO: [VRFC 10-8319] The Verilog library search path for library "mipi_tx_phy_v1_0_4" is now "C:/AMDDesignTools/2025.2/Vivado/data/xsim/ip/mipi_tx_phy_v1_0_4"
INFO: [VRFC 10-8707] VHDL library search path for library "mmi_v1_0_4" is now "C:/AMDDesignTools/2025.2/Vivado/data/xsim/ip/mmi_v1_0_4"
INFO: [VRFC 10-8319] The Verilog library search path for library "mmi_v1_0_4" is now "C:/AMDDesignTools/2025.2/Vivado/data/xsim/ip/mmi_v1_0_4"
INFO: [VRFC 10-8707] VHDL library search path for library "mpram_v1_0_7" is now "C:/AMDDesignTools/2025.2/Vivado/data/xsim/ip/mpram_v1_0_7"
INFO: [VRFC 10-8319] The Verilog library search path for library "mpram_v1_0_7" is now "C:/AMDDesignTools/2025.2/Vivado/data/xsim/ip/mpram_v1_0_7"
INFO: [VRFC 10-8707] VHDL library search path for library "mrmac_v3_2_0" is now "C:/AMDDesignTools/2025.2/Vivado/data/xsim/ip/mrmac_v3_2_0"
INFO: [VRFC 10-8319] The Verilog library search path for library "mrmac_v3_2_0" is now "C:/AMDDesignTools/2025.2/Vivado/data/xsim/ip/mrmac_v3_2_0"
INFO: [VRFC 10-8707] VHDL library search path for library "multi_channel_25g_rs_fec_v1_0_33" is now "C:/AMDDesignTools/2025.2/Vivado/data/xsim/ip/multi_channel_25g_rs_fec_v1_0_33"
INFO: [VRFC 10-8319] The Verilog library search path for library "multi_channel_25g_rs_fec_v1_0_33" is now "C:/AMDDesignTools/2025.2/Vivado/data/xsim/ip/multi_channel_25g_rs_fec_v1_0_33"
INFO: [VRFC 10-8707] VHDL library search path for library "mutex_v2_1_16" is now "C:/AMDDesignTools/2025.2/Vivado/data/xsim/ip/mutex_v2_1_16"
INFO: [VRFC 10-8319] The Verilog library search path for library "mutex_v2_1_16" is now "C:/AMDDesignTools/2025.2/Vivado/data/xsim/ip/mutex_v2_1_16"
INFO: [VRFC 10-8707] VHDL library search path for library "noc2_nps6x_v1_0_0" is now "C:/AMDDesignTools/2025.2/Vivado/data/xsim/ip/noc2_nps6x_v1_0_0"
INFO: [VRFC 10-8319] The Verilog library search path for library "noc2_nps6x_v1_0_0" is now "C:/AMDDesignTools/2025.2/Vivado/data/xsim/ip/noc2_nps6x_v1_0_0"
INFO: [VRFC 10-8707] VHDL library search path for library "noc2_nps_v1_0_1" is now "C:/AMDDesignTools/2025.2/Vivado/data/xsim/ip/noc2_nps_v1_0_1"
INFO: [VRFC 10-8319] The Verilog library search path for library "noc2_nps_v1_0_1" is now "C:/AMDDesignTools/2025.2/Vivado/data/xsim/ip/noc2_nps_v1_0_1"
INFO: [VRFC 10-8707] VHDL library search path for library "sem_v4_1_17" is now "C:/AMDDesignTools/2025.2/Vivado/data/xsim/ip/sem_v4_1_17"
INFO: [VRFC 10-8319] The Verilog library search path for library "sem_v4_1_17" is now "C:/AMDDesignTools/2025.2/Vivado/data/xsim/ip/sem_v4_1_17"
INFO: [VRFC 10-8707] VHDL library search path for library "noc2_xbr2x4_v1_0_0" is now "C:/AMDDesignTools/2025.2/Vivado/data/xsim/ip/noc2_xbr2x4_v1_0_0"
INFO: [VRFC 10-8319] The Verilog library search path for library "noc2_xbr2x4_v1_0_0" is now "C:/AMDDesignTools/2025.2/Vivado/data/xsim/ip/noc2_xbr2x4_v1_0_0"
INFO: [VRFC 10-8707] VHDL library search path for library "noc2_xbr4x2_v1_0_0" is now "C:/AMDDesignTools/2025.2/Vivado/data/xsim/ip/noc2_xbr4x2_v1_0_0"
INFO: [VRFC 10-8319] The Verilog library search path for library "noc2_xbr4x2_v1_0_0" is now "C:/AMDDesignTools/2025.2/Vivado/data/xsim/ip/noc2_xbr4x2_v1_0_0"
INFO: [VRFC 10-8707] VHDL library search path for library "noc_hbm_v1_0_2" is now "C:/AMDDesignTools/2025.2/Vivado/data/xsim/ip/noc_hbm_v1_0_2"
INFO: [VRFC 10-8319] The Verilog library search path for library "noc_hbm_v1_0_2" is now "C:/AMDDesignTools/2025.2/Vivado/data/xsim/ip/noc_hbm_v1_0_2"
INFO: [VRFC 10-8707] VHDL library search path for library "noc_mc_ddr5_phy_v1_0_3" is now "C:/AMDDesignTools/2025.2/Vivado/data/xsim/ip/noc_mc_ddr5_phy_v1_0_3"
INFO: [VRFC 10-8319] The Verilog library search path for library "noc_mc_ddr5_phy_v1_0_3" is now "C:/AMDDesignTools/2025.2/Vivado/data/xsim/ip/noc_mc_ddr5_phy_v1_0_3"
INFO: [VRFC 10-8707] VHDL library search path for library "noc_ncrb_v1_0_0" is now "C:/AMDDesignTools/2025.2/Vivado/data/xsim/ip/noc_ncrb_v1_0_0"
INFO: [VRFC 10-8319] The Verilog library search path for library "noc_ncrb_v1_0_0" is now "C:/AMDDesignTools/2025.2/Vivado/data/xsim/ip/noc_ncrb_v1_0_0"
INFO: [VRFC 10-8707] VHDL library search path for library "noc_nidb_v1_0_0" is now "C:/AMDDesignTools/2025.2/Vivado/data/xsim/ip/noc_nidb_v1_0_0"
INFO: [VRFC 10-8319] The Verilog library search path for library "noc_nidb_v1_0_0" is now "C:/AMDDesignTools/2025.2/Vivado/data/xsim/ip/noc_nidb_v1_0_0"
INFO: [VRFC 10-8707] VHDL library search path for library "noc_npp_rptr_v1_0_0" is now "C:/AMDDesignTools/2025.2/Vivado/data/xsim/ip/noc_npp_rptr_v1_0_0"
INFO: [VRFC 10-8319] The Verilog library search path for library "noc_npp_rptr_v1_0_0" is now "C:/AMDDesignTools/2025.2/Vivado/data/xsim/ip/noc_npp_rptr_v1_0_0"
INFO: [VRFC 10-8707] VHDL library search path for library "noc_nps4_v1_0_0" is now "C:/AMDDesignTools/2025.2/Vivado/data/xsim/ip/noc_nps4_v1_0_0"
INFO: [VRFC 10-8319] The Verilog library search path for library "noc_nps4_v1_0_0" is now "C:/AMDDesignTools/2025.2/Vivado/data/xsim/ip/noc_nps4_v1_0_0"
INFO: [VRFC 10-8707] VHDL library search path for library "noc_nps6_v1_0_0" is now "C:/AMDDesignTools/2025.2/Vivado/data/xsim/ip/noc_nps6_v1_0_0"
INFO: [VRFC 10-8319] The Verilog library search path for library "noc_nps6_v1_0_0" is now "C:/AMDDesignTools/2025.2/Vivado/data/xsim/ip/noc_nps6_v1_0_0"
INFO: [VRFC 10-8707] VHDL library search path for library "noc_nps_v1_0_2" is now "C:/AMDDesignTools/2025.2/Vivado/data/xsim/ip/noc_nps_v1_0_2"
INFO: [VRFC 10-8319] The Verilog library search path for library "noc_nps_v1_0_2" is now "C:/AMDDesignTools/2025.2/Vivado/data/xsim/ip/noc_nps_v1_0_2"
INFO: [VRFC 10-8707] VHDL library search path for library "nvme_tc_v3_0_10" is now "C:/AMDDesignTools/2025.2/Vivado/data/xsim/ip/nvme_tc_v3_0_10"
INFO: [VRFC 10-8319] The Verilog library search path for library "nvme_tc_v3_0_10" is now "C:/AMDDesignTools/2025.2/Vivado/data/xsim/ip/nvme_tc_v3_0_10"
INFO: [VRFC 10-8707] VHDL library search path for library "nvmeha_v1_0_16" is now "C:/AMDDesignTools/2025.2/Vivado/data/xsim/ip/nvmeha_v1_0_16"
INFO: [VRFC 10-8319] The Verilog library search path for library "nvmeha_v1_0_16" is now "C:/AMDDesignTools/2025.2/Vivado/data/xsim/ip/nvmeha_v1_0_16"
INFO: [VRFC 10-8707] VHDL library search path for library "oddr_v1_0_5" is now "C:/AMDDesignTools/2025.2/Vivado/data/xsim/ip/oddr_v1_0_5"
INFO: [VRFC 10-8319] The Verilog library search path for library "oddr_v1_0_5" is now "C:/AMDDesignTools/2025.2/Vivado/data/xsim/ip/oddr_v1_0_5"
INFO: [VRFC 10-8707] VHDL library search path for library "oran_radio_if_v3_2_3" is now "C:/AMDDesignTools/2025.2/Vivado/data/xsim/ip/oran_radio_if_v3_2_3"
INFO: [VRFC 10-8319] The Verilog library search path for library "oran_radio_if_v3_2_3" is now "C:/AMDDesignTools/2025.2/Vivado/data/xsim/ip/oran_radio_if_v3_2_3"
INFO: [VRFC 10-8707] VHDL library search path for library "parallel_fft_v1_0_0" is now "C:/AMDDesignTools/2025.2/Vivado/data/xsim/ip/parallel_fft_v1_0_0"
INFO: [VRFC 10-8319] The Verilog library search path for library "parallel_fft_v1_0_0" is now "C:/AMDDesignTools/2025.2/Vivado/data/xsim/ip/parallel_fft_v1_0_0"
INFO: [VRFC 10-8707] VHDL library search path for library "pc_cfr_v8_0_5" is now "C:/AMDDesignTools/2025.2/Vivado/data/xsim/ip/pc_cfr_v8_0_5"
INFO: [VRFC 10-8319] The Verilog library search path for library "pc_cfr_v8_0_5" is now "C:/AMDDesignTools/2025.2/Vivado/data/xsim/ip/pc_cfr_v8_0_5"
INFO: [VRFC 10-8707] VHDL library search path for library "pci32_v5_0_14" is now "C:/AMDDesignTools/2025.2/Vivado/data/xsim/ip/pci32_v5_0_14"
INFO: [VRFC 10-8319] The Verilog library search path for library "pci32_v5_0_14" is now "C:/AMDDesignTools/2025.2/Vivado/data/xsim/ip/pci32_v5_0_14"
INFO: [VRFC 10-8707] VHDL library search path for library "pci64_v5_0_13" is now "C:/AMDDesignTools/2025.2/Vivado/data/xsim/ip/pci64_v5_0_13"
INFO: [VRFC 10-8319] The Verilog library search path for library "pci64_v5_0_13" is now "C:/AMDDesignTools/2025.2/Vivado/data/xsim/ip/pci64_v5_0_13"
INFO: [VRFC 10-8707] VHDL library search path for library "pcie_jtag_v1_0_1" is now "C:/AMDDesignTools/2025.2/Vivado/data/xsim/ip/pcie_jtag_v1_0_1"
INFO: [VRFC 10-8319] The Verilog library search path for library "pcie_jtag_v1_0_1" is now "C:/AMDDesignTools/2025.2/Vivado/data/xsim/ip/pcie_jtag_v1_0_1"
INFO: [VRFC 10-8707] VHDL library search path for library "pcie_qdma_mailbox_v1_0_11" is now "C:/AMDDesignTools/2025.2/Vivado/data/xsim/ip/pcie_qdma_mailbox_v1_0_11"
INFO: [VRFC 10-8319] The Verilog library search path for library "pcie_qdma_mailbox_v1_0_11" is now "C:/AMDDesignTools/2025.2/Vivado/data/xsim/ip/pcie_qdma_mailbox_v1_0_11"
INFO: [VRFC 10-8707] VHDL library search path for library "picxo_fracxo_v2_0_4" is now "C:/AMDDesignTools/2025.2/Vivado/data/xsim/ip/picxo_fracxo_v2_0_4"
INFO: [VRFC 10-8319] The Verilog library search path for library "picxo_fracxo_v2_0_4" is now "C:/AMDDesignTools/2025.2/Vivado/data/xsim/ip/picxo_fracxo_v2_0_4"
INFO: [VRFC 10-8707] VHDL library search path for library "pr_decoupler_v1_0_12" is now "C:/AMDDesignTools/2025.2/Vivado/data/xsim/ip/pr_decoupler_v1_0_12"
INFO: [VRFC 10-8319] The Verilog library search path for library "pr_decoupler_v1_0_12" is now "C:/AMDDesignTools/2025.2/Vivado/data/xsim/ip/pr_decoupler_v1_0_12"
INFO: [VRFC 10-8707] VHDL library search path for library "proc_sys_reset_v5_0_17" is now "C:/AMDDesignTools/2025.2/Vivado/data/xsim/ip/proc_sys_reset_v5_0_17"
INFO: [VRFC 10-8319] The Verilog library search path for library "proc_sys_reset_v5_0_17" is now "C:/AMDDesignTools/2025.2/Vivado/data/xsim/ip/proc_sys_reset_v5_0_17"
INFO: [VRFC 10-8707] VHDL library search path for library "processing_system7_v5_5_6" is now "C:/AMDDesignTools/2025.2/Vivado/data/xsim/ip/processing_system7_v5_5_6"
INFO: [VRFC 10-8319] The Verilog library search path for library "processing_system7_v5_5_6" is now "C:/AMDDesignTools/2025.2/Vivado/data/xsim/ip/processing_system7_v5_5_6"
INFO: [VRFC 10-8707] VHDL library search path for library "psdpdc_av_pat_gen_v2_0_0" is now "C:/AMDDesignTools/2025.2/Vivado/data/xsim/ip/psdpdc_av_pat_gen_v2_0_0"
INFO: [VRFC 10-8319] The Verilog library search path for library "psdpdc_av_pat_gen_v2_0_0" is now "C:/AMDDesignTools/2025.2/Vivado/data/xsim/ip/psdpdc_av_pat_gen_v2_0_0"
INFO: [VRFC 10-8707] VHDL library search path for library "psdpdc_i2s_transmitter_v1_0_10" is now "C:/AMDDesignTools/2025.2/Vivado/data/xsim/ip/psdpdc_i2s_transmitter_v1_0_10"
INFO: [VRFC 10-8319] The Verilog library search path for library "psdpdc_i2s_transmitter_v1_0_10" is now "C:/AMDDesignTools/2025.2/Vivado/data/xsim/ip/psdpdc_i2s_transmitter_v1_0_10"
INFO: [VRFC 10-8707] VHDL library search path for library "ptp_1588_timer_syncer_v2_0_8" is now "C:/AMDDesignTools/2025.2/Vivado/data/xsim/ip/ptp_1588_timer_syncer_v2_0_8"
INFO: [VRFC 10-8319] The Verilog library search path for library "ptp_1588_timer_syncer_v2_0_8" is now "C:/AMDDesignTools/2025.2/Vivado/data/xsim/ip/ptp_1588_timer_syncer_v2_0_8"
INFO: [VRFC 10-8707] VHDL library search path for library "qdma_v5_1_2" is now "C:/AMDDesignTools/2025.2/Vivado/data/xsim/ip/qdma_v5_1_2"
INFO: [VRFC 10-8319] The Verilog library search path for library "qdma_v5_1_2" is now "C:/AMDDesignTools/2025.2/Vivado/data/xsim/ip/qdma_v5_1_2"
INFO: [VRFC 10-8707] VHDL library search path for library "qdriv_pl_v1_0_19" is now "C:/AMDDesignTools/2025.2/Vivado/data/xsim/ip/qdriv_pl_v1_0_19"
INFO: [VRFC 10-8319] The Verilog library search path for library "qdriv_pl_v1_0_19" is now "C:/AMDDesignTools/2025.2/Vivado/data/xsim/ip/qdriv_pl_v1_0_19"
INFO: [VRFC 10-8707] VHDL library search path for library "rama_v1_1_22_lib" is now "C:/AMDDesignTools/2025.2/Vivado/data/xsim/ip/rama_v1_1_22_lib"
INFO: [VRFC 10-8319] The Verilog library search path for library "rama_v1_1_22_lib" is now "C:/AMDDesignTools/2025.2/Vivado/data/xsim/ip/rama_v1_1_22_lib"
INFO: [VRFC 10-8707] VHDL library search path for library "rfadce5_wrapper_v1_0_0" is now "C:/AMDDesignTools/2025.2/Vivado/data/xsim/ip/rfadce5_wrapper_v1_0_0"
INFO: [VRFC 10-8319] The Verilog library search path for library "rfadce5_wrapper_v1_0_0" is now "C:/AMDDesignTools/2025.2/Vivado/data/xsim/ip/rfadce5_wrapper_v1_0_0"
INFO: [VRFC 10-8707] VHDL library search path for library "rfdace5_wrapper_v1_0_0" is now "C:/AMDDesignTools/2025.2/Vivado/data/xsim/ip/rfdace5_wrapper_v1_0_0"
INFO: [VRFC 10-8319] The Verilog library search path for library "rfdace5_wrapper_v1_0_0" is now "C:/AMDDesignTools/2025.2/Vivado/data/xsim/ip/rfdace5_wrapper_v1_0_0"
INFO: [VRFC 10-8707] VHDL library search path for library "rld3_pl_phy_v1_0_2" is now "C:/AMDDesignTools/2025.2/Vivado/data/xsim/ip/rld3_pl_phy_v1_0_2"
INFO: [VRFC 10-8319] The Verilog library search path for library "rld3_pl_phy_v1_0_2" is now "C:/AMDDesignTools/2025.2/Vivado/data/xsim/ip/rld3_pl_phy_v1_0_2"
INFO: [VRFC 10-8707] VHDL library search path for library "rld3_pl_v1_0_20" is now "C:/AMDDesignTools/2025.2/Vivado/data/xsim/ip/rld3_pl_v1_0_20"
INFO: [VRFC 10-8319] The Verilog library search path for library "rld3_pl_v1_0_20" is now "C:/AMDDesignTools/2025.2/Vivado/data/xsim/ip/rld3_pl_v1_0_20"
INFO: [VRFC 10-8707] VHDL library search path for library "roe_framer_v3_0_11" is now "C:/AMDDesignTools/2025.2/Vivado/data/xsim/ip/roe_framer_v3_0_11"
INFO: [VRFC 10-8319] The Verilog library search path for library "roe_framer_v3_0_11" is now "C:/AMDDesignTools/2025.2/Vivado/data/xsim/ip/roe_framer_v3_0_11"
INFO: [VRFC 10-8707] VHDL library search path for library "rst_vip_v1_0_8" is now "C:/AMDDesignTools/2025.2/Vivado/data/xsim/ip/rst_vip_v1_0_8"
INFO: [VRFC 10-8319] The Verilog library search path for library "rst_vip_v1_0_8" is now "C:/AMDDesignTools/2025.2/Vivado/data/xsim/ip/rst_vip_v1_0_8"
INFO: [VRFC 10-8707] VHDL library search path for library "smartconnect_v1_0" is now "C:/AMDDesignTools/2025.2/Vivado/data/xsim/ip/smartconnect_v1_0"
INFO: [VRFC 10-8319] The Verilog library search path for library "smartconnect_v1_0" is now "C:/AMDDesignTools/2025.2/Vivado/data/xsim/ip/smartconnect_v1_0"
INFO: [VRFC 10-8707] VHDL library search path for library "sem_ultra_v3_1_29" is now "C:/AMDDesignTools/2025.2/Vivado/data/xsim/ip/sem_ultra_v3_1_29"
INFO: [VRFC 10-8319] The Verilog library search path for library "sem_ultra_v3_1_29" is now "C:/AMDDesignTools/2025.2/Vivado/data/xsim/ip/sem_ultra_v3_1_29"
INFO: [VRFC 10-8707] VHDL library search path for library "shell_utils_msp432_bsl_crc_gen_v1_0_2" is now "C:/AMDDesignTools/2025.2/Vivado/data/xsim/ip/shell_utils_msp432_bsl_crc_gen_v1_0_2"
INFO: [VRFC 10-8319] The Verilog library search path for library "shell_utils_msp432_bsl_crc_gen_v1_0_2" is now "C:/AMDDesignTools/2025.2/Vivado/data/xsim/ip/shell_utils_msp432_bsl_crc_gen_v1_0_2"
INFO: [VRFC 10-8707] VHDL library search path for library "sim_clk_gen_v1_0_6" is now "C:/AMDDesignTools/2025.2/Vivado/data/xsim/ip/sim_clk_gen_v1_0_6"
INFO: [VRFC 10-8319] The Verilog library search path for library "sim_clk_gen_v1_0_6" is now "C:/AMDDesignTools/2025.2/Vivado/data/xsim/ip/sim_clk_gen_v1_0_6"
INFO: [VRFC 10-8707] VHDL library search path for library "sim_trig_v1_0_17" is now "C:/AMDDesignTools/2025.2/Vivado/data/xsim/ip/sim_trig_v1_0_17"
INFO: [VRFC 10-8319] The Verilog library search path for library "sim_trig_v1_0_17" is now "C:/AMDDesignTools/2025.2/Vivado/data/xsim/ip/sim_trig_v1_0_17"
INFO: [VRFC 10-8707] VHDL library search path for library "stm_v1_0" is now "C:/AMDDesignTools/2025.2/Vivado/data/xsim/ip/stm_v1_0"
INFO: [VRFC 10-8319] The Verilog library search path for library "stm_v1_0" is now "C:/AMDDesignTools/2025.2/Vivado/data/xsim/ip/stm_v1_0"
INFO: [VRFC 10-8707] VHDL library search path for library "system_cache_v5_0_13" is now "C:/AMDDesignTools/2025.2/Vivado/data/xsim/ip/system_cache_v5_0_13"
INFO: [VRFC 10-8319] The Verilog library search path for library "system_cache_v5_0_13" is now "C:/AMDDesignTools/2025.2/Vivado/data/xsim/ip/system_cache_v5_0_13"
INFO: [VRFC 10-8707] VHDL library search path for library "ta_dma_v1_0_20" is now "C:/AMDDesignTools/2025.2/Vivado/data/xsim/ip/ta_dma_v1_0_20"
INFO: [VRFC 10-8319] The Verilog library search path for library "ta_dma_v1_0_20" is now "C:/AMDDesignTools/2025.2/Vivado/data/xsim/ip/ta_dma_v1_0_20"
INFO: [VRFC 10-8707] VHDL library search path for library "ten_gig_eth_mac_v15_1_15" is now "C:/AMDDesignTools/2025.2/Vivado/data/xsim/ip/ten_gig_eth_mac_v15_1_15"
INFO: [VRFC 10-8319] The Verilog library search path for library "ten_gig_eth_mac_v15_1_15" is now "C:/AMDDesignTools/2025.2/Vivado/data/xsim/ip/ten_gig_eth_mac_v15_1_15"
INFO: [VRFC 10-8707] VHDL library search path for library "ten_gig_eth_pcs_pma_v6_0_32" is now "C:/AMDDesignTools/2025.2/Vivado/data/xsim/ip/ten_gig_eth_pcs_pma_v6_0_32"
INFO: [VRFC 10-8319] The Verilog library search path for library "ten_gig_eth_pcs_pma_v6_0_32" is now "C:/AMDDesignTools/2025.2/Vivado/data/xsim/ip/ten_gig_eth_pcs_pma_v6_0_32"
INFO: [VRFC 10-8707] VHDL library search path for library "timer_sync_1588_v1_2_5" is now "C:/AMDDesignTools/2025.2/Vivado/data/xsim/ip/timer_sync_1588_v1_2_5"
INFO: [VRFC 10-8319] The Verilog library search path for library "timer_sync_1588_v1_2_5" is now "C:/AMDDesignTools/2025.2/Vivado/data/xsim/ip/timer_sync_1588_v1_2_5"
INFO: [VRFC 10-8707] VHDL library search path for library "tmr_inject_v1_0_9" is now "C:/AMDDesignTools/2025.2/Vivado/data/xsim/ip/tmr_inject_v1_0_9"
INFO: [VRFC 10-8319] The Verilog library search path for library "tmr_inject_v1_0_9" is now "C:/AMDDesignTools/2025.2/Vivado/data/xsim/ip/tmr_inject_v1_0_9"
INFO: [VRFC 10-8707] VHDL library search path for library "tmr_manager_v1_0_15" is now "C:/AMDDesignTools/2025.2/Vivado/data/xsim/ip/tmr_manager_v1_0_15"
INFO: [VRFC 10-8319] The Verilog library search path for library "tmr_manager_v1_0_15" is now "C:/AMDDesignTools/2025.2/Vivado/data/xsim/ip/tmr_manager_v1_0_15"
INFO: [VRFC 10-8707] VHDL library search path for library "tmr_voter_v1_0_9" is now "C:/AMDDesignTools/2025.2/Vivado/data/xsim/ip/tmr_voter_v1_0_9"
INFO: [VRFC 10-8319] The Verilog library search path for library "tmr_voter_v1_0_9" is now "C:/AMDDesignTools/2025.2/Vivado/data/xsim/ip/tmr_voter_v1_0_9"
INFO: [VRFC 10-8707] VHDL library search path for library "trace_hub_v1_1_0" is now "C:/AMDDesignTools/2025.2/Vivado/data/xsim/ip/trace_hub_v1_1_0"
INFO: [VRFC 10-8319] The Verilog library search path for library "trace_hub_v1_1_0" is now "C:/AMDDesignTools/2025.2/Vivado/data/xsim/ip/trace_hub_v1_1_0"
INFO: [VRFC 10-8707] VHDL library search path for library "trace_s2mm_v2_0_1" is now "C:/AMDDesignTools/2025.2/Vivado/data/xsim/ip/trace_s2mm_v2_0_1"
INFO: [VRFC 10-8319] The Verilog library search path for library "trace_s2mm_v2_0_1" is now "C:/AMDDesignTools/2025.2/Vivado/data/xsim/ip/trace_s2mm_v2_0_1"
INFO: [VRFC 10-8707] VHDL library search path for library "tsn_endpoint_ethernet_mac_block_v2_0_0" is now "C:/AMDDesignTools/2025.2/Vivado/data/xsim/ip/tsn_endpoint_ethernet_mac_block_v2_0_0"
INFO: [VRFC 10-8319] The Verilog library search path for library "tsn_endpoint_ethernet_mac_block_v2_0_0" is now "C:/AMDDesignTools/2025.2/Vivado/data/xsim/ip/tsn_endpoint_ethernet_mac_block_v2_0_0"
INFO: [VRFC 10-8707] VHDL library search path for library "uhdsdi_gt_v2_1_8" is now "C:/AMDDesignTools/2025.2/Vivado/data/xsim/ip/uhdsdi_gt_v2_1_8"
INFO: [VRFC 10-8319] The Verilog library search path for library "uhdsdi_gt_v2_1_8" is now "C:/AMDDesignTools/2025.2/Vivado/data/xsim/ip/uhdsdi_gt_v2_1_8"
INFO: [VRFC 10-8707] VHDL library search path for library "uhdsdi_gt_v2_2_3" is now "C:/AMDDesignTools/2025.2/Vivado/data/xsim/ip/uhdsdi_gt_v2_2_3"
INFO: [VRFC 10-8319] The Verilog library search path for library "uhdsdi_gt_v2_2_3" is now "C:/AMDDesignTools/2025.2/Vivado/data/xsim/ip/uhdsdi_gt_v2_2_3"
INFO: [VRFC 10-8707] VHDL library search path for library "uram_rd_back_v1_0_6" is now "C:/AMDDesignTools/2025.2/Vivado/data/xsim/ip/uram_rd_back_v1_0_6"
INFO: [VRFC 10-8319] The Verilog library search path for library "uram_rd_back_v1_0_6" is now "C:/AMDDesignTools/2025.2/Vivado/data/xsim/ip/uram_rd_back_v1_0_6"
INFO: [VRFC 10-8707] VHDL library search path for library "dbg_intf" is now "C:/AMDDesignTools/2025.2/Vivado/data/xsim/ip/dbg_intf"
INFO: [VRFC 10-8319] The Verilog library search path for library "dbg_intf" is now "C:/AMDDesignTools/2025.2/Vivado/data/xsim/ip/dbg_intf"
INFO: [VRFC 10-8707] VHDL library search path for library "usxgmii_v2_0_2" is now "C:/AMDDesignTools/2025.2/Vivado/data/xsim/ip/usxgmii_v2_0_2"
INFO: [VRFC 10-8319] The Verilog library search path for library "usxgmii_v2_0_2" is now "C:/AMDDesignTools/2025.2/Vivado/data/xsim/ip/usxgmii_v2_0_2"
INFO: [VRFC 10-8707] VHDL library search path for library "util_ff_v1_0_6" is now "C:/AMDDesignTools/2025.2/Vivado/data/xsim/ip/util_ff_v1_0_6"
INFO: [VRFC 10-8319] The Verilog library search path for library "util_ff_v1_0_6" is now "C:/AMDDesignTools/2025.2/Vivado/data/xsim/ip/util_ff_v1_0_6"
INFO: [VRFC 10-8707] VHDL library search path for library "util_idelay_ctrl_v1_0_5" is now "C:/AMDDesignTools/2025.2/Vivado/data/xsim/ip/util_idelay_ctrl_v1_0_5"
INFO: [VRFC 10-8319] The Verilog library search path for library "util_idelay_ctrl_v1_0_5" is now "C:/AMDDesignTools/2025.2/Vivado/data/xsim/ip/util_idelay_ctrl_v1_0_5"
INFO: [VRFC 10-8707] VHDL library search path for library "util_reduced_logic_v2_0_7" is now "C:/AMDDesignTools/2025.2/Vivado/data/xsim/ip/util_reduced_logic_v2_0_7"
INFO: [VRFC 10-8319] The Verilog library search path for library "util_reduced_logic_v2_0_7" is now "C:/AMDDesignTools/2025.2/Vivado/data/xsim/ip/util_reduced_logic_v2_0_7"
INFO: [VRFC 10-8707] VHDL library search path for library "util_vector_logic_v2_0_5" is now "C:/AMDDesignTools/2025.2/Vivado/data/xsim/ip/util_vector_logic_v2_0_5"
INFO: [VRFC 10-8319] The Verilog library search path for library "util_vector_logic_v2_0_5" is now "C:/AMDDesignTools/2025.2/Vivado/data/xsim/ip/util_vector_logic_v2_0_5"
INFO: [VRFC 10-8707] VHDL library search path for library "v_axi4s_remap_v1_1_16" is now "C:/AMDDesignTools/2025.2/Vivado/data/xsim/ip/v_axi4s_remap_v1_1_16"
INFO: [VRFC 10-8319] The Verilog library search path for library "v_axi4s_remap_v1_1_16" is now "C:/AMDDesignTools/2025.2/Vivado/data/xsim/ip/v_axi4s_remap_v1_1_16"
INFO: [VRFC 10-8707] VHDL library search path for library "v_csc_v1_1_16" is now "C:/AMDDesignTools/2025.2/Vivado/data/xsim/ip/v_csc_v1_1_16"
INFO: [VRFC 10-8319] The Verilog library search path for library "v_csc_v1_1_16" is now "C:/AMDDesignTools/2025.2/Vivado/data/xsim/ip/v_csc_v1_1_16"
INFO: [VRFC 10-8707] VHDL library search path for library "v_deinterlacer_v5_1_9" is now "C:/AMDDesignTools/2025.2/Vivado/data/xsim/ip/v_deinterlacer_v5_1_9"
INFO: [VRFC 10-8319] The Verilog library search path for library "v_deinterlacer_v5_1_9" is now "C:/AMDDesignTools/2025.2/Vivado/data/xsim/ip/v_deinterlacer_v5_1_9"
INFO: [VRFC 10-8707] VHDL library search path for library "v_demosaic_v1_1_17" is now "C:/AMDDesignTools/2025.2/Vivado/data/xsim/ip/v_demosaic_v1_1_17"
INFO: [VRFC 10-8319] The Verilog library search path for library "v_demosaic_v1_1_17" is now "C:/AMDDesignTools/2025.2/Vivado/data/xsim/ip/v_demosaic_v1_1_17"
INFO: [VRFC 10-8707] VHDL library search path for library "v_frmbuf_rd_v2_2_14" is now "C:/AMDDesignTools/2025.2/Vivado/data/xsim/ip/v_frmbuf_rd_v2_2_14"
INFO: [VRFC 10-8319] The Verilog library search path for library "v_frmbuf_rd_v2_2_14" is now "C:/AMDDesignTools/2025.2/Vivado/data/xsim/ip/v_frmbuf_rd_v2_2_14"
INFO: [VRFC 10-8707] VHDL library search path for library "v_frmbuf_wr_v2_2_14" is now "C:/AMDDesignTools/2025.2/Vivado/data/xsim/ip/v_frmbuf_wr_v2_2_14"
INFO: [VRFC 10-8319] The Verilog library search path for library "v_frmbuf_wr_v2_2_14" is now "C:/AMDDesignTools/2025.2/Vivado/data/xsim/ip/v_frmbuf_wr_v2_2_14"
INFO: [VRFC 10-8707] VHDL library search path for library "v_gamma_lut_v1_1_17" is now "C:/AMDDesignTools/2025.2/Vivado/data/xsim/ip/v_gamma_lut_v1_1_17"
INFO: [VRFC 10-8319] The Verilog library search path for library "v_gamma_lut_v1_1_17" is now "C:/AMDDesignTools/2025.2/Vivado/data/xsim/ip/v_gamma_lut_v1_1_17"
INFO: [VRFC 10-8707] VHDL library search path for library "v_hcresampler_v1_1_16" is now "C:/AMDDesignTools/2025.2/Vivado/data/xsim/ip/v_hcresampler_v1_1_16"
INFO: [VRFC 10-8319] The Verilog library search path for library "v_hcresampler_v1_1_16" is now "C:/AMDDesignTools/2025.2/Vivado/data/xsim/ip/v_hcresampler_v1_1_16"
INFO: [VRFC 10-8707] VHDL library search path for library "v_hdmi_phy1_v1_0_16" is now "C:/AMDDesignTools/2025.2/Vivado/data/xsim/ip/v_hdmi_phy1_v1_0_16"
INFO: [VRFC 10-8319] The Verilog library search path for library "v_hdmi_phy1_v1_0_16" is now "C:/AMDDesignTools/2025.2/Vivado/data/xsim/ip/v_hdmi_phy1_v1_0_16"
INFO: [VRFC 10-8707] VHDL library search path for library "v_hdmi_rx_v3_0_7" is now "C:/AMDDesignTools/2025.2/Vivado/data/xsim/ip/v_hdmi_rx_v3_0_7"
INFO: [VRFC 10-8319] The Verilog library search path for library "v_hdmi_rx_v3_0_7" is now "C:/AMDDesignTools/2025.2/Vivado/data/xsim/ip/v_hdmi_rx_v3_0_7"
INFO: [VRFC 10-8707] VHDL library search path for library "v_hdmi_tx_v3_0_6" is now "C:/AMDDesignTools/2025.2/Vivado/data/xsim/ip/v_hdmi_tx_v3_0_6"
INFO: [VRFC 10-8319] The Verilog library search path for library "v_hdmi_tx_v3_0_6" is now "C:/AMDDesignTools/2025.2/Vivado/data/xsim/ip/v_hdmi_tx_v3_0_6"
INFO: [VRFC 10-8707] VHDL library search path for library "v_hscaler_v1_1_16" is now "C:/AMDDesignTools/2025.2/Vivado/data/xsim/ip/v_hscaler_v1_1_16"
INFO: [VRFC 10-8319] The Verilog library search path for library "v_hscaler_v1_1_16" is now "C:/AMDDesignTools/2025.2/Vivado/data/xsim/ip/v_hscaler_v1_1_16"
INFO: [VRFC 10-8707] VHDL library search path for library "v_letterbox_v1_1_16" is now "C:/AMDDesignTools/2025.2/Vivado/data/xsim/ip/v_letterbox_v1_1_16"
INFO: [VRFC 10-8319] The Verilog library search path for library "v_letterbox_v1_1_16" is now "C:/AMDDesignTools/2025.2/Vivado/data/xsim/ip/v_letterbox_v1_1_16"
INFO: [VRFC 10-8707] VHDL library search path for library "v_scenechange_v1_1_8" is now "C:/AMDDesignTools/2025.2/Vivado/data/xsim/ip/v_scenechange_v1_1_8"
INFO: [VRFC 10-8319] The Verilog library search path for library "v_scenechange_v1_1_8" is now "C:/AMDDesignTools/2025.2/Vivado/data/xsim/ip/v_scenechange_v1_1_8"
INFO: [VRFC 10-8707] VHDL library search path for library "v_sdi_rx_vid_bridge_v2_0_4" is now "C:/AMDDesignTools/2025.2/Vivado/data/xsim/ip/v_sdi_rx_vid_bridge_v2_0_4"
INFO: [VRFC 10-8319] The Verilog library search path for library "v_sdi_rx_vid_bridge_v2_0_4" is now "C:/AMDDesignTools/2025.2/Vivado/data/xsim/ip/v_sdi_rx_vid_bridge_v2_0_4"
INFO: [VRFC 10-8707] VHDL library search path for library "v_smpte_sdi_v3_0_14" is now "C:/AMDDesignTools/2025.2/Vivado/data/xsim/ip/v_smpte_sdi_v3_0_14"
INFO: [VRFC 10-8319] The Verilog library search path for library "v_smpte_sdi_v3_0_14" is now "C:/AMDDesignTools/2025.2/Vivado/data/xsim/ip/v_smpte_sdi_v3_0_14"
INFO: [VRFC 10-8707] VHDL library search path for library "v_smpte_uhdsdi_rx_v1_0_5" is now "C:/AMDDesignTools/2025.2/Vivado/data/xsim/ip/v_smpte_uhdsdi_rx_v1_0_5"
INFO: [VRFC 10-8319] The Verilog library search path for library "v_smpte_uhdsdi_rx_v1_0_5" is now "C:/AMDDesignTools/2025.2/Vivado/data/xsim/ip/v_smpte_uhdsdi_rx_v1_0_5"
INFO: [VRFC 10-8707] VHDL library search path for library "v_smpte_uhdsdi_tx_v1_0_6" is now "C:/AMDDesignTools/2025.2/Vivado/data/xsim/ip/v_smpte_uhdsdi_tx_v1_0_6"
INFO: [VRFC 10-8319] The Verilog library search path for library "v_smpte_uhdsdi_tx_v1_0_6" is now "C:/AMDDesignTools/2025.2/Vivado/data/xsim/ip/v_smpte_uhdsdi_tx_v1_0_6"
INFO: [VRFC 10-8707] VHDL library search path for library "v_smpte_uhdsdi_v1_0_14" is now "C:/AMDDesignTools/2025.2/Vivado/data/xsim/ip/v_smpte_uhdsdi_v1_0_14"
INFO: [VRFC 10-8319] The Verilog library search path for library "v_smpte_uhdsdi_v1_0_14" is now "C:/AMDDesignTools/2025.2/Vivado/data/xsim/ip/v_smpte_uhdsdi_v1_0_14"
INFO: [VRFC 10-8707] VHDL library search path for library "v_tpg_v8_0_19" is now "C:/AMDDesignTools/2025.2/Vivado/data/xsim/ip/v_tpg_v8_0_19"
INFO: [VRFC 10-8319] The Verilog library search path for library "v_tpg_v8_0_19" is now "C:/AMDDesignTools/2025.2/Vivado/data/xsim/ip/v_tpg_v8_0_19"
INFO: [VRFC 10-8707] VHDL library search path for library "v_tpg_v8_1_15" is now "C:/AMDDesignTools/2025.2/Vivado/data/xsim/ip/v_tpg_v8_1_15"
INFO: [VRFC 10-8319] The Verilog library search path for library "v_tpg_v8_1_15" is now "C:/AMDDesignTools/2025.2/Vivado/data/xsim/ip/v_tpg_v8_1_15"
INFO: [VRFC 10-8707] VHDL library search path for library "v_uhdsdi_audio_v2_0_10" is now "C:/AMDDesignTools/2025.2/Vivado/data/xsim/ip/v_uhdsdi_audio_v2_0_10"
INFO: [VRFC 10-8319] The Verilog library search path for library "v_uhdsdi_audio_v2_0_10" is now "C:/AMDDesignTools/2025.2/Vivado/data/xsim/ip/v_uhdsdi_audio_v2_0_10"
INFO: [VRFC 10-8707] VHDL library search path for library "v_uhdsdi_vidgen_v1_0_3" is now "C:/AMDDesignTools/2025.2/Vivado/data/xsim/ip/v_uhdsdi_vidgen_v1_0_3"
INFO: [VRFC 10-8319] The Verilog library search path for library "v_uhdsdi_vidgen_v1_0_3" is now "C:/AMDDesignTools/2025.2/Vivado/data/xsim/ip/v_uhdsdi_vidgen_v1_0_3"
INFO: [VRFC 10-8707] VHDL library search path for library "v_vcresampler_v1_1_16" is now "C:/AMDDesignTools/2025.2/Vivado/data/xsim/ip/v_vcresampler_v1_1_16"
INFO: [VRFC 10-8319] The Verilog library search path for library "v_vcresampler_v1_1_16" is now "C:/AMDDesignTools/2025.2/Vivado/data/xsim/ip/v_vcresampler_v1_1_16"
INFO: [VRFC 10-8707] VHDL library search path for library "v_vid_in_axi4s_v4_0_11" is now "C:/AMDDesignTools/2025.2/Vivado/data/xsim/ip/v_vid_in_axi4s_v4_0_11"
INFO: [VRFC 10-8319] The Verilog library search path for library "v_vid_in_axi4s_v4_0_11" is now "C:/AMDDesignTools/2025.2/Vivado/data/xsim/ip/v_vid_in_axi4s_v4_0_11"
INFO: [VRFC 10-8707] VHDL library search path for library "v_vid_in_axi4s_v5_0_7" is now "C:/AMDDesignTools/2025.2/Vivado/data/xsim/ip/v_vid_in_axi4s_v5_0_7"
INFO: [VRFC 10-8319] The Verilog library search path for library "v_vid_in_axi4s_v5_0_7" is now "C:/AMDDesignTools/2025.2/Vivado/data/xsim/ip/v_vid_in_axi4s_v5_0_7"
INFO: [VRFC 10-8707] VHDL library search path for library "v_vscaler_v1_1_16" is now "C:/AMDDesignTools/2025.2/Vivado/data/xsim/ip/v_vscaler_v1_1_16"
INFO: [VRFC 10-8319] The Verilog library search path for library "v_vscaler_v1_1_16" is now "C:/AMDDesignTools/2025.2/Vivado/data/xsim/ip/v_vscaler_v1_1_16"
INFO: [VRFC 10-8707] VHDL library search path for library "vcu2_v3_0_0" is now "C:/AMDDesignTools/2025.2/Vivado/data/xsim/ip/vcu2_v3_0_0"
INFO: [VRFC 10-8319] The Verilog library search path for library "vcu2_v3_0_0" is now "C:/AMDDesignTools/2025.2/Vivado/data/xsim/ip/vcu2_v3_0_0"
INFO: [VRFC 10-8707] VHDL library search path for library "hw_trace" is now "C:/AMDDesignTools/2025.2/Vivado/data/xsim/ip/hw_trace"
INFO: [VRFC 10-8319] The Verilog library search path for library "hw_trace" is now "C:/AMDDesignTools/2025.2/Vivado/data/xsim/ip/hw_trace"
INFO: [VRFC 10-8707] VHDL library search path for library "versal_ldpc_v1_0_2" is now "C:/AMDDesignTools/2025.2/Vivado/data/xsim/ip/versal_ldpc_v1_0_2"
INFO: [VRFC 10-8319] The Verilog library search path for library "versal_ldpc_v1_0_2" is now "C:/AMDDesignTools/2025.2/Vivado/data/xsim/ip/versal_ldpc_v1_0_2"
INFO: [VRFC 10-8707] VHDL library search path for library "vfb_v1_0_29" is now "C:/AMDDesignTools/2025.2/Vivado/data/xsim/ip/vfb_v1_0_29"
INFO: [VRFC 10-8319] The Verilog library search path for library "vfb_v1_0_29" is now "C:/AMDDesignTools/2025.2/Vivado/data/xsim/ip/vfb_v1_0_29"
INFO: [VRFC 10-8707] VHDL library search path for library "vid_edid_v1_0_3" is now "C:/AMDDesignTools/2025.2/Vivado/data/xsim/ip/vid_edid_v1_0_3"
INFO: [VRFC 10-8319] The Verilog library search path for library "vid_edid_v1_0_3" is now "C:/AMDDesignTools/2025.2/Vivado/data/xsim/ip/vid_edid_v1_0_3"
INFO: [VRFC 10-8707] VHDL library search path for library "vid_phy_controller_v2_2_22" is now "C:/AMDDesignTools/2025.2/Vivado/data/xsim/ip/vid_phy_controller_v2_2_22"
INFO: [VRFC 10-8319] The Verilog library search path for library "vid_phy_controller_v2_2_22" is now "C:/AMDDesignTools/2025.2/Vivado/data/xsim/ip/vid_phy_controller_v2_2_22"
INFO: [VRFC 10-8707] VHDL library search path for library "video_frame_crc_v1_0_6" is now "C:/AMDDesignTools/2025.2/Vivado/data/xsim/ip/video_frame_crc_v1_0_6"
INFO: [VRFC 10-8319] The Verilog library search path for library "video_frame_crc_v1_0_6" is now "C:/AMDDesignTools/2025.2/Vivado/data/xsim/ip/video_frame_crc_v1_0_6"
INFO: [VRFC 10-8707] VHDL library search path for library "visp_v2_0_0" is now "C:/AMDDesignTools/2025.2/Vivado/data/xsim/ip/visp_v2_0_0"
INFO: [VRFC 10-8319] The Verilog library search path for library "visp_v2_0_0" is now "C:/AMDDesignTools/2025.2/Vivado/data/xsim/ip/visp_v2_0_0"
INFO: [VRFC 10-8707] VHDL library search path for library "vitis_deadlock_detector_v1_0_2" is now "C:/AMDDesignTools/2025.2/Vivado/data/xsim/ip/vitis_deadlock_detector_v1_0_2"
INFO: [VRFC 10-8319] The Verilog library search path for library "vitis_deadlock_detector_v1_0_2" is now "C:/AMDDesignTools/2025.2/Vivado/data/xsim/ip/vitis_deadlock_detector_v1_0_2"
INFO: [VRFC 10-8707] VHDL library search path for library "vrf_channelizer_v1_1_1" is now "C:/AMDDesignTools/2025.2/Vivado/data/xsim/ip/vrf_channelizer_v1_1_1"
INFO: [VRFC 10-8319] The Verilog library search path for library "vrf_channelizer_v1_1_1" is now "C:/AMDDesignTools/2025.2/Vivado/data/xsim/ip/vrf_channelizer_v1_1_1"
INFO: [VRFC 10-8707] VHDL library search path for library "vrf_fft_v1_2_0" is now "C:/AMDDesignTools/2025.2/Vivado/data/xsim/ip/vrf_fft_v1_2_0"
INFO: [VRFC 10-8319] The Verilog library search path for library "vrf_fft_v1_2_0" is now "C:/AMDDesignTools/2025.2/Vivado/data/xsim/ip/vrf_fft_v1_2_0"
INFO: [VRFC 10-8707] VHDL library search path for library "x5io_wizard_phy_v1_0_3" is now "C:/AMDDesignTools/2025.2/Vivado/data/xsim/ip/x5io_wizard_phy_v1_0_3"
INFO: [VRFC 10-8319] The Verilog library search path for library "x5io_wizard_phy_v1_0_3" is now "C:/AMDDesignTools/2025.2/Vivado/data/xsim/ip/x5io_wizard_phy_v1_0_3"
INFO: [VRFC 10-8707] VHDL library search path for library "x5io_wizard_v1_0_9" is now "C:/AMDDesignTools/2025.2/Vivado/data/xsim/ip/x5io_wizard_v1_0_9"
INFO: [VRFC 10-8319] The Verilog library search path for library "x5io_wizard_v1_0_9" is now "C:/AMDDesignTools/2025.2/Vivado/data/xsim/ip/x5io_wizard_v1_0_9"
INFO: [VRFC 10-8707] VHDL library search path for library "xbip_dsp48_wrapper_v3_0_7" is now "C:/AMDDesignTools/2025.2/Vivado/data/xsim/ip/xbip_dsp48_wrapper_v3_0_7"
INFO: [VRFC 10-8319] The Verilog library search path for library "xbip_dsp48_wrapper_v3_0_7" is now "C:/AMDDesignTools/2025.2/Vivado/data/xsim/ip/xbip_dsp48_wrapper_v3_0_7"
INFO: [VRFC 10-8707] VHDL library search path for library "xbip_utils_v3_0_15" is now "C:/AMDDesignTools/2025.2/Vivado/data/xsim/ip/xbip_utils_v3_0_15"
INFO: [VRFC 10-8319] The Verilog library search path for library "xbip_utils_v3_0_15" is now "C:/AMDDesignTools/2025.2/Vivado/data/xsim/ip/xbip_utils_v3_0_15"
INFO: [VRFC 10-8707] VHDL library search path for library "xdfe_nlf_v1_1_4" is now "C:/AMDDesignTools/2025.2/Vivado/data/xsim/ip/xdfe_nlf_v1_1_4"
INFO: [VRFC 10-8319] The Verilog library search path for library "xdfe_nlf_v1_1_4" is now "C:/AMDDesignTools/2025.2/Vivado/data/xsim/ip/xdfe_nlf_v1_1_4"
INFO: [VRFC 10-8707] VHDL library search path for library "xdfe_resampler_v1_0_12" is now "C:/AMDDesignTools/2025.2/Vivado/data/xsim/ip/xdfe_resampler_v1_0_12"
INFO: [VRFC 10-8319] The Verilog library search path for library "xdfe_resampler_v1_0_12" is now "C:/AMDDesignTools/2025.2/Vivado/data/xsim/ip/xdfe_resampler_v1_0_12"
INFO: [VRFC 10-8707] VHDL library search path for library "xdma_v4_2_2" is now "C:/AMDDesignTools/2025.2/Vivado/data/xsim/ip/xdma_v4_2_2"
INFO: [VRFC 10-8319] The Verilog library search path for library "xdma_v4_2_2" is now "C:/AMDDesignTools/2025.2/Vivado/data/xsim/ip/xdma_v4_2_2"
INFO: [VRFC 10-8707] VHDL library search path for library "xlconcat_v2_1_7" is now "C:/AMDDesignTools/2025.2/Vivado/data/xsim/ip/xlconcat_v2_1_7"
INFO: [VRFC 10-8319] The Verilog library search path for library "xlconcat_v2_1_7" is now "C:/AMDDesignTools/2025.2/Vivado/data/xsim/ip/xlconcat_v2_1_7"
INFO: [VRFC 10-8707] VHDL library search path for library "xlconstant_v1_1_10" is now "C:/AMDDesignTools/2025.2/Vivado/data/xsim/ip/xlconstant_v1_1_10"
INFO: [VRFC 10-8319] The Verilog library search path for library "xlconstant_v1_1_10" is now "C:/AMDDesignTools/2025.2/Vivado/data/xsim/ip/xlconstant_v1_1_10"
INFO: [VRFC 10-8707] VHDL library search path for library "xlslice_v1_0_5" is now "C:/AMDDesignTools/2025.2/Vivado/data/xsim/ip/xlslice_v1_0_5"
INFO: [VRFC 10-8319] The Verilog library search path for library "xlslice_v1_0_5" is now "C:/AMDDesignTools/2025.2/Vivado/data/xsim/ip/xlslice_v1_0_5"
INFO: [VRFC 10-8707] VHDL library search path for library "xp5io_wizard_v1_0_0" is now "C:/AMDDesignTools/2025.2/Vivado/data/xsim/ip/xp5io_wizard_v1_0_0"
INFO: [VRFC 10-8319] The Verilog library search path for library "xp5io_wizard_v1_0_0" is now "C:/AMDDesignTools/2025.2/Vivado/data/xsim/ip/xp5io_wizard_v1_0_0"
INFO: [VRFC 10-8707] VHDL library search path for library "xpm_cdc_gen_v1_0_5" is now "C:/AMDDesignTools/2025.2/Vivado/data/xsim/ip/xpm_cdc_gen_v1_0_5"
INFO: [VRFC 10-8319] The Verilog library search path for library "xpm_cdc_gen_v1_0_5" is now "C:/AMDDesignTools/2025.2/Vivado/data/xsim/ip/xpm_cdc_gen_v1_0_5"
INFO: [VRFC 10-8707] VHDL library search path for library "xsdbm_v3_0_5" is now "C:/AMDDesignTools/2025.2/Vivado/data/xsim/ip/xsdbm_v3_0_5"
INFO: [VRFC 10-8319] The Verilog library search path for library "xsdbm_v3_0_5" is now "C:/AMDDesignTools/2025.2/Vivado/data/xsim/ip/xsdbm_v3_0_5"
INFO: [VRFC 10-8707] VHDL library search path for library "xxv_ethernet_v5_0_2" is now "C:/AMDDesignTools/2025.2/Vivado/data/xsim/ip/xxv_ethernet_v5_0_2"
INFO: [VRFC 10-8319] The Verilog library search path for library "xxv_ethernet_v5_0_2" is now "C:/AMDDesignTools/2025.2/Vivado/data/xsim/ip/xxv_ethernet_v5_0_2"
INFO: [VRFC 10-8707] VHDL library search path for library "zynq_ultra_ps_e_v3_3_17" is now "C:/AMDDesignTools/2025.2/Vivado/data/xsim/ip/zynq_ultra_ps_e_v3_3_17"
INFO: [VRFC 10-8319] The Verilog library search path for library "zynq_ultra_ps_e_v3_3_17" is now "C:/AMDDesignTools/2025.2/Vivado/data/xsim/ip/zynq_ultra_ps_e_v3_3_17"
INFO: [VRFC 10-8707] VHDL library search path for library "amm_axi_bridge_v1_0_21" is now "C:/AMDDesignTools/2025.2/Vivado/data/xsim/ip/amm_axi_bridge_v1_0_21"
INFO: [VRFC 10-8319] The Verilog library search path for library "amm_axi_bridge_v1_0_21" is now "C:/AMDDesignTools/2025.2/Vivado/data/xsim/ip/amm_axi_bridge_v1_0_21"
INFO: [VRFC 10-8707] VHDL library search path for library "axis_register_slice_v1_1_35" is now "C:/AMDDesignTools/2025.2/Vivado/data/xsim/ip/axis_register_slice_v1_1_35"
INFO: [VRFC 10-8319] The Verilog library search path for library "axis_register_slice_v1_1_35" is now "C:/AMDDesignTools/2025.2/Vivado/data/xsim/ip/axis_register_slice_v1_1_35"
INFO: [VRFC 10-8707] VHDL library search path for library "axis_switch_v1_1_35" is now "C:/AMDDesignTools/2025.2/Vivado/data/xsim/ip/axis_switch_v1_1_35"
INFO: [VRFC 10-8319] The Verilog library search path for library "axis_switch_v1_1_35" is now "C:/AMDDesignTools/2025.2/Vivado/data/xsim/ip/axis_switch_v1_1_35"
INFO: [VRFC 10-8707] VHDL library search path for library "axis_clock_converter_v1_1_36" is now "C:/AMDDesignTools/2025.2/Vivado/data/xsim/ip/axis_clock_converter_v1_1_36"
INFO: [VRFC 10-8319] The Verilog library search path for library "axis_clock_converter_v1_1_36" is now "C:/AMDDesignTools/2025.2/Vivado/data/xsim/ip/axis_clock_converter_v1_1_36"
INFO: [VRFC 10-8707] VHDL library search path for library "axis_data_fifo_v2_0_17" is now "C:/AMDDesignTools/2025.2/Vivado/data/xsim/ip/axis_data_fifo_v2_0_17"
INFO: [VRFC 10-8319] The Verilog library search path for library "axis_data_fifo_v2_0_17" is now "C:/AMDDesignTools/2025.2/Vivado/data/xsim/ip/axis_data_fifo_v2_0_17"
INFO: [VRFC 10-8707] VHDL library search path for library "ats_switch_v1_0_14" is now "C:/AMDDesignTools/2025.2/Vivado/data/xsim/ip/ats_switch_v1_0_14"
INFO: [VRFC 10-8319] The Verilog library search path for library "ats_switch_v1_0_14" is now "C:/AMDDesignTools/2025.2/Vivado/data/xsim/ip/ats_switch_v1_0_14"
INFO: [VRFC 10-8707] VHDL library search path for library "audio_formatter_v1_0_17" is now "C:/AMDDesignTools/2025.2/Vivado/data/xsim/ip/audio_formatter_v1_0_17"
INFO: [VRFC 10-8319] The Verilog library search path for library "audio_formatter_v1_0_17" is now "C:/AMDDesignTools/2025.2/Vivado/data/xsim/ip/audio_formatter_v1_0_17"
INFO: [VRFC 10-8707] VHDL library search path for library "axi4stream_vip_v1_1_21" is now "C:/AMDDesignTools/2025.2/Vivado/data/xsim/ip/axi4stream_vip_v1_1_21"
INFO: [VRFC 10-8319] The Verilog library search path for library "axi4stream_vip_v1_1_21" is now "C:/AMDDesignTools/2025.2/Vivado/data/xsim/ip/axi4stream_vip_v1_1_21"
INFO: [VRFC 10-8707] VHDL library search path for library "v_tc_v6_2_11" is now "C:/AMDDesignTools/2025.2/Vivado/data/xsim/ip/v_tc_v6_2_11"
INFO: [VRFC 10-8319] The Verilog library search path for library "v_tc_v6_2_11" is now "C:/AMDDesignTools/2025.2/Vivado/data/xsim/ip/v_tc_v6_2_11"
INFO: [VRFC 10-8707] VHDL library search path for library "v_dp_axi4s_vid_out_v1_0_11" is now "C:/AMDDesignTools/2025.2/Vivado/data/xsim/ip/v_dp_axi4s_vid_out_v1_0_11"
INFO: [VRFC 10-8319] The Verilog library search path for library "v_dp_axi4s_vid_out_v1_0_11" is now "C:/AMDDesignTools/2025.2/Vivado/data/xsim/ip/v_dp_axi4s_vid_out_v1_0_11"
INFO: [VRFC 10-8707] VHDL library search path for library "v_tc_v6_1_14" is now "C:/AMDDesignTools/2025.2/Vivado/data/xsim/ip/v_tc_v6_1_14"
INFO: [VRFC 10-8319] The Verilog library search path for library "v_tc_v6_1_14" is now "C:/AMDDesignTools/2025.2/Vivado/data/xsim/ip/v_tc_v6_1_14"
INFO: [VRFC 10-8707] VHDL library search path for library "v_axi4s_vid_out_v4_0_20" is now "C:/AMDDesignTools/2025.2/Vivado/data/xsim/ip/v_axi4s_vid_out_v4_0_20"
INFO: [VRFC 10-8319] The Verilog library search path for library "v_axi4s_vid_out_v4_0_20" is now "C:/AMDDesignTools/2025.2/Vivado/data/xsim/ip/v_axi4s_vid_out_v4_0_20"
INFO: [VRFC 10-8707] VHDL library search path for library "axi4svideo_bridge_v1_0_21" is now "C:/AMDDesignTools/2025.2/Vivado/data/xsim/ip/axi4svideo_bridge_v1_0_21"
INFO: [VRFC 10-8319] The Verilog library search path for library "axi4svideo_bridge_v1_0_21" is now "C:/AMDDesignTools/2025.2/Vivado/data/xsim/ip/axi4svideo_bridge_v1_0_21"
INFO: [VRFC 10-8707] VHDL library search path for library "axi_bram_ctrl_v4_0_15" is now "C:/AMDDesignTools/2025.2/Vivado/data/xsim/ip/axi_bram_ctrl_v4_0_15"
INFO: [VRFC 10-8319] The Verilog library search path for library "axi_bram_ctrl_v4_0_15" is now "C:/AMDDesignTools/2025.2/Vivado/data/xsim/ip/axi_bram_ctrl_v4_0_15"
INFO: [VRFC 10-8707] VHDL library search path for library "axi_cdma_v4_1_35" is now "C:/AMDDesignTools/2025.2/Vivado/data/xsim/ip/axi_cdma_v4_1_35"
INFO: [VRFC 10-8319] The Verilog library search path for library "axi_cdma_v4_1_35" is now "C:/AMDDesignTools/2025.2/Vivado/data/xsim/ip/axi_cdma_v4_1_35"
INFO: [VRFC 10-8707] VHDL library search path for library "axi_clock_converter_v2_1_35" is now "C:/AMDDesignTools/2025.2/Vivado/data/xsim/ip/axi_clock_converter_v2_1_35"
INFO: [VRFC 10-8319] The Verilog library search path for library "axi_clock_converter_v2_1_35" is now "C:/AMDDesignTools/2025.2/Vivado/data/xsim/ip/axi_clock_converter_v2_1_35"
INFO: [VRFC 10-8707] VHDL library search path for library "axi_data_fifo_v2_1_36" is now "C:/AMDDesignTools/2025.2/Vivado/data/xsim/ip/axi_data_fifo_v2_1_36"
INFO: [VRFC 10-8319] The Verilog library search path for library "axi_data_fifo_v2_1_36" is now "C:/AMDDesignTools/2025.2/Vivado/data/xsim/ip/axi_data_fifo_v2_1_36"
INFO: [VRFC 10-8707] VHDL library search path for library "axi_register_slice_v2_1_36" is now "C:/AMDDesignTools/2025.2/Vivado/data/xsim/ip/axi_register_slice_v2_1_36"
INFO: [VRFC 10-8319] The Verilog library search path for library "axi_register_slice_v2_1_36" is now "C:/AMDDesignTools/2025.2/Vivado/data/xsim/ip/axi_register_slice_v2_1_36"
INFO: [VRFC 10-8707] VHDL library search path for library "axi_crossbar_v2_1_38" is now "C:/AMDDesignTools/2025.2/Vivado/data/xsim/ip/axi_crossbar_v2_1_38"
INFO: [VRFC 10-8319] The Verilog library search path for library "axi_crossbar_v2_1_38" is now "C:/AMDDesignTools/2025.2/Vivado/data/xsim/ip/axi_crossbar_v2_1_38"
INFO: [VRFC 10-8707] VHDL library search path for library "cam_v5_0_0" is now "C:/AMDDesignTools/2025.2/Vivado/data/xsim/ip/cam_v5_0_0"
INFO: [VRFC 10-8319] The Verilog library search path for library "cam_v5_0_0" is now "C:/AMDDesignTools/2025.2/Vivado/data/xsim/ip/cam_v5_0_0"
INFO: [VRFC 10-8707] VHDL library search path for library "axi_dma_v7_1_37" is now "C:/AMDDesignTools/2025.2/Vivado/data/xsim/ip/axi_dma_v7_1_37"
INFO: [VRFC 10-8319] The Verilog library search path for library "axi_dma_v7_1_37" is now "C:/AMDDesignTools/2025.2/Vivado/data/xsim/ip/axi_dma_v7_1_37"
INFO: [VRFC 10-8707] VHDL library search path for library "axi_protocol_converter_v2_1_37" is now "C:/AMDDesignTools/2025.2/Vivado/data/xsim/ip/axi_protocol_converter_v2_1_37"
INFO: [VRFC 10-8319] The Verilog library search path for library "axi_protocol_converter_v2_1_37" is now "C:/AMDDesignTools/2025.2/Vivado/data/xsim/ip/axi_protocol_converter_v2_1_37"
INFO: [VRFC 10-8707] VHDL library search path for library "axi_dwidth_converter_v2_1_37" is now "C:/AMDDesignTools/2025.2/Vivado/data/xsim/ip/axi_dwidth_converter_v2_1_37"
INFO: [VRFC 10-8319] The Verilog library search path for library "axi_dwidth_converter_v2_1_37" is now "C:/AMDDesignTools/2025.2/Vivado/data/xsim/ip/axi_dwidth_converter_v2_1_37"
INFO: [VRFC 10-8707] VHDL library search path for library "axi_epc_v2_0_39" is now "C:/AMDDesignTools/2025.2/Vivado/data/xsim/ip/axi_epc_v2_0_39"
INFO: [VRFC 10-8319] The Verilog library search path for library "axi_epc_v2_0_39" is now "C:/AMDDesignTools/2025.2/Vivado/data/xsim/ip/axi_epc_v2_0_39"
INFO: [VRFC 10-8707] VHDL library search path for library "axi_epu_v1_0_9" is now "C:/AMDDesignTools/2025.2/Vivado/data/xsim/ip/axi_epu_v1_0_9"
INFO: [VRFC 10-8319] The Verilog library search path for library "axi_epu_v1_0_9" is now "C:/AMDDesignTools/2025.2/Vivado/data/xsim/ip/axi_epu_v1_0_9"
INFO: [VRFC 10-8707] VHDL library search path for library "axi_ethernet_buffer_v2_0_26" is now "C:/AMDDesignTools/2025.2/Vivado/data/xsim/ip/axi_ethernet_buffer_v2_0_26"
INFO: [VRFC 10-8319] The Verilog library search path for library "axi_ethernet_buffer_v2_0_26" is now "C:/AMDDesignTools/2025.2/Vivado/data/xsim/ip/axi_ethernet_buffer_v2_0_26"
INFO: [VRFC 10-8707] VHDL library search path for library "axi_ethernetlite_v3_0_36" is now "C:/AMDDesignTools/2025.2/Vivado/data/xsim/ip/axi_ethernetlite_v3_0_36"
INFO: [VRFC 10-8319] The Verilog library search path for library "axi_ethernetlite_v3_0_36" is now "C:/AMDDesignTools/2025.2/Vivado/data/xsim/ip/axi_ethernetlite_v3_0_36"
INFO: [VRFC 10-8707] VHDL library search path for library "axi_fifo_mm_s_v4_3_7" is now "C:/AMDDesignTools/2025.2/Vivado/data/xsim/ip/axi_fifo_mm_s_v4_3_7"
INFO: [VRFC 10-8319] The Verilog library search path for library "axi_fifo_mm_s_v4_3_7" is now "C:/AMDDesignTools/2025.2/Vivado/data/xsim/ip/axi_fifo_mm_s_v4_3_7"
INFO: [VRFC 10-8707] VHDL library search path for library "axi_firewall_v1_2_10" is now "C:/AMDDesignTools/2025.2/Vivado/data/xsim/ip/axi_firewall_v1_2_10"
INFO: [VRFC 10-8319] The Verilog library search path for library "axi_firewall_v1_2_10" is now "C:/AMDDesignTools/2025.2/Vivado/data/xsim/ip/axi_firewall_v1_2_10"
INFO: [VRFC 10-8707] VHDL library search path for library "interrupt_control_v3_1_5" is now "C:/AMDDesignTools/2025.2/Vivado/data/xsim/ip/interrupt_control_v3_1_5"
INFO: [VRFC 10-8319] The Verilog library search path for library "interrupt_control_v3_1_5" is now "C:/AMDDesignTools/2025.2/Vivado/data/xsim/ip/interrupt_control_v3_1_5"
INFO: [VRFC 10-8707] VHDL library search path for library "axi_gpio_v2_0_37" is now "C:/AMDDesignTools/2025.2/Vivado/data/xsim/ip/axi_gpio_v2_0_37"
INFO: [VRFC 10-8319] The Verilog library search path for library "axi_gpio_v2_0_37" is now "C:/AMDDesignTools/2025.2/Vivado/data/xsim/ip/axi_gpio_v2_0_37"
INFO: [VRFC 10-8707] VHDL library search path for library "axi_hbicap_v1_0_9" is now "C:/AMDDesignTools/2025.2/Vivado/data/xsim/ip/axi_hbicap_v1_0_9"
INFO: [VRFC 10-8319] The Verilog library search path for library "axi_hbicap_v1_0_9" is now "C:/AMDDesignTools/2025.2/Vivado/data/xsim/ip/axi_hbicap_v1_0_9"
INFO: [VRFC 10-8707] VHDL library search path for library "axi_hwicap_v3_0_39" is now "C:/AMDDesignTools/2025.2/Vivado/data/xsim/ip/axi_hwicap_v3_0_39"
INFO: [VRFC 10-8319] The Verilog library search path for library "axi_hwicap_v3_0_39" is now "C:/AMDDesignTools/2025.2/Vivado/data/xsim/ip/axi_hwicap_v3_0_39"
INFO: [VRFC 10-8707] VHDL library search path for library "axi_iic_v2_1_11" is now "C:/AMDDesignTools/2025.2/Vivado/data/xsim/ip/axi_iic_v2_1_11"
INFO: [VRFC 10-8319] The Verilog library search path for library "axi_iic_v2_1_11" is now "C:/AMDDesignTools/2025.2/Vivado/data/xsim/ip/axi_iic_v2_1_11"
INFO: [VRFC 10-8707] VHDL library search path for library "axi_intc_v4_1_22" is now "C:/AMDDesignTools/2025.2/Vivado/data/xsim/ip/axi_intc_v4_1_22"
INFO: [VRFC 10-8319] The Verilog library search path for library "axi_intc_v4_1_22" is now "C:/AMDDesignTools/2025.2/Vivado/data/xsim/ip/axi_intc_v4_1_22"
INFO: [VRFC 10-8707] VHDL library search path for library "axi_mcdma_v1_2_3" is now "C:/AMDDesignTools/2025.2/Vivado/data/xsim/ip/axi_mcdma_v1_2_3"
INFO: [VRFC 10-8319] The Verilog library search path for library "axi_mcdma_v1_2_3" is now "C:/AMDDesignTools/2025.2/Vivado/data/xsim/ip/axi_mcdma_v1_2_3"
INFO: [VRFC 10-8707] VHDL library search path for library "axi_memory_init_v1_0_16" is now "C:/AMDDesignTools/2025.2/Vivado/data/xsim/ip/axi_memory_init_v1_0_16"
INFO: [VRFC 10-8319] The Verilog library search path for library "axi_memory_init_v1_0_16" is now "C:/AMDDesignTools/2025.2/Vivado/data/xsim/ip/axi_memory_init_v1_0_16"
INFO: [VRFC 10-8707] VHDL library search path for library "axis_dwidth_converter_v1_1_34" is now "C:/AMDDesignTools/2025.2/Vivado/data/xsim/ip/axis_dwidth_converter_v1_1_34"
INFO: [VRFC 10-8319] The Verilog library search path for library "axis_dwidth_converter_v1_1_34" is now "C:/AMDDesignTools/2025.2/Vivado/data/xsim/ip/axis_dwidth_converter_v1_1_34"
INFO: [VRFC 10-8707] VHDL library search path for library "axi_mm2s_mapper_v1_1_34" is now "C:/AMDDesignTools/2025.2/Vivado/data/xsim/ip/axi_mm2s_mapper_v1_1_34"
INFO: [VRFC 10-8319] The Verilog library search path for library "axi_mm2s_mapper_v1_1_34" is now "C:/AMDDesignTools/2025.2/Vivado/data/xsim/ip/axi_mm2s_mapper_v1_1_34"
INFO: [VRFC 10-8707] VHDL library search path for library "axi_mmu_v2_1_34" is now "C:/AMDDesignTools/2025.2/Vivado/data/xsim/ip/axi_mmu_v2_1_34"
INFO: [VRFC 10-8319] The Verilog library search path for library "axi_mmu_v2_1_34" is now "C:/AMDDesignTools/2025.2/Vivado/data/xsim/ip/axi_mmu_v2_1_34"
INFO: [VRFC 10-8707] VHDL library search path for library "axi_protocol_checker_v2_0_21" is now "C:/AMDDesignTools/2025.2/Vivado/data/xsim/ip/axi_protocol_checker_v2_0_21"
INFO: [VRFC 10-8319] The Verilog library search path for library "axi_protocol_checker_v2_0_21" is now "C:/AMDDesignTools/2025.2/Vivado/data/xsim/ip/axi_protocol_checker_v2_0_21"
INFO: [VRFC 10-8707] VHDL library search path for library "axi_quad_spi_v3_2_35" is now "C:/AMDDesignTools/2025.2/Vivado/data/xsim/ip/axi_quad_spi_v3_2_35"
INFO: [VRFC 10-8319] The Verilog library search path for library "axi_quad_spi_v3_2_35" is now "C:/AMDDesignTools/2025.2/Vivado/data/xsim/ip/axi_quad_spi_v3_2_35"
INFO: [VRFC 10-8707] VHDL library search path for library "axi_sideband_util_v1_0_18" is now "C:/AMDDesignTools/2025.2/Vivado/data/xsim/ip/axi_sideband_util_v1_0_18"
INFO: [VRFC 10-8319] The Verilog library search path for library "axi_sideband_util_v1_0_18" is now "C:/AMDDesignTools/2025.2/Vivado/data/xsim/ip/axi_sideband_util_v1_0_18"
INFO: [VRFC 10-8707] VHDL library search path for library "axi_vip_v1_1_22" is now "C:/AMDDesignTools/2025.2/Vivado/data/xsim/ip/axi_vip_v1_1_22"
INFO: [VRFC 10-8319] The Verilog library search path for library "axi_vip_v1_1_22" is now "C:/AMDDesignTools/2025.2/Vivado/data/xsim/ip/axi_vip_v1_1_22"
INFO: [VRFC 10-8707] VHDL library search path for library "axi_switch_v1_0_1" is now "C:/AMDDesignTools/2025.2/Vivado/data/xsim/ip/axi_switch_v1_0_1"
INFO: [VRFC 10-8319] The Verilog library search path for library "axi_switch_v1_0_1" is now "C:/AMDDesignTools/2025.2/Vivado/data/xsim/ip/axi_switch_v1_0_1"
INFO: [VRFC 10-8707] VHDL library search path for library "axi_tft_v2_0_31" is now "C:/AMDDesignTools/2025.2/Vivado/data/xsim/ip/axi_tft_v2_0_31"
INFO: [VRFC 10-8319] The Verilog library search path for library "axi_tft_v2_0_31" is now "C:/AMDDesignTools/2025.2/Vivado/data/xsim/ip/axi_tft_v2_0_31"
INFO: [VRFC 10-8707] VHDL library search path for library "axi_timebase_wdt_v3_0_27" is now "C:/AMDDesignTools/2025.2/Vivado/data/xsim/ip/axi_timebase_wdt_v3_0_27"
INFO: [VRFC 10-8319] The Verilog library search path for library "axi_timebase_wdt_v3_0_27" is now "C:/AMDDesignTools/2025.2/Vivado/data/xsim/ip/axi_timebase_wdt_v3_0_27"
INFO: [VRFC 10-8707] VHDL library search path for library "axi_timer_v2_0_37" is now "C:/AMDDesignTools/2025.2/Vivado/data/xsim/ip/axi_timer_v2_0_37"
INFO: [VRFC 10-8319] The Verilog library search path for library "axi_timer_v2_0_37" is now "C:/AMDDesignTools/2025.2/Vivado/data/xsim/ip/axi_timer_v2_0_37"
INFO: [VRFC 10-8707] VHDL library search path for library "axi_traffic_gen_v3_0_22" is now "C:/AMDDesignTools/2025.2/Vivado/data/xsim/ip/axi_traffic_gen_v3_0_22"
INFO: [VRFC 10-8319] The Verilog library search path for library "axi_traffic_gen_v3_0_22" is now "C:/AMDDesignTools/2025.2/Vivado/data/xsim/ip/axi_traffic_gen_v3_0_22"
INFO: [VRFC 10-8707] VHDL library search path for library "axi_uart16550_v2_0_39" is now "C:/AMDDesignTools/2025.2/Vivado/data/xsim/ip/axi_uart16550_v2_0_39"
INFO: [VRFC 10-8319] The Verilog library search path for library "axi_uart16550_v2_0_39" is now "C:/AMDDesignTools/2025.2/Vivado/data/xsim/ip/axi_uart16550_v2_0_39"
INFO: [VRFC 10-8707] VHDL library search path for library "axi_uartlite_v2_0_39" is now "C:/AMDDesignTools/2025.2/Vivado/data/xsim/ip/axi_uartlite_v2_0_39"
INFO: [VRFC 10-8319] The Verilog library search path for library "axi_uartlite_v2_0_39" is now "C:/AMDDesignTools/2025.2/Vivado/data/xsim/ip/axi_uartlite_v2_0_39"
INFO: [VRFC 10-8707] VHDL library search path for library "axi_usb2_device_v5_0_36" is now "C:/AMDDesignTools/2025.2/Vivado/data/xsim/ip/axi_usb2_device_v5_0_36"
INFO: [VRFC 10-8319] The Verilog library search path for library "axi_usb2_device_v5_0_36" is now "C:/AMDDesignTools/2025.2/Vivado/data/xsim/ip/axi_usb2_device_v5_0_36"
INFO: [VRFC 10-8707] VHDL library search path for library "axi_utils_v2_0_11" is now "C:/AMDDesignTools/2025.2/Vivado/data/xsim/ip/axi_utils_v2_0_11"
INFO: [VRFC 10-8319] The Verilog library search path for library "axi_utils_v2_0_11" is now "C:/AMDDesignTools/2025.2/Vivado/data/xsim/ip/axi_utils_v2_0_11"
INFO: [VRFC 10-8707] VHDL library search path for library "axi_vdma_v6_3_24" is now "C:/AMDDesignTools/2025.2/Vivado/data/xsim/ip/axi_vdma_v6_3_24"
INFO: [VRFC 10-8319] The Verilog library search path for library "axi_vdma_v6_3_24" is now "C:/AMDDesignTools/2025.2/Vivado/data/xsim/ip/axi_vdma_v6_3_24"
INFO: [VRFC 10-8707] VHDL library search path for library "xbip_pipe_v3_0_11" is now "C:/AMDDesignTools/2025.2/Vivado/data/xsim/ip/xbip_pipe_v3_0_11"
INFO: [VRFC 10-8319] The Verilog library search path for library "xbip_pipe_v3_0_11" is now "C:/AMDDesignTools/2025.2/Vivado/data/xsim/ip/xbip_pipe_v3_0_11"
INFO: [VRFC 10-8707] VHDL library search path for library "c_reg_fd_v12_0_11" is now "C:/AMDDesignTools/2025.2/Vivado/data/xsim/ip/c_reg_fd_v12_0_11"
INFO: [VRFC 10-8319] The Verilog library search path for library "c_reg_fd_v12_0_11" is now "C:/AMDDesignTools/2025.2/Vivado/data/xsim/ip/c_reg_fd_v12_0_11"
INFO: [VRFC 10-8707] VHDL library search path for library "c_addsub_v12_0_21" is now "C:/AMDDesignTools/2025.2/Vivado/data/xsim/ip/c_addsub_v12_0_21"
INFO: [VRFC 10-8319] The Verilog library search path for library "c_addsub_v12_0_21" is now "C:/AMDDesignTools/2025.2/Vivado/data/xsim/ip/c_addsub_v12_0_21"
INFO: [VRFC 10-8707] VHDL library search path for library "axi_vfifo_ctrl_v2_0_39" is now "C:/AMDDesignTools/2025.2/Vivado/data/xsim/ip/axi_vfifo_ctrl_v2_0_39"
INFO: [VRFC 10-8319] The Verilog library search path for library "axi_vfifo_ctrl_v2_0_39" is now "C:/AMDDesignTools/2025.2/Vivado/data/xsim/ip/axi_vfifo_ctrl_v2_0_39"
INFO: [VRFC 10-8707] VHDL library search path for library "axis_accelerator_adapter_v2_1_20" is now "C:/AMDDesignTools/2025.2/Vivado/data/xsim/ip/axis_accelerator_adapter_v2_1_20"
INFO: [VRFC 10-8319] The Verilog library search path for library "axis_accelerator_adapter_v2_1_20" is now "C:/AMDDesignTools/2025.2/Vivado/data/xsim/ip/axis_accelerator_adapter_v2_1_20"
INFO: [VRFC 10-8707] VHDL library search path for library "axis_broadcaster_v1_1_35" is now "C:/AMDDesignTools/2025.2/Vivado/data/xsim/ip/axis_broadcaster_v1_1_35"
INFO: [VRFC 10-8319] The Verilog library search path for library "axis_broadcaster_v1_1_35" is now "C:/AMDDesignTools/2025.2/Vivado/data/xsim/ip/axis_broadcaster_v1_1_35"
INFO: [VRFC 10-8707] VHDL library search path for library "axis_combiner_v1_1_33" is now "C:/AMDDesignTools/2025.2/Vivado/data/xsim/ip/axis_combiner_v1_1_33"
INFO: [VRFC 10-8319] The Verilog library search path for library "axis_combiner_v1_1_33" is now "C:/AMDDesignTools/2025.2/Vivado/data/xsim/ip/axis_combiner_v1_1_33"
INFO: [VRFC 10-8707] VHDL library search path for library "axis_data_fifo_v1_1_37" is now "C:/AMDDesignTools/2025.2/Vivado/data/xsim/ip/axis_data_fifo_v1_1_37"
INFO: [VRFC 10-8319] The Verilog library search path for library "axis_data_fifo_v1_1_37" is now "C:/AMDDesignTools/2025.2/Vivado/data/xsim/ip/axis_data_fifo_v1_1_37"
INFO: [VRFC 10-8707] VHDL library search path for library "axis_ila_intf_v1_0_2" is now "C:/AMDDesignTools/2025.2/Vivado/data/xsim/ip/axis_ila_intf_v1_0_2"
INFO: [VRFC 10-8319] The Verilog library search path for library "axis_ila_intf_v1_0_2" is now "C:/AMDDesignTools/2025.2/Vivado/data/xsim/ip/axis_ila_intf_v1_0_2"
INFO: [VRFC 10-8707] VHDL library search path for library "axis_interconnect_v1_1_27" is now "C:/AMDDesignTools/2025.2/Vivado/data/xsim/ip/axis_interconnect_v1_1_27"
INFO: [VRFC 10-8319] The Verilog library search path for library "axis_interconnect_v1_1_27" is now "C:/AMDDesignTools/2025.2/Vivado/data/xsim/ip/axis_interconnect_v1_1_27"
INFO: [VRFC 10-8707] VHDL library search path for library "axis_subset_converter_v1_1_36" is now "C:/AMDDesignTools/2025.2/Vivado/data/xsim/ip/axis_subset_converter_v1_1_36"
INFO: [VRFC 10-8319] The Verilog library search path for library "axis_subset_converter_v1_1_36" is now "C:/AMDDesignTools/2025.2/Vivado/data/xsim/ip/axis_subset_converter_v1_1_36"
INFO: [VRFC 10-8707] VHDL library search path for library "axis_vio_v1_0_15" is now "C:/AMDDesignTools/2025.2/Vivado/data/xsim/ip/axis_vio_v1_0_15"
INFO: [VRFC 10-8319] The Verilog library search path for library "axis_vio_v1_0_15" is now "C:/AMDDesignTools/2025.2/Vivado/data/xsim/ip/axis_vio_v1_0_15"
INFO: [VRFC 10-8707] VHDL library search path for library "bs_switch_v1_0_6" is now "C:/AMDDesignTools/2025.2/Vivado/data/xsim/ip/bs_switch_v1_0_6"
INFO: [VRFC 10-8319] The Verilog library search path for library "bs_switch_v1_0_6" is now "C:/AMDDesignTools/2025.2/Vivado/data/xsim/ip/bs_switch_v1_0_6"
INFO: [VRFC 10-8707] VHDL library search path for library "c_accum_v12_0_21" is now "C:/AMDDesignTools/2025.2/Vivado/data/xsim/ip/c_accum_v12_0_21"
INFO: [VRFC 10-8319] The Verilog library search path for library "c_accum_v12_0_21" is now "C:/AMDDesignTools/2025.2/Vivado/data/xsim/ip/c_accum_v12_0_21"
INFO: [VRFC 10-8707] VHDL library search path for library "c_compare_v12_0_11" is now "C:/AMDDesignTools/2025.2/Vivado/data/xsim/ip/c_compare_v12_0_11"
INFO: [VRFC 10-8319] The Verilog library search path for library "c_compare_v12_0_11" is now "C:/AMDDesignTools/2025.2/Vivado/data/xsim/ip/c_compare_v12_0_11"
INFO: [VRFC 10-8707] VHDL library search path for library "c_counter_binary_v12_0_22" is now "C:/AMDDesignTools/2025.2/Vivado/data/xsim/ip/c_counter_binary_v12_0_22"
INFO: [VRFC 10-8319] The Verilog library search path for library "c_counter_binary_v12_0_22" is now "C:/AMDDesignTools/2025.2/Vivado/data/xsim/ip/c_counter_binary_v12_0_22"
INFO: [VRFC 10-8707] VHDL library search path for library "c_shift_ram_v12_0_20" is now "C:/AMDDesignTools/2025.2/Vivado/data/xsim/ip/c_shift_ram_v12_0_20"
INFO: [VRFC 10-8319] The Verilog library search path for library "c_shift_ram_v12_0_20" is now "C:/AMDDesignTools/2025.2/Vivado/data/xsim/ip/c_shift_ram_v12_0_20"
INFO: [VRFC 10-8707] VHDL library search path for library "cdcam_v2_0_0" is now "C:/AMDDesignTools/2025.2/Vivado/data/xsim/ip/cdcam_v2_0_0"
INFO: [VRFC 10-8319] The Verilog library search path for library "cdcam_v2_0_0" is now "C:/AMDDesignTools/2025.2/Vivado/data/xsim/ip/cdcam_v2_0_0"
INFO: [VRFC 10-8707] VHDL library search path for library "cic_compiler_v4_0_22" is now "C:/AMDDesignTools/2025.2/Vivado/data/xsim/ip/cic_compiler_v4_0_22"
INFO: [VRFC 10-8319] The Verilog library search path for library "cic_compiler_v4_0_22" is now "C:/AMDDesignTools/2025.2/Vivado/data/xsim/ip/cic_compiler_v4_0_22"
INFO: [VRFC 10-8707] VHDL library search path for library "cmpy_v6_0_27" is now "C:/AMDDesignTools/2025.2/Vivado/data/xsim/ip/cmpy_v6_0_27"
INFO: [VRFC 10-8319] The Verilog library search path for library "cmpy_v6_0_27" is now "C:/AMDDesignTools/2025.2/Vivado/data/xsim/ip/cmpy_v6_0_27"
INFO: [VRFC 10-8707] VHDL library search path for library "mult_gen_v12_0_24" is now "C:/AMDDesignTools/2025.2/Vivado/data/xsim/ip/mult_gen_v12_0_24"
INFO: [VRFC 10-8319] The Verilog library search path for library "mult_gen_v12_0_24" is now "C:/AMDDesignTools/2025.2/Vivado/data/xsim/ip/mult_gen_v12_0_24"
INFO: [VRFC 10-8707] VHDL library search path for library "floating_point_v7_1_21" is now "C:/AMDDesignTools/2025.2/Vivado/data/xsim/ip/floating_point_v7_1_21"
INFO: [VRFC 10-8319] The Verilog library search path for library "floating_point_v7_1_21" is now "C:/AMDDesignTools/2025.2/Vivado/data/xsim/ip/floating_point_v7_1_21"
INFO: [VRFC 10-8707] VHDL library search path for library "convolution_v9_0_23" is now "C:/AMDDesignTools/2025.2/Vivado/data/xsim/ip/convolution_v9_0_23"
INFO: [VRFC 10-8319] The Verilog library search path for library "convolution_v9_0_23" is now "C:/AMDDesignTools/2025.2/Vivado/data/xsim/ip/convolution_v9_0_23"
INFO: [VRFC 10-8707] VHDL library search path for library "cordic_v6_0_25" is now "C:/AMDDesignTools/2025.2/Vivado/data/xsim/ip/cordic_v6_0_25"
INFO: [VRFC 10-8319] The Verilog library search path for library "cordic_v6_0_25" is now "C:/AMDDesignTools/2025.2/Vivado/data/xsim/ip/cordic_v6_0_25"
INFO: [VRFC 10-8707] VHDL library search path for library "cpri_v8_12_5" is now "C:/AMDDesignTools/2025.2/Vivado/data/xsim/ip/cpri_v8_12_5"
INFO: [VRFC 10-8319] The Verilog library search path for library "cpri_v8_12_5" is now "C:/AMDDesignTools/2025.2/Vivado/data/xsim/ip/cpri_v8_12_5"
INFO: [VRFC 10-8707] VHDL library search path for library "dds_compiler_v6_0_28" is now "C:/AMDDesignTools/2025.2/Vivado/data/xsim/ip/dds_compiler_v6_0_28"
INFO: [VRFC 10-8319] The Verilog library search path for library "dds_compiler_v6_0_28" is now "C:/AMDDesignTools/2025.2/Vivado/data/xsim/ip/dds_compiler_v6_0_28"
INFO: [VRFC 10-8707] VHDL library search path for library "dft_v4_2_11" is now "C:/AMDDesignTools/2025.2/Vivado/data/xsim/ip/dft_v4_2_11"
INFO: [VRFC 10-8319] The Verilog library search path for library "dft_v4_2_11" is now "C:/AMDDesignTools/2025.2/Vivado/data/xsim/ip/dft_v4_2_11"
INFO: [VRFC 10-8707] VHDL library search path for library "dfx_axi_shutdown_manager_v1_0_6" is now "C:/AMDDesignTools/2025.2/Vivado/data/xsim/ip/dfx_axi_shutdown_manager_v1_0_6"
INFO: [VRFC 10-8319] The Verilog library search path for library "dfx_axi_shutdown_manager_v1_0_6" is now "C:/AMDDesignTools/2025.2/Vivado/data/xsim/ip/dfx_axi_shutdown_manager_v1_0_6"
INFO: [VRFC 10-8707] VHDL library search path for library "dfx_bitstream_monitor_v1_0_8" is now "C:/AMDDesignTools/2025.2/Vivado/data/xsim/ip/dfx_bitstream_monitor_v1_0_8"
INFO: [VRFC 10-8319] The Verilog library search path for library "dfx_bitstream_monitor_v1_0_8" is now "C:/AMDDesignTools/2025.2/Vivado/data/xsim/ip/dfx_bitstream_monitor_v1_0_8"
INFO: [VRFC 10-8707] VHDL library search path for library "dfx_controller_v1_0_10" is now "C:/AMDDesignTools/2025.2/Vivado/data/xsim/ip/dfx_controller_v1_0_10"
INFO: [VRFC 10-8319] The Verilog library search path for library "dfx_controller_v1_0_10" is now "C:/AMDDesignTools/2025.2/Vivado/data/xsim/ip/dfx_controller_v1_0_10"
INFO: [VRFC 10-8707] VHDL library search path for library "dfx_decoupler_v1_0_14" is now "C:/AMDDesignTools/2025.2/Vivado/data/xsim/ip/dfx_decoupler_v1_0_14"
INFO: [VRFC 10-8319] The Verilog library search path for library "dfx_decoupler_v1_0_14" is now "C:/AMDDesignTools/2025.2/Vivado/data/xsim/ip/dfx_decoupler_v1_0_14"
INFO: [VRFC 10-8707] VHDL library search path for library "displayport_v7_0_29" is now "C:/AMDDesignTools/2025.2/Vivado/data/xsim/ip/displayport_v7_0_29"
INFO: [VRFC 10-8319] The Verilog library search path for library "displayport_v7_0_29" is now "C:/AMDDesignTools/2025.2/Vivado/data/xsim/ip/displayport_v7_0_29"
INFO: [VRFC 10-8707] VHDL library search path for library "displayport_v9_0_13" is now "C:/AMDDesignTools/2025.2/Vivado/data/xsim/ip/displayport_v9_0_13"
INFO: [VRFC 10-8319] The Verilog library search path for library "displayport_v9_0_13" is now "C:/AMDDesignTools/2025.2/Vivado/data/xsim/ip/displayport_v9_0_13"
INFO: [VRFC 10-8707] VHDL library search path for library "floating_point_v7_0_26" is now "C:/AMDDesignTools/2025.2/Vivado/data/xsim/ip/floating_point_v7_0_26"
INFO: [VRFC 10-8319] The Verilog library search path for library "floating_point_v7_0_26" is now "C:/AMDDesignTools/2025.2/Vivado/data/xsim/ip/floating_point_v7_0_26"
INFO: [VRFC 10-8707] VHDL library search path for library "div_gen_v5_1_25" is now "C:/AMDDesignTools/2025.2/Vivado/data/xsim/ip/div_gen_v5_1_25"
INFO: [VRFC 10-8319] The Verilog library search path for library "div_gen_v5_1_25" is now "C:/AMDDesignTools/2025.2/Vivado/data/xsim/ip/div_gen_v5_1_25"
INFO: [VRFC 10-8707] VHDL library search path for library "rs_toolbox_v9_0_16" is now "C:/AMDDesignTools/2025.2/Vivado/data/xsim/ip/rs_toolbox_v9_0_16"
INFO: [VRFC 10-8319] The Verilog library search path for library "rs_toolbox_v9_0_16" is now "C:/AMDDesignTools/2025.2/Vivado/data/xsim/ip/rs_toolbox_v9_0_16"
INFO: [VRFC 10-8707] VHDL library search path for library "rs_decoder_v9_0_25" is now "C:/AMDDesignTools/2025.2/Vivado/data/xsim/ip/rs_decoder_v9_0_25"
INFO: [VRFC 10-8319] The Verilog library search path for library "rs_decoder_v9_0_25" is now "C:/AMDDesignTools/2025.2/Vivado/data/xsim/ip/rs_decoder_v9_0_25"
INFO: [VRFC 10-8707] VHDL library search path for library "dprx_v1_0_7" is now "C:/AMDDesignTools/2025.2/Vivado/data/xsim/ip/dprx_v1_0_7"
INFO: [VRFC 10-8319] The Verilog library search path for library "dprx_v1_0_7" is now "C:/AMDDesignTools/2025.2/Vivado/data/xsim/ip/dprx_v1_0_7"
INFO: [VRFC 10-8707] VHDL library search path for library "dptx_v1_0_7" is now "C:/AMDDesignTools/2025.2/Vivado/data/xsim/ip/dptx_v1_0_7"
INFO: [VRFC 10-8319] The Verilog library search path for library "dptx_v1_0_7" is now "C:/AMDDesignTools/2025.2/Vivado/data/xsim/ip/dptx_v1_0_7"
INFO: [VRFC 10-8707] VHDL library search path for library "dsp_macro_v1_0_9" is now "C:/AMDDesignTools/2025.2/Vivado/data/xsim/ip/dsp_macro_v1_0_9"
INFO: [VRFC 10-8319] The Verilog library search path for library "dsp_macro_v1_0_9" is now "C:/AMDDesignTools/2025.2/Vivado/data/xsim/ip/dsp_macro_v1_0_9"
INFO: [VRFC 10-8707] VHDL library search path for library "ethernet_offload_v1_0_4" is now "C:/AMDDesignTools/2025.2/Vivado/data/xsim/ip/ethernet_offload_v1_0_4"
INFO: [VRFC 10-8319] The Verilog library search path for library "ethernet_offload_v1_0_4" is now "C:/AMDDesignTools/2025.2/Vivado/data/xsim/ip/ethernet_offload_v1_0_4"
INFO: [VRFC 10-8707] VHDL library search path for library "fc32_rs_fec_v1_0_31" is now "C:/AMDDesignTools/2025.2/Vivado/data/xsim/ip/fc32_rs_fec_v1_0_31"
INFO: [VRFC 10-8319] The Verilog library search path for library "fc32_rs_fec_v1_0_31" is now "C:/AMDDesignTools/2025.2/Vivado/data/xsim/ip/fc32_rs_fec_v1_0_31"
INFO: [VRFC 10-8707] VHDL library search path for library "fec_5g_common_v1_1_7" is now "C:/AMDDesignTools/2025.2/Vivado/data/xsim/ip/fec_5g_common_v1_1_7"
INFO: [VRFC 10-8319] The Verilog library search path for library "fec_5g_common_v1_1_7" is now "C:/AMDDesignTools/2025.2/Vivado/data/xsim/ip/fec_5g_common_v1_1_7"
INFO: [VRFC 10-8707] VHDL library search path for library "fir_compiler_v7_2_26" is now "C:/AMDDesignTools/2025.2/Vivado/data/xsim/ip/fir_compiler_v7_2_26"
INFO: [VRFC 10-8319] The Verilog library search path for library "fir_compiler_v7_2_26" is now "C:/AMDDesignTools/2025.2/Vivado/data/xsim/ip/fir_compiler_v7_2_26"
INFO: [VRFC 10-8707] VHDL library search path for library "flexo_100g_rs_fec_v1_0_32" is now "C:/AMDDesignTools/2025.2/Vivado/data/xsim/ip/flexo_100g_rs_fec_v1_0_32"
INFO: [VRFC 10-8319] The Verilog library search path for library "flexo_100g_rs_fec_v1_0_32" is now "C:/AMDDesignTools/2025.2/Vivado/data/xsim/ip/flexo_100g_rs_fec_v1_0_32"
INFO: [VRFC 10-8707] VHDL library search path for library "xdfe_common_v1_0_5" is now "C:/AMDDesignTools/2025.2/Vivado/data/xsim/ip/xdfe_common_v1_0_5"
INFO: [VRFC 10-8319] The Verilog library search path for library "xdfe_common_v1_0_5" is now "C:/AMDDesignTools/2025.2/Vivado/data/xsim/ip/xdfe_common_v1_0_5"
INFO: [VRFC 10-8707] VHDL library search path for library "xdfe_fft_v1_0_10" is now "C:/AMDDesignTools/2025.2/Vivado/data/xsim/ip/xdfe_fft_v1_0_10"
INFO: [VRFC 10-8319] The Verilog library search path for library "xdfe_fft_v1_0_10" is now "C:/AMDDesignTools/2025.2/Vivado/data/xsim/ip/xdfe_fft_v1_0_10"
INFO: [VRFC 10-8707] VHDL library search path for library "ft_prach_v1_2_5" is now "C:/AMDDesignTools/2025.2/Vivado/data/xsim/ip/ft_prach_v1_2_5"
INFO: [VRFC 10-8319] The Verilog library search path for library "ft_prach_v1_2_5" is now "C:/AMDDesignTools/2025.2/Vivado/data/xsim/ip/ft_prach_v1_2_5"
INFO: [VRFC 10-8707] VHDL library search path for library "g709_fec_v2_4_13" is now "C:/AMDDesignTools/2025.2/Vivado/data/xsim/ip/g709_fec_v2_4_13"
INFO: [VRFC 10-8319] The Verilog library search path for library "g709_fec_v2_4_13" is now "C:/AMDDesignTools/2025.2/Vivado/data/xsim/ip/g709_fec_v2_4_13"
INFO: [VRFC 10-8707] VHDL library search path for library "g975_efec_i4_v1_0_25" is now "C:/AMDDesignTools/2025.2/Vivado/data/xsim/ip/g975_efec_i4_v1_0_25"
INFO: [VRFC 10-8319] The Verilog library search path for library "g975_efec_i4_v1_0_25" is now "C:/AMDDesignTools/2025.2/Vivado/data/xsim/ip/g975_efec_i4_v1_0_25"
INFO: [VRFC 10-8707] VHDL library search path for library "g975_efec_i7_v2_0_26" is now "C:/AMDDesignTools/2025.2/Vivado/data/xsim/ip/g975_efec_i7_v2_0_26"
INFO: [VRFC 10-8319] The Verilog library search path for library "g975_efec_i7_v2_0_26" is now "C:/AMDDesignTools/2025.2/Vivado/data/xsim/ip/g975_efec_i7_v2_0_26"
INFO: [VRFC 10-8707] VHDL library search path for library "icap_arb_v1_0_2" is now "C:/AMDDesignTools/2025.2/Vivado/data/xsim/ip/icap_arb_v1_0_2"
INFO: [VRFC 10-8319] The Verilog library search path for library "icap_arb_v1_0_2" is now "C:/AMDDesignTools/2025.2/Vivado/data/xsim/ip/icap_arb_v1_0_2"
INFO: [VRFC 10-8707] VHDL library search path for library "ieee802d3_200g_rs_fec_v2_0_15" is now "C:/AMDDesignTools/2025.2/Vivado/data/xsim/ip/ieee802d3_200g_rs_fec_v2_0_15"
INFO: [VRFC 10-8319] The Verilog library search path for library "ieee802d3_200g_rs_fec_v2_0_15" is now "C:/AMDDesignTools/2025.2/Vivado/data/xsim/ip/ieee802d3_200g_rs_fec_v2_0_15"
INFO: [VRFC 10-8707] VHDL library search path for library "ldpc_v2_0_19" is now "C:/AMDDesignTools/2025.2/Vivado/data/xsim/ip/ldpc_v2_0_19"
INFO: [VRFC 10-8319] The Verilog library search path for library "ldpc_v2_0_19" is now "C:/AMDDesignTools/2025.2/Vivado/data/xsim/ip/ldpc_v2_0_19"
INFO: [VRFC 10-8707] VHDL library search path for library "ieee802d3_25g_rs_fec_v1_0_34" is now "C:/AMDDesignTools/2025.2/Vivado/data/xsim/ip/ieee802d3_25g_rs_fec_v1_0_34"
INFO: [VRFC 10-8319] The Verilog library search path for library "ieee802d3_25g_rs_fec_v1_0_34" is now "C:/AMDDesignTools/2025.2/Vivado/data/xsim/ip/ieee802d3_25g_rs_fec_v1_0_34"
INFO: [VRFC 10-8707] VHDL library search path for library "ieee802d3_400g_rs_fec_v3_0_6" is now "C:/AMDDesignTools/2025.2/Vivado/data/xsim/ip/ieee802d3_400g_rs_fec_v3_0_6"
INFO: [VRFC 10-8319] The Verilog library search path for library "ieee802d3_400g_rs_fec_v3_0_6" is now "C:/AMDDesignTools/2025.2/Vivado/data/xsim/ip/ieee802d3_400g_rs_fec_v3_0_6"
INFO: [VRFC 10-8707] VHDL library search path for library "ieee802d3_50g_rs_fec_v2_0_21" is now "C:/AMDDesignTools/2025.2/Vivado/data/xsim/ip/ieee802d3_50g_rs_fec_v2_0_21"
INFO: [VRFC 10-8319] The Verilog library search path for library "ieee802d3_50g_rs_fec_v2_0_21" is now "C:/AMDDesignTools/2025.2/Vivado/data/xsim/ip/ieee802d3_50g_rs_fec_v2_0_21"
INFO: [VRFC 10-8707] VHDL library search path for library "ieee802d3_rs_fec_v2_0_27" is now "C:/AMDDesignTools/2025.2/Vivado/data/xsim/ip/ieee802d3_rs_fec_v2_0_27"
INFO: [VRFC 10-8319] The Verilog library search path for library "ieee802d3_rs_fec_v2_0_27" is now "C:/AMDDesignTools/2025.2/Vivado/data/xsim/ip/ieee802d3_rs_fec_v2_0_27"
INFO: [VRFC 10-8707] VHDL library search path for library "lpddrmc_phy_v1_0_1" is now "C:/AMDDesignTools/2025.2/Vivado/data/xsim/ip/lpddrmc_phy_v1_0_1"
INFO: [VRFC 10-8319] The Verilog library search path for library "lpddrmc_phy_v1_0_1" is now "C:/AMDDesignTools/2025.2/Vivado/data/xsim/ip/lpddrmc_phy_v1_0_1"
INFO: [VRFC 10-8707] VHDL library search path for library "xfft_v9_1_15" is now "C:/AMDDesignTools/2025.2/Vivado/data/xsim/ip/xfft_v9_1_15"
INFO: [VRFC 10-8319] The Verilog library search path for library "xfft_v9_1_15" is now "C:/AMDDesignTools/2025.2/Vivado/data/xsim/ip/xfft_v9_1_15"
INFO: [VRFC 10-8707] VHDL library search path for library "lte_fft_v2_1_13" is now "C:/AMDDesignTools/2025.2/Vivado/data/xsim/ip/lte_fft_v2_1_13"
INFO: [VRFC 10-8319] The Verilog library search path for library "lte_fft_v2_1_13" is now "C:/AMDDesignTools/2025.2/Vivado/data/xsim/ip/lte_fft_v2_1_13"
INFO: [VRFC 10-8707] VHDL library search path for library "ltpi_v3_0_0" is now "C:/AMDDesignTools/2025.2/Vivado/data/xsim/ip/ltpi_v3_0_0"
INFO: [VRFC 10-8319] The Verilog library search path for library "ltpi_v3_0_0" is now "C:/AMDDesignTools/2025.2/Vivado/data/xsim/ip/ltpi_v3_0_0"
INFO: [VRFC 10-8707] VHDL library search path for library "mailbox_v2_1_20" is now "C:/AMDDesignTools/2025.2/Vivado/data/xsim/ip/mailbox_v2_1_20"
INFO: [VRFC 10-8319] The Verilog library search path for library "mailbox_v2_1_20" is now "C:/AMDDesignTools/2025.2/Vivado/data/xsim/ip/mailbox_v2_1_20"
INFO: [VRFC 10-8707] VHDL library search path for library "mdm_riscv_v1_0_7" is now "C:/AMDDesignTools/2025.2/Vivado/data/xsim/ip/mdm_riscv_v1_0_7"
INFO: [VRFC 10-8319] The Verilog library search path for library "mdm_riscv_v1_0_7" is now "C:/AMDDesignTools/2025.2/Vivado/data/xsim/ip/mdm_riscv_v1_0_7"
INFO: [VRFC 10-8707] VHDL library search path for library "mdm_v3_2_29" is now "C:/AMDDesignTools/2025.2/Vivado/data/xsim/ip/mdm_v3_2_29"
INFO: [VRFC 10-8319] The Verilog library search path for library "mdm_v3_2_29" is now "C:/AMDDesignTools/2025.2/Vivado/data/xsim/ip/mdm_v3_2_29"
INFO: [VRFC 10-8707] VHDL library search path for library "mem_tg_v1_0_19" is now "C:/AMDDesignTools/2025.2/Vivado/data/xsim/ip/mem_tg_v1_0_19"
INFO: [VRFC 10-8319] The Verilog library search path for library "mem_tg_v1_0_19" is now "C:/AMDDesignTools/2025.2/Vivado/data/xsim/ip/mem_tg_v1_0_19"
INFO: [VRFC 10-8707] VHDL library search path for library "iomodule_v3_0" is now "C:/AMDDesignTools/2025.2/Vivado/data/xsim/ip/iomodule_v3_0"
INFO: [VRFC 10-8319] The Verilog library search path for library "iomodule_v3_0" is now "C:/AMDDesignTools/2025.2/Vivado/data/xsim/ip/iomodule_v3_0"
INFO: [VRFC 10-8707] VHDL library search path for library "lmb_bram_if_cntlr_v4_0" is now "C:/AMDDesignTools/2025.2/Vivado/data/xsim/ip/lmb_bram_if_cntlr_v4_0"
INFO: [VRFC 10-8319] The Verilog library search path for library "lmb_bram_if_cntlr_v4_0" is now "C:/AMDDesignTools/2025.2/Vivado/data/xsim/ip/lmb_bram_if_cntlr_v4_0"
INFO: [VRFC 10-8707] VHDL library search path for library "lmb_v10_v3_0" is now "C:/AMDDesignTools/2025.2/Vivado/data/xsim/ip/lmb_v10_v3_0"
INFO: [VRFC 10-8319] The Verilog library search path for library "lmb_v10_v3_0" is now "C:/AMDDesignTools/2025.2/Vivado/data/xsim/ip/lmb_v10_v3_0"
INFO: [VRFC 10-8707] VHDL library search path for library "axi_lite_ipif_v3_0" is now "C:/AMDDesignTools/2025.2/Vivado/data/xsim/ip/axi_lite_ipif_v3_0"
INFO: [VRFC 10-8319] The Verilog library search path for library "axi_lite_ipif_v3_0" is now "C:/AMDDesignTools/2025.2/Vivado/data/xsim/ip/axi_lite_ipif_v3_0"
INFO: [VRFC 10-8707] VHDL library search path for library "mdm_v3_2" is now "C:/AMDDesignTools/2025.2/Vivado/data/xsim/ip/mdm_v3_2"
INFO: [VRFC 10-8319] The Verilog library search path for library "mdm_v3_2" is now "C:/AMDDesignTools/2025.2/Vivado/data/xsim/ip/mdm_v3_2"
INFO: [VRFC 10-8707] VHDL library search path for library "microblaze_mcs_v2_3_7" is now "C:/AMDDesignTools/2025.2/Vivado/data/xsim/ip/microblaze_mcs_v2_3_7"
INFO: [VRFC 10-8319] The Verilog library search path for library "microblaze_mcs_v2_3_7" is now "C:/AMDDesignTools/2025.2/Vivado/data/xsim/ip/microblaze_mcs_v2_3_7"
INFO: [VRFC 10-8707] VHDL library search path for library "microblaze_riscv_v1_0_7" is now "C:/AMDDesignTools/2025.2/Vivado/data/xsim/ip/microblaze_riscv_v1_0_7"
INFO: [VRFC 10-8319] The Verilog library search path for library "microblaze_riscv_v1_0_7" is now "C:/AMDDesignTools/2025.2/Vivado/data/xsim/ip/microblaze_riscv_v1_0_7"
INFO: [VRFC 10-8707] VHDL library search path for library "mrmac_10g_mux_v1_0_0" is now "C:/AMDDesignTools/2025.2/Vivado/data/xsim/ip/mrmac_10g_mux_v1_0_0"
INFO: [VRFC 10-8319] The Verilog library search path for library "mrmac_10g_mux_v1_0_0" is now "C:/AMDDesignTools/2025.2/Vivado/data/xsim/ip/mrmac_10g_mux_v1_0_0"
INFO: [VRFC 10-8707] VHDL library search path for library "perf_axi_tg_v1_0_19" is now "C:/AMDDesignTools/2025.2/Vivado/data/xsim/ip/perf_axi_tg_v1_0_19"
INFO: [VRFC 10-8319] The Verilog library search path for library "perf_axi_tg_v1_0_19" is now "C:/AMDDesignTools/2025.2/Vivado/data/xsim/ip/perf_axi_tg_v1_0_19"
INFO: [VRFC 10-8707] VHDL library search path for library "polar_v1_1_8" is now "C:/AMDDesignTools/2025.2/Vivado/data/xsim/ip/polar_v1_1_8"
INFO: [VRFC 10-8319] The Verilog library search path for library "polar_v1_1_8" is now "C:/AMDDesignTools/2025.2/Vivado/data/xsim/ip/polar_v1_1_8"
INFO: [VRFC 10-8707] VHDL library search path for library "processing_system7_vip_v1_0_24" is now "C:/AMDDesignTools/2025.2/Vivado/data/xsim/ip/processing_system7_vip_v1_0_24"
INFO: [VRFC 10-8319] The Verilog library search path for library "processing_system7_vip_v1_0_24" is now "C:/AMDDesignTools/2025.2/Vivado/data/xsim/ip/processing_system7_vip_v1_0_24"
INFO: [VRFC 10-8707] VHDL library search path for library "ps11_vip_v1_0_4" is now "C:/AMDDesignTools/2025.2/Vivado/data/xsim/ip/ps11_vip_v1_0_4"
INFO: [VRFC 10-8319] The Verilog library search path for library "ps11_vip_v1_0_4" is now "C:/AMDDesignTools/2025.2/Vivado/data/xsim/ip/ps11_vip_v1_0_4"
INFO: [VRFC 10-8707] VHDL library search path for library "psx_vip_v1_0_10" is now "C:/AMDDesignTools/2025.2/Vivado/data/xsim/ip/psx_vip_v1_0_10"
INFO: [VRFC 10-8319] The Verilog library search path for library "psx_vip_v1_0_10" is now "C:/AMDDesignTools/2025.2/Vivado/data/xsim/ip/psx_vip_v1_0_10"
INFO: [VRFC 10-8707] VHDL library search path for library "qdriv_pl_phy_v1_0_2" is now "C:/AMDDesignTools/2025.2/Vivado/data/xsim/ip/qdriv_pl_phy_v1_0_2"
INFO: [VRFC 10-8319] The Verilog library search path for library "qdriv_pl_phy_v1_0_2" is now "C:/AMDDesignTools/2025.2/Vivado/data/xsim/ip/qdriv_pl_phy_v1_0_2"
INFO: [VRFC 10-8707] VHDL library search path for library "quadsgmii_v4_0_0" is now "C:/AMDDesignTools/2025.2/Vivado/data/xsim/ip/quadsgmii_v4_0_0"
INFO: [VRFC 10-8319] The Verilog library search path for library "quadsgmii_v4_0_0" is now "C:/AMDDesignTools/2025.2/Vivado/data/xsim/ip/quadsgmii_v4_0_0"
INFO: [VRFC 10-8707] VHDL library search path for library "rs_encoder_v9_0_24" is now "C:/AMDDesignTools/2025.2/Vivado/data/xsim/ip/rs_encoder_v9_0_24"
INFO: [VRFC 10-8319] The Verilog library search path for library "rs_encoder_v9_0_24" is now "C:/AMDDesignTools/2025.2/Vivado/data/xsim/ip/rs_encoder_v9_0_24"
INFO: [VRFC 10-8707] VHDL library search path for library "sd_fec_v1_1_17" is now "C:/AMDDesignTools/2025.2/Vivado/data/xsim/ip/sd_fec_v1_1_17"
INFO: [VRFC 10-8319] The Verilog library search path for library "sd_fec_v1_1_17" is now "C:/AMDDesignTools/2025.2/Vivado/data/xsim/ip/sd_fec_v1_1_17"
INFO: [VRFC 10-8707] VHDL library search path for library "shell_utils_addr_remap_v1_0_14" is now "C:/AMDDesignTools/2025.2/Vivado/data/xsim/ip/shell_utils_addr_remap_v1_0_14"
INFO: [VRFC 10-8319] The Verilog library search path for library "shell_utils_addr_remap_v1_0_14" is now "C:/AMDDesignTools/2025.2/Vivado/data/xsim/ip/shell_utils_addr_remap_v1_0_14"
INFO: [VRFC 10-8707] VHDL library search path for library "shell_utils_build_info_v2_0_0" is now "C:/AMDDesignTools/2025.2/Vivado/data/xsim/ip/shell_utils_build_info_v2_0_0"
INFO: [VRFC 10-8319] The Verilog library search path for library "shell_utils_build_info_v2_0_0" is now "C:/AMDDesignTools/2025.2/Vivado/data/xsim/ip/shell_utils_build_info_v2_0_0"
INFO: [VRFC 10-8707] VHDL library search path for library "sid_v8_0_24" is now "C:/AMDDesignTools/2025.2/Vivado/data/xsim/ip/sid_v8_0_24"
INFO: [VRFC 10-8319] The Verilog library search path for library "sid_v8_0_24" is now "C:/AMDDesignTools/2025.2/Vivado/data/xsim/ip/sid_v8_0_24"
INFO: [VRFC 10-8707] VHDL library search path for library "soft_ecc_proxy_v1_1_3" is now "C:/AMDDesignTools/2025.2/Vivado/data/xsim/ip/soft_ecc_proxy_v1_1_3"
INFO: [VRFC 10-8319] The Verilog library search path for library "soft_ecc_proxy_v1_1_3" is now "C:/AMDDesignTools/2025.2/Vivado/data/xsim/ip/soft_ecc_proxy_v1_1_3"
INFO: [VRFC 10-8707] VHDL library search path for library "spdif_v2_0_32" is now "C:/AMDDesignTools/2025.2/Vivado/data/xsim/ip/spdif_v2_0_32"
INFO: [VRFC 10-8319] The Verilog library search path for library "spdif_v2_0_32" is now "C:/AMDDesignTools/2025.2/Vivado/data/xsim/ip/spdif_v2_0_32"
INFO: [VRFC 10-8707] VHDL library search path for library "srio_gen2_v4_1_24" is now "C:/AMDDesignTools/2025.2/Vivado/data/xsim/ip/srio_gen2_v4_1_24"
INFO: [VRFC 10-8319] The Verilog library search path for library "srio_gen2_v4_1_24" is now "C:/AMDDesignTools/2025.2/Vivado/data/xsim/ip/srio_gen2_v4_1_24"
INFO: [VRFC 10-8707] VHDL library search path for library "switch_core_top_v2_0_2" is now "C:/AMDDesignTools/2025.2/Vivado/data/xsim/ip/switch_core_top_v2_0_2"
INFO: [VRFC 10-8319] The Verilog library search path for library "switch_core_top_v2_0_2" is now "C:/AMDDesignTools/2025.2/Vivado/data/xsim/ip/switch_core_top_v2_0_2"
INFO: [VRFC 10-8707] VHDL library search path for library "tcc_decoder_3gppmm_v2_0_30" is now "C:/AMDDesignTools/2025.2/Vivado/data/xsim/ip/tcc_decoder_3gppmm_v2_0_30"
INFO: [VRFC 10-8319] The Verilog library search path for library "tcc_decoder_3gppmm_v2_0_30" is now "C:/AMDDesignTools/2025.2/Vivado/data/xsim/ip/tcc_decoder_3gppmm_v2_0_30"
INFO: [VRFC 10-8707] VHDL library search path for library "tcc_encoder_3gpp_v5_0_25" is now "C:/AMDDesignTools/2025.2/Vivado/data/xsim/ip/tcc_encoder_3gpp_v5_0_25"
INFO: [VRFC 10-8319] The Verilog library search path for library "tcc_encoder_3gpp_v5_0_25" is now "C:/AMDDesignTools/2025.2/Vivado/data/xsim/ip/tcc_encoder_3gpp_v5_0_25"
INFO: [VRFC 10-8707] VHDL library search path for library "tcc_encoder_3gpplte_v4_0_22" is now "C:/AMDDesignTools/2025.2/Vivado/data/xsim/ip/tcc_encoder_3gpplte_v4_0_22"
INFO: [VRFC 10-8319] The Verilog library search path for library "tcc_encoder_3gpplte_v4_0_22" is now "C:/AMDDesignTools/2025.2/Vivado/data/xsim/ip/tcc_encoder_3gpplte_v4_0_22"
INFO: [VRFC 10-8707] VHDL library search path for library "tmr_comparator_v1_0_10" is now "C:/AMDDesignTools/2025.2/Vivado/data/xsim/ip/tmr_comparator_v1_0_10"
INFO: [VRFC 10-8319] The Verilog library search path for library "tmr_comparator_v1_0_10" is now "C:/AMDDesignTools/2025.2/Vivado/data/xsim/ip/tmr_comparator_v1_0_10"
INFO: [VRFC 10-8707] VHDL library search path for library "tmr_sem_v1_0_29" is now "C:/AMDDesignTools/2025.2/Vivado/data/xsim/ip/tmr_sem_v1_0_29"
INFO: [VRFC 10-8319] The Verilog library search path for library "tmr_sem_v1_0_29" is now "C:/AMDDesignTools/2025.2/Vivado/data/xsim/ip/tmr_sem_v1_0_29"
INFO: [VRFC 10-8707] VHDL library search path for library "tri_mode_ethernet_mac_v9_0_39" is now "C:/AMDDesignTools/2025.2/Vivado/data/xsim/ip/tri_mode_ethernet_mac_v9_0_39"
INFO: [VRFC 10-8319] The Verilog library search path for library "tri_mode_ethernet_mac_v9_0_39" is now "C:/AMDDesignTools/2025.2/Vivado/data/xsim/ip/tri_mode_ethernet_mac_v9_0_39"
INFO: [VRFC 10-8707] VHDL library search path for library "tsn_temac_v1_1_1" is now "C:/AMDDesignTools/2025.2/Vivado/data/xsim/ip/tsn_temac_v1_1_1"
INFO: [VRFC 10-8319] The Verilog library search path for library "tsn_temac_v1_1_1" is now "C:/AMDDesignTools/2025.2/Vivado/data/xsim/ip/tsn_temac_v1_1_1"
INFO: [VRFC 10-8707] VHDL library search path for library "v_dual_splitter_v1_0_12" is now "C:/AMDDesignTools/2025.2/Vivado/data/xsim/ip/v_dual_splitter_v1_0_12"
INFO: [VRFC 10-8319] The Verilog library search path for library "v_dual_splitter_v1_0_12" is now "C:/AMDDesignTools/2025.2/Vivado/data/xsim/ip/v_dual_splitter_v1_0_12"
INFO: [VRFC 10-8707] VHDL library search path for library "v_frmbuf_rd_v2_4_6" is now "C:/AMDDesignTools/2025.2/Vivado/data/xsim/ip/v_frmbuf_rd_v2_4_6"
INFO: [VRFC 10-8319] The Verilog library search path for library "v_frmbuf_rd_v2_4_6" is now "C:/AMDDesignTools/2025.2/Vivado/data/xsim/ip/v_frmbuf_rd_v2_4_6"
INFO: [VRFC 10-8707] VHDL library search path for library "v_frmbuf_rd_v2_5_5" is now "C:/AMDDesignTools/2025.2/Vivado/data/xsim/ip/v_frmbuf_rd_v2_5_5"
INFO: [VRFC 10-8319] The Verilog library search path for library "v_frmbuf_rd_v2_5_5" is now "C:/AMDDesignTools/2025.2/Vivado/data/xsim/ip/v_frmbuf_rd_v2_5_5"
INFO: [VRFC 10-8707] VHDL library search path for library "v_frmbuf_rd_v3_0_2" is now "C:/AMDDesignTools/2025.2/Vivado/data/xsim/ip/v_frmbuf_rd_v3_0_2"
INFO: [VRFC 10-8319] The Verilog library search path for library "v_frmbuf_rd_v3_0_2" is now "C:/AMDDesignTools/2025.2/Vivado/data/xsim/ip/v_frmbuf_rd_v3_0_2"
INFO: [VRFC 10-8707] VHDL library search path for library "v_frmbuf_wr_v2_5_5" is now "C:/AMDDesignTools/2025.2/Vivado/data/xsim/ip/v_frmbuf_wr_v2_5_5"
INFO: [VRFC 10-8319] The Verilog library search path for library "v_frmbuf_wr_v2_5_5" is now "C:/AMDDesignTools/2025.2/Vivado/data/xsim/ip/v_frmbuf_wr_v2_5_5"
INFO: [VRFC 10-8707] VHDL library search path for library "v_frmbuf_wr_v3_0_2" is now "C:/AMDDesignTools/2025.2/Vivado/data/xsim/ip/v_frmbuf_wr_v3_0_2"
INFO: [VRFC 10-8319] The Verilog library search path for library "v_frmbuf_wr_v3_0_2" is now "C:/AMDDesignTools/2025.2/Vivado/data/xsim/ip/v_frmbuf_wr_v3_0_2"
INFO: [VRFC 10-8707] VHDL library search path for library "v_hdmi_rx1_v1_0_14" is now "C:/AMDDesignTools/2025.2/Vivado/data/xsim/ip/v_hdmi_rx1_v1_0_14"
INFO: [VRFC 10-8319] The Verilog library search path for library "v_hdmi_rx1_v1_0_14" is now "C:/AMDDesignTools/2025.2/Vivado/data/xsim/ip/v_hdmi_rx1_v1_0_14"
INFO: [VRFC 10-8707] VHDL library search path for library "v_hdmi_tx1_v1_0_13" is now "C:/AMDDesignTools/2025.2/Vivado/data/xsim/ip/v_hdmi_tx1_v1_0_13"
INFO: [VRFC 10-8319] The Verilog library search path for library "v_hdmi_tx1_v1_0_13" is now "C:/AMDDesignTools/2025.2/Vivado/data/xsim/ip/v_hdmi_tx1_v1_0_13"
INFO: [VRFC 10-8707] VHDL library search path for library "v_mix_v5_2_15" is now "C:/AMDDesignTools/2025.2/Vivado/data/xsim/ip/v_mix_v5_2_15"
INFO: [VRFC 10-8319] The Verilog library search path for library "v_mix_v5_2_15" is now "C:/AMDDesignTools/2025.2/Vivado/data/xsim/ip/v_mix_v5_2_15"
INFO: [VRFC 10-8707] VHDL library search path for library "v_mix_v5_3_1" is now "C:/AMDDesignTools/2025.2/Vivado/data/xsim/ip/v_mix_v5_3_1"
INFO: [VRFC 10-8319] The Verilog library search path for library "v_mix_v5_3_1" is now "C:/AMDDesignTools/2025.2/Vivado/data/xsim/ip/v_mix_v5_3_1"
INFO: [VRFC 10-8707] VHDL library search path for library "v_mix_v6_0_0" is now "C:/AMDDesignTools/2025.2/Vivado/data/xsim/ip/v_mix_v6_0_0"
INFO: [VRFC 10-8319] The Verilog library search path for library "v_mix_v6_0_0" is now "C:/AMDDesignTools/2025.2/Vivado/data/xsim/ip/v_mix_v6_0_0"
INFO: [VRFC 10-8707] VHDL library search path for library "v_multi_scaler_v1_2_9" is now "C:/AMDDesignTools/2025.2/Vivado/data/xsim/ip/v_multi_scaler_v1_2_9"
INFO: [VRFC 10-8319] The Verilog library search path for library "v_multi_scaler_v1_2_9" is now "C:/AMDDesignTools/2025.2/Vivado/data/xsim/ip/v_multi_scaler_v1_2_9"
INFO: [VRFC 10-8707] VHDL library search path for library "v_tpg_v8_2_8" is now "C:/AMDDesignTools/2025.2/Vivado/data/xsim/ip/v_tpg_v8_2_8"
INFO: [VRFC 10-8319] The Verilog library search path for library "v_tpg_v8_2_8" is now "C:/AMDDesignTools/2025.2/Vivado/data/xsim/ip/v_tpg_v8_2_8"
INFO: [VRFC 10-8707] VHDL library search path for library "v_vid_gt_bridge_v2_0_6" is now "C:/AMDDesignTools/2025.2/Vivado/data/xsim/ip/v_vid_gt_bridge_v2_0_6"
INFO: [VRFC 10-8319] The Verilog library search path for library "v_vid_gt_bridge_v2_0_6" is now "C:/AMDDesignTools/2025.2/Vivado/data/xsim/ip/v_vid_gt_bridge_v2_0_6"
INFO: [VRFC 10-8707] VHDL library search path for library "v_vid_sdi_tx_bridge_v2_0_5" is now "C:/AMDDesignTools/2025.2/Vivado/data/xsim/ip/v_vid_sdi_tx_bridge_v2_0_5"
INFO: [VRFC 10-8319] The Verilog library search path for library "v_vid_sdi_tx_bridge_v2_0_5" is now "C:/AMDDesignTools/2025.2/Vivado/data/xsim/ip/v_vid_sdi_tx_bridge_v2_0_5"
INFO: [VRFC 10-8707] VHDL library search path for library "v_warp_filter_v1_1_7" is now "C:/AMDDesignTools/2025.2/Vivado/data/xsim/ip/v_warp_filter_v1_1_7"
INFO: [VRFC 10-8319] The Verilog library search path for library "v_warp_filter_v1_1_7" is now "C:/AMDDesignTools/2025.2/Vivado/data/xsim/ip/v_warp_filter_v1_1_7"
INFO: [VRFC 10-8707] VHDL library search path for library "v_warp_init_v1_1_7" is now "C:/AMDDesignTools/2025.2/Vivado/data/xsim/ip/v_warp_init_v1_1_7"
INFO: [VRFC 10-8319] The Verilog library search path for library "v_warp_init_v1_1_7" is now "C:/AMDDesignTools/2025.2/Vivado/data/xsim/ip/v_warp_init_v1_1_7"
INFO: [VRFC 10-8707] VHDL library search path for library "versal_cips_ps_vip_v1_0_14" is now "C:/AMDDesignTools/2025.2/Vivado/data/xsim/ip/versal_cips_ps_vip_v1_0_14"
INFO: [VRFC 10-8319] The Verilog library search path for library "versal_cips_ps_vip_v1_0_14" is now "C:/AMDDesignTools/2025.2/Vivado/data/xsim/ip/versal_cips_ps_vip_v1_0_14"
INFO: [VRFC 10-8707] VHDL library search path for library "videoaxi4s_bridge_v1_0_7" is now "C:/AMDDesignTools/2025.2/Vivado/data/xsim/ip/videoaxi4s_bridge_v1_0_7"
INFO: [VRFC 10-8319] The Verilog library search path for library "videoaxi4s_bridge_v1_0_7" is now "C:/AMDDesignTools/2025.2/Vivado/data/xsim/ip/videoaxi4s_bridge_v1_0_7"
INFO: [VRFC 10-8707] VHDL library search path for library "viterbi_v9_1_20" is now "C:/AMDDesignTools/2025.2/Vivado/data/xsim/ip/viterbi_v9_1_20"
INFO: [VRFC 10-8319] The Verilog library search path for library "viterbi_v9_1_20" is now "C:/AMDDesignTools/2025.2/Vivado/data/xsim/ip/viterbi_v9_1_20"
INFO: [VRFC 10-8707] VHDL library search path for library "vitis_net_p4_v2_4_0" is now "C:/AMDDesignTools/2025.2/Vivado/data/xsim/ip/vitis_net_p4_v2_4_0"
INFO: [VRFC 10-8319] The Verilog library search path for library "vitis_net_p4_v2_4_0" is now "C:/AMDDesignTools/2025.2/Vivado/data/xsim/ip/vitis_net_p4_v2_4_0"
INFO: [VRFC 10-8707] VHDL library search path for library "vrf_data_converter_v1_2_0" is now "C:/AMDDesignTools/2025.2/Vivado/data/xsim/ip/vrf_data_converter_v1_2_0"
INFO: [VRFC 10-8319] The Verilog library search path for library "vrf_data_converter_v1_2_0" is now "C:/AMDDesignTools/2025.2/Vivado/data/xsim/ip/vrf_data_converter_v1_2_0"
INFO: [VRFC 10-8707] VHDL library search path for library "xbip_multadd_v3_0_23" is now "C:/AMDDesignTools/2025.2/Vivado/data/xsim/ip/xbip_multadd_v3_0_23"
INFO: [VRFC 10-8319] The Verilog library search path for library "xbip_multadd_v3_0_23" is now "C:/AMDDesignTools/2025.2/Vivado/data/xsim/ip/xbip_multadd_v3_0_23"
INFO: [VRFC 10-8707] VHDL library search path for library "xdfe_cc_filter_v1_1_7" is now "C:/AMDDesignTools/2025.2/Vivado/data/xsim/ip/xdfe_cc_filter_v1_1_7"
INFO: [VRFC 10-8319] The Verilog library search path for library "xdfe_cc_filter_v1_1_7" is now "C:/AMDDesignTools/2025.2/Vivado/data/xsim/ip/xdfe_cc_filter_v1_1_7"
INFO: [VRFC 10-8707] VHDL library search path for library "xdfe_cc_mixer_v2_0_7" is now "C:/AMDDesignTools/2025.2/Vivado/data/xsim/ip/xdfe_cc_mixer_v2_0_7"
INFO: [VRFC 10-8319] The Verilog library search path for library "xdfe_cc_mixer_v2_0_7" is now "C:/AMDDesignTools/2025.2/Vivado/data/xsim/ip/xdfe_cc_mixer_v2_0_7"
INFO: [VRFC 10-8707] VHDL library search path for library "xdfe_equalizer_v1_0_12" is now "C:/AMDDesignTools/2025.2/Vivado/data/xsim/ip/xdfe_equalizer_v1_0_12"
INFO: [VRFC 10-8319] The Verilog library search path for library "xdfe_equalizer_v1_0_12" is now "C:/AMDDesignTools/2025.2/Vivado/data/xsim/ip/xdfe_equalizer_v1_0_12"
INFO: [VRFC 10-8707] VHDL library search path for library "xdfe_nr_prach_v2_0_6" is now "C:/AMDDesignTools/2025.2/Vivado/data/xsim/ip/xdfe_nr_prach_v2_0_6"
INFO: [VRFC 10-8319] The Verilog library search path for library "xdfe_nr_prach_v2_0_6" is now "C:/AMDDesignTools/2025.2/Vivado/data/xsim/ip/xdfe_nr_prach_v2_0_6"
INFO: [VRFC 10-8707] VHDL library search path for library "xdfe_ofdm_v2_2_2" is now "C:/AMDDesignTools/2025.2/Vivado/data/xsim/ip/xdfe_ofdm_v2_2_2"
INFO: [VRFC 10-8319] The Verilog library search path for library "xdfe_ofdm_v2_2_2" is now "C:/AMDDesignTools/2025.2/Vivado/data/xsim/ip/xdfe_ofdm_v2_2_2"
INFO: [VRFC 10-8707] VHDL library search path for library "xp5io_wizard_phy_v1_0_0" is now "C:/AMDDesignTools/2025.2/Vivado/data/xsim/ip/xp5io_wizard_phy_v1_0_0"
INFO: [VRFC 10-8319] The Verilog library search path for library "xp5io_wizard_phy_v1_0_0" is now "C:/AMDDesignTools/2025.2/Vivado/data/xsim/ip/xp5io_wizard_phy_v1_0_0"
INFO: [VRFC 10-8707] VHDL library search path for library "xsdbs_v1_0_5" is now "C:/AMDDesignTools/2025.2/Vivado/data/xsim/ip/xsdbs_v1_0_5"
INFO: [VRFC 10-8319] The Verilog library search path for library "xsdbs_v1_0_5" is now "C:/AMDDesignTools/2025.2/Vivado/data/xsim/ip/xsdbs_v1_0_5"
INFO: [VRFC 10-8707] VHDL library search path for library "zynq_ultra_ps_e_vip_v1_0_22" is now "C:/AMDDesignTools/2025.2/Vivado/data/xsim/ip/zynq_ultra_ps_e_vip_v1_0_22"
INFO: [VRFC 10-8319] The Verilog library search path for library "zynq_ultra_ps_e_vip_v1_0_22" is now "C:/AMDDesignTools/2025.2/Vivado/data/xsim/ip/zynq_ultra_ps_e_vip_v1_0_22"
INFO: [VRFC 10-8707] VHDL library search path for library "uvm" is now "C:/AMDDesignTools/2025.2/Vivado/data/xsim/system_verilog/uvm"
INFO: [VRFC 10-8319] The Verilog library search path for library "uvm" is now "C:/AMDDesignTools/2025.2/Vivado/data/xsim/system_verilog/uvm"
INFO: [VRFC 10-8707] VHDL library search path for library "work" is now "//wsl.localhost/Ubuntu/home/arunvarshan/ADSProject/02_ALU/build/xsim.dir/work"
INFO: [VRFC 10-8319] The Verilog library search path for library "work" is now "//wsl.localhost/Ubuntu/home/arunvarshan/ADSProject/02_ALU/build/xsim.dir/work"
Environment is set as below at post-xsim.ini-loading: 

-- Dumping Relevant Environment Variables
XILINX = C:/AMDDesignTools/2025.2/Vivado/ids_lite/ISE
PATH = C:/AMDDesignTools/2025.2/Vivado\tps\win64\python-3.13.0;C:/AMDDesignTools/2025.2/Vivado\tps\win64\python-3.13.0\bin;C:/AMDDesignTools/2025.2/Vivado\tps\win64\python-3.13.0\lib;C:/AMDDesignTools/2025.2/Vivado\tps\win64\python-3.13.0\lib\site-packages;C:/AMDDesignTools/2025.2/Vivado\gnuwin\bin;C:/AMDDesignTools/2025.2/Vivado\gnu\microblaze\nt\bin;C:/AMDDesignTools/2025.2/Vivado/bin;C:/AMDDesignTools/2025.2/Vivado\tps\win64;C:/AMDDesignTools/2025.2/Vivado/tps/win64/java-cef-95.0.4638.69/bin/lib/win64;C:/AMDDesignTools/2025.2/Vivado/tps/win64/javafx-sdk-21.0.5/lib;C:/AMDDesignTools/2025.2/Vivado/tps/win64/javafx-sdk-21.0.5/bin;C:/AMDDesignTools/2025.2/Vivado/lib/win64.o;C:/AMDDesignTools/2025.2/Vivado/tps/win64/jre21.0.5_11/bin/server;C:/AMDDesignTools/2025.2/Vivado/tps/win64/jre21.0.5_11/bin;C:/AMDDesignTools/2025.2/Vitis/bin;C:/AMDDesignTools/2025.2/Vivado/ids_lite/ISE/bin/nt64;C:/AMDDesignTools/2025.2/Vivado/ids_lite/ISE/lib/nt64;C:\Windows\system32;C:\Windows;C:\Windows\System32\Wbem;C:\Windows\System32\WindowsPowerShell\v1.0\;C:\Windows\System32\OpenSSH\;C:\Program Files (x86)\NVIDIA Corporation\PhysX\Common;C:\Program Files\NVIDIA Corporation\NVIDIA NvDLISR;C:\Program Files\WireGuard\;C:\Users\LOQ\AppData\Local\Microsoft\WindowsApps;C:\Users\LOQ\AppData\Local\Programs\Microsoft VS Code\bin;C:/AMDDesignTools/2025.2/Vivado\tps\mingw\6.2.0\win64.o\nt\bin;C:/AMDDesignTools/2025.2/Vivado\tps\mingw\6.2.0\win64.o\nt\libexec\gcc\x86_64-w64-mingw32\6.2.0
CWD = \\wsl.localhost\Ubuntu\home\arunvarshan\ADSProject\02_ALU\build

-- Dumping Operating System Information
release = 6.2 
machine = x86_64
ram (total) = 24260 MB
ram (free) = 8437 MB

-- Dumping Loaded Modules
-- Dumping library mapping
accelerator_monitor_v1_1_0=C:\AMDDesignTools\2025.2\Vivado\data/xsim/ip/accelerator_monitor_v1_1_0
adc_dac_if_phy_v1_0_0=C:\AMDDesignTools\2025.2\Vivado\data/xsim/ip/adc_dac_if_phy_v1_0_0
advanced_io_wizard_phy_v1_0_5=C:\AMDDesignTools\2025.2\Vivado\data/xsim/ip/advanced_io_wizard_phy_v1_0_5
advanced_io_wizard_phy_v1_1_0=C:\AMDDesignTools\2025.2\Vivado\data/xsim/ip/advanced_io_wizard_phy_v1_1_0
advanced_io_wizard_v1_0_16=C:\AMDDesignTools\2025.2\Vivado\data/xsim/ip/advanced_io_wizard_v1_0_16
advanced_io_wizard_v1_1_2=C:\AMDDesignTools\2025.2\Vivado\data/xsim/ip/advanced_io_wizard_v1_1_2
ahblite_axi_bridge_v3_0_29=C:\AMDDesignTools\2025.2\Vivado\data/xsim/ip/ahblite_axi_bridge_v3_0_29
ai_noc=C:\AMDDesignTools\2025.2\Vivado\data/xsim/ip/ai_noc
ai_pl=C:\AMDDesignTools\2025.2\Vivado\data/xsim/ip/ai_pl
ai_pl_trig=C:\AMDDesignTools\2025.2\Vivado\data/xsim/ip/ai_pl_trig
aie_ps_v1_0=C:\AMDDesignTools\2025.2\Vivado\data/xsim/ip/aie_ps_v1_0
aie_xtlm_v1_0_0=$RDI_DATADIR/xsim/ip/aie_xtlm_v1_0_0
amm_axi_bridge_v1_0_21=C:\AMDDesignTools\2025.2\Vivado\data/xsim/ip/amm_axi_bridge_v1_0_21
an_lt_v1_0_19=C:\AMDDesignTools\2025.2\Vivado\data/xsim/ip/an_lt_v1_0_19
anlt_subcore_ip_v1_0_3=C:\AMDDesignTools\2025.2\Vivado\data/xsim/ip/anlt_subcore_ip_v1_0_3
ats_switch_v1_0_14=C:\AMDDesignTools\2025.2\Vivado\data/xsim/ip/ats_switch_v1_0_14
audio_clock_recovery_unit_v1_0_6=C:\AMDDesignTools\2025.2\Vivado\data/xsim/ip/audio_clock_recovery_unit_v1_0_6
audio_formatter_v1_0_17=C:\AMDDesignTools\2025.2\Vivado\data/xsim/ip/audio_formatter_v1_0_17
audio_tpg_v1_0_2=C:\AMDDesignTools\2025.2\Vivado\data/xsim/ip/audio_tpg_v1_0_2
av_pat_gen_v2_0_3=C:\AMDDesignTools\2025.2\Vivado\data/xsim/ip/av_pat_gen_v2_0_3
axi4stream_vip_v1_1_21=C:\AMDDesignTools\2025.2\Vivado\data/xsim/ip/axi4stream_vip_v1_1_21
axi4svideo_bridge_v1_0_21=C:\AMDDesignTools\2025.2\Vivado\data/xsim/ip/axi4svideo_bridge_v1_0_21
axi_ahblite_bridge_v3_0_31=C:\AMDDesignTools\2025.2\Vivado\data/xsim/ip/axi_ahblite_bridge_v3_0_31
axi_amm_bridge_v1_0_25=C:\AMDDesignTools\2025.2\Vivado\data/xsim/ip/axi_amm_bridge_v1_0_25
axi_apb_bridge_v3_0_21=C:\AMDDesignTools\2025.2\Vivado\data/xsim/ip/axi_apb_bridge_v3_0_21
axi_bram_ctrl_v4_0_15=C:\AMDDesignTools\2025.2\Vivado\data/xsim/ip/axi_bram_ctrl_v4_0_15
axi_bram_ctrl_v4_1_13=C:\AMDDesignTools\2025.2\Vivado\data/xsim/ip/axi_bram_ctrl_v4_1_13
axi_cdma_v4_1_35=C:\AMDDesignTools\2025.2\Vivado\data/xsim/ip/axi_cdma_v4_1_35
axi_chip2chip_v5_0_28=C:\AMDDesignTools\2025.2\Vivado\data/xsim/ip/axi_chip2chip_v5_0_28
axi_clock_converter_v2_1_35=C:\AMDDesignTools\2025.2\Vivado\data/xsim/ip/axi_clock_converter_v2_1_35
axi_crossbar_v2_1_38=C:\AMDDesignTools\2025.2\Vivado\data/xsim/ip/axi_crossbar_v2_1_38
axi_data_fifo_v2_1_36=C:\AMDDesignTools\2025.2\Vivado\data/xsim/ip/axi_data_fifo_v2_1_36
axi_datamover_v5_1_37=C:\AMDDesignTools\2025.2\Vivado\data/xsim/ip/axi_datamover_v5_1_37
axi_dbg_hub=C:\AMDDesignTools\2025.2\Vivado\data/xsim/ip/axi_dbg_hub
axi_dma_v7_1_37=C:\AMDDesignTools\2025.2\Vivado\data/xsim/ip/axi_dma_v7_1_37
axi_dwidth_converter_v2_1_37=C:\AMDDesignTools\2025.2\Vivado\data/xsim/ip/axi_dwidth_converter_v2_1_37
axi_emc_v3_0_35=C:\AMDDesignTools\2025.2\Vivado\data/xsim/ip/axi_emc_v3_0_35
axi_epc_v2_0_39=C:\AMDDesignTools\2025.2\Vivado\data/xsim/ip/axi_epc_v2_0_39
axi_epu_v1_0_9=C:\AMDDesignTools\2025.2\Vivado\data/xsim/ip/axi_epu_v1_0_9
axi_ethernet_buffer_v2_0_26=C:\AMDDesignTools\2025.2\Vivado\data/xsim/ip/axi_ethernet_buffer_v2_0_26
axi_ethernetlite_v3_0_36=C:\AMDDesignTools\2025.2\Vivado\data/xsim/ip/axi_ethernetlite_v3_0_36
axi_fifo_mm_s_v4_3_7=C:\AMDDesignTools\2025.2\Vivado\data/xsim/ip/axi_fifo_mm_s_v4_3_7
axi_firewall_v1_2_10=C:\AMDDesignTools\2025.2\Vivado\data/xsim/ip/axi_firewall_v1_2_10
axi_gpio_v2_0_37=C:\AMDDesignTools\2025.2\Vivado\data/xsim/ip/axi_gpio_v2_0_37
axi_hbicap_v1_0_9=C:\AMDDesignTools\2025.2\Vivado\data/xsim/ip/axi_hbicap_v1_0_9
axi_hwicap_v3_0_39=C:\AMDDesignTools\2025.2\Vivado\data/xsim/ip/axi_hwicap_v3_0_39
axi_i3c_v1_0_5=C:\AMDDesignTools\2025.2\Vivado\data/xsim/ip/axi_i3c_v1_0_5
axi_iic_v2_1_11=C:\AMDDesignTools\2025.2\Vivado\data/xsim/ip/axi_iic_v2_1_11
axi_infrastructure_v1_1_0=C:\AMDDesignTools\2025.2\Vivado\data/xsim/ip/axi_infrastructure_v1_1_0
axi_intc_v4_1=$RDI_DATADIR/xsim/ip/axi_intc_v4_1
axi_intc_v4_1_22=C:\AMDDesignTools\2025.2\Vivado\data/xsim/ip/axi_intc_v4_1_22
axi_interface_monitor_v1_1_0=C:\AMDDesignTools\2025.2\Vivado\data/xsim/ip/axi_interface_monitor_v1_1_0
axi_jtag_v1_0_3=C:\AMDDesignTools\2025.2\Vivado\data/xsim/ip/axi_jtag_v1_0_3
axi_lite_ipif_v3_0=C:\AMDDesignTools\2025.2\Vivado\data/xsim/ip/axi_lite_ipif_v3_0
axi_lite_ipif_v3_0_4=C:\AMDDesignTools\2025.2\Vivado\data/xsim/ip/axi_lite_ipif_v3_0_4
axi_lmb_bridge_v1_0_5=C:\AMDDesignTools\2025.2\Vivado\data/xsim/ip/axi_lmb_bridge_v1_0_5
axi_mcdma_v1_2_3=C:\AMDDesignTools\2025.2\Vivado\data/xsim/ip/axi_mcdma_v1_2_3
axi_memory_init_v1_0_16=C:\AMDDesignTools\2025.2\Vivado\data/xsim/ip/axi_memory_init_v1_0_16
axi_mm2s_mapper_v1_1_34=C:\AMDDesignTools\2025.2\Vivado\data/xsim/ip/axi_mm2s_mapper_v1_1_34
axi_mmu_v2_1_34=C:\AMDDesignTools\2025.2\Vivado\data/xsim/ip/axi_mmu_v2_1_34
axi_pcie3_v3_0_36=C:\AMDDesignTools\2025.2\Vivado\data/xsim/ip/axi_pcie3_v3_0_36
axi_pcie_v2_9_15=C:\AMDDesignTools\2025.2\Vivado\data/xsim/ip/axi_pcie_v2_9_15
axi_perf_mon_v5_0_38=C:\AMDDesignTools\2025.2\Vivado\data/xsim/ip/axi_perf_mon_v5_0_38
axi_pmon_v1_0_3=C:\AMDDesignTools\2025.2\Vivado\data/xsim/ip/axi_pmon_v1_0_3
axi_protocol_checker_v2_0_21=C:\AMDDesignTools\2025.2\Vivado\data/xsim/ip/axi_protocol_checker_v2_0_21
axi_protocol_converter_v2_1_37=C:\AMDDesignTools\2025.2\Vivado\data/xsim/ip/axi_protocol_converter_v2_1_37
axi_quad_spi_v3_2_35=C:\AMDDesignTools\2025.2\Vivado\data/xsim/ip/axi_quad_spi_v3_2_35
axi_register_slice_v2_1_36=C:\AMDDesignTools\2025.2\Vivado\data/xsim/ip/axi_register_slice_v2_1_36
axi_remapper_rx_v1_0_3=C:\AMDDesignTools\2025.2\Vivado\data/xsim/ip/axi_remapper_rx_v1_0_3
axi_remapper_tx_v1_0_4=C:\AMDDesignTools\2025.2\Vivado\data/xsim/ip/axi_remapper_tx_v1_0_4
axi_sg_v4_1_21=C:\AMDDesignTools\2025.2\Vivado\data/xsim/ip/axi_sg_v4_1_21
axi_sideband_util_v1_0_18=C:\AMDDesignTools\2025.2\Vivado\data/xsim/ip/axi_sideband_util_v1_0_18
axi_stream_monitor_v1_1_1=C:\AMDDesignTools\2025.2\Vivado\data/xsim/ip/axi_stream_monitor_v1_1_1
axi_switch_v1_0_1=C:\AMDDesignTools\2025.2\Vivado\data/xsim/ip/axi_switch_v1_0_1
axi_tft_v2_0_31=C:\AMDDesignTools\2025.2\Vivado\data/xsim/ip/axi_tft_v2_0_31
axi_tg_sc_v1_0=$RDI_DATADIR/xsim/ip/axi_tg_sc_v1_0
axi_timebase_wdt_v3_0_27=C:\AMDDesignTools\2025.2\Vivado\data/xsim/ip/axi_timebase_wdt_v3_0_27
axi_timer_v2_0_37=C:\AMDDesignTools\2025.2\Vivado\data/xsim/ip/axi_timer_v2_0_37
axi_tlm_ext_v1_0=$RDI_DATADIR/xsim/ip/axi_tlm_ext_v1_0
axi_traffic_gen_v3_0_22=C:\AMDDesignTools\2025.2\Vivado\data/xsim/ip/axi_traffic_gen_v3_0_22
axi_uart16550_v2_0_39=C:\AMDDesignTools\2025.2\Vivado\data/xsim/ip/axi_uart16550_v2_0_39
axi_uartlite_v2_0_39=C:\AMDDesignTools\2025.2\Vivado\data/xsim/ip/axi_uartlite_v2_0_39
axi_usb2_device_v5_0_36=C:\AMDDesignTools\2025.2\Vivado\data/xsim/ip/axi_usb2_device_v5_0_36
axi_utils_v2_0_11=C:\AMDDesignTools\2025.2\Vivado\data/xsim/ip/axi_utils_v2_0_11
axi_vdma_v6_3_24=C:\AMDDesignTools\2025.2\Vivado\data/xsim/ip/axi_vdma_v6_3_24
axi_vfifo_ctrl_v2_0_39=C:\AMDDesignTools\2025.2\Vivado\data/xsim/ip/axi_vfifo_ctrl_v2_0_39
axi_vip_v1_1_22=C:\AMDDesignTools\2025.2\Vivado\data/xsim/ip/axi_vip_v1_1_22
axis_accelerator_adapter_v2_1_20=C:\AMDDesignTools\2025.2\Vivado\data/xsim/ip/axis_accelerator_adapter_v2_1_20
axis_broadcaster_v1_1_35=C:\AMDDesignTools\2025.2\Vivado\data/xsim/ip/axis_broadcaster_v1_1_35
axis_cap_ctrl_v1_0_1=C:\AMDDesignTools\2025.2\Vivado\data/xsim/ip/axis_cap_ctrl_v1_0_1
axis_clock_converter_v1_1_36=C:\AMDDesignTools\2025.2\Vivado\data/xsim/ip/axis_clock_converter_v1_1_36
axis_combiner_v1_1_33=C:\AMDDesignTools\2025.2\Vivado\data/xsim/ip/axis_combiner_v1_1_33
axis_data_fifo_v1_1_37=C:\AMDDesignTools\2025.2\Vivado\data/xsim/ip/axis_data_fifo_v1_1_37
axis_data_fifo_v2_0_17=C:\AMDDesignTools\2025.2\Vivado\data/xsim/ip/axis_data_fifo_v2_0_17
axis_dbg_stub_v1_0_1=C:\AMDDesignTools\2025.2\Vivado\data/xsim/ip/axis_dbg_stub_v1_0_1
axis_dbg_sync_v1_0_1=C:\AMDDesignTools\2025.2\Vivado\data/xsim/ip/axis_dbg_sync_v1_0_1
axis_dwidth_converter_sc_v1_1=$RDI_DATADIR/xsim/ip/axis_dwidth_converter_sc_v1_1
axis_dwidth_converter_v1_1_34=C:\AMDDesignTools\2025.2\Vivado\data/xsim/ip/axis_dwidth_converter_v1_1_34
axis_ila_adv_trig_v1_0_1=C:\AMDDesignTools\2025.2\Vivado\data/xsim/ip/axis_ila_adv_trig_v1_0_1
axis_ila_ct_v1_0_1=C:\AMDDesignTools\2025.2\Vivado\data/xsim/ip/axis_ila_ct_v1_0_1
axis_ila_intf_v1_0_2=C:\AMDDesignTools\2025.2\Vivado\data/xsim/ip/axis_ila_intf_v1_0_2
axis_ila_pp_v1_0_2=C:\AMDDesignTools\2025.2\Vivado\data/xsim/ip/axis_ila_pp_v1_0_2
axis_ila_txns_cntr_v1_0_0=C:\AMDDesignTools\2025.2\Vivado\data/xsim/ip/axis_ila_txns_cntr_v1_0_0
axis_infrastructure_v1_1_1=C:\AMDDesignTools\2025.2\Vivado\data/xsim/ip/axis_infrastructure_v1_1_1
axis_interconnect_v1_1_27=C:\AMDDesignTools\2025.2\Vivado\data/xsim/ip/axis_interconnect_v1_1_27
axis_itct_v1_0_1=C:\AMDDesignTools\2025.2\Vivado\data/xsim/ip/axis_itct_v1_0_1
axis_mem_v1_0_3=C:\AMDDesignTools\2025.2\Vivado\data/xsim/ip/axis_mem_v1_0_3
axis_mu_v1_0_1=C:\AMDDesignTools\2025.2\Vivado\data/xsim/ip/axis_mu_v1_0_1
axis_protocol_checker_v2_0_19=C:\AMDDesignTools\2025.2\Vivado\data/xsim/ip/axis_protocol_checker_v2_0_19
axis_register_slice_v1_1_35=C:\AMDDesignTools\2025.2\Vivado\data/xsim/ip/axis_register_slice_v1_1_35
axis_subset_converter_v1_1_36=C:\AMDDesignTools\2025.2\Vivado\data/xsim/ip/axis_subset_converter_v1_1_36
axis_switch_sc_v1_1=$RDI_DATADIR/xsim/ip/axis_switch_sc_v1_1
axis_switch_v1_1_35=C:\AMDDesignTools\2025.2\Vivado\data/xsim/ip/axis_switch_v1_1_35
axis_vio_v1_0_15=C:\AMDDesignTools\2025.2\Vivado\data/xsim/ip/axis_vio_v1_0_15
blk_mem_gen_v8_3_7=C:\AMDDesignTools\2025.2\Vivado\data/xsim/ip/blk_mem_gen_v8_3_7
blk_mem_gen_v8_4_12=C:\AMDDesignTools\2025.2\Vivado\data/xsim/ip/blk_mem_gen_v8_4_12
bs_mux_v1_0_1=C:\AMDDesignTools\2025.2\Vivado\data/xsim/ip/bs_mux_v1_0_1
bs_switch_v1_0_6=C:\AMDDesignTools\2025.2\Vivado\data/xsim/ip/bs_switch_v1_0_6
bscan_axi_v1_0_3=C:\AMDDesignTools\2025.2\Vivado\data/xsim/ip/bscan_axi_v1_0_3
bscan_jtag=C:\AMDDesignTools\2025.2\Vivado\data/xsim/ip/bscan_jtag
bsip_v1_1_1=C:\AMDDesignTools\2025.2\Vivado\data/xsim/ip/bsip_v1_1_1
c_accum_v12_0_21=C:\AMDDesignTools\2025.2\Vivado\data/xsim/ip/c_accum_v12_0_21
c_addsub_v12_0_21=C:\AMDDesignTools\2025.2\Vivado\data/xsim/ip/c_addsub_v12_0_21
c_compare_v12_0_11=C:\AMDDesignTools\2025.2\Vivado\data/xsim/ip/c_compare_v12_0_11
c_counter_binary_v12_0_22=C:\AMDDesignTools\2025.2\Vivado\data/xsim/ip/c_counter_binary_v12_0_22
c_reg_fd_v12_0_11=C:\AMDDesignTools\2025.2\Vivado\data/xsim/ip/c_reg_fd_v12_0_11
c_shift_ram_v12_0_20=C:\AMDDesignTools\2025.2\Vivado\data/xsim/ip/c_shift_ram_v12_0_20
cam_blk_lib_v1_4_0=C:\AMDDesignTools\2025.2\Vivado\data/xsim/ip/cam_blk_lib_v1_4_0
cam_v5_0_0=C:\AMDDesignTools\2025.2\Vivado\data/xsim/ip/cam_v5_0_0
can_v5_1_7=C:\AMDDesignTools\2025.2\Vivado\data/xsim/ip/can_v5_1_7
canfd_v3_0_14=C:\AMDDesignTools\2025.2\Vivado\data/xsim/ip/canfd_v3_0_14
cdcam_v2_0_0=C:\AMDDesignTools\2025.2\Vivado\data/xsim/ip/cdcam_v2_0_0
cic_compiler_v4_0_22=C:\AMDDesignTools\2025.2\Vivado\data/xsim/ip/cic_compiler_v4_0_22
clk_gen_sim_v1_0_6=C:\AMDDesignTools\2025.2\Vivado\data/xsim/ip/clk_gen_sim_v1_0_6
clk_vip_v1_0_6=C:\AMDDesignTools\2025.2\Vivado\data/xsim/ip/clk_vip_v1_0_6
cmac_usplus_v3_1_24=C:\AMDDesignTools\2025.2\Vivado\data/xsim/ip/cmac_usplus_v3_1_24
cmac_v2_6_22=C:\AMDDesignTools\2025.2\Vivado\data/xsim/ip/cmac_v2_6_22
cmpy_v6_0_27=C:\AMDDesignTools\2025.2\Vivado\data/xsim/ip/cmpy_v6_0_27
common_cpp_v1_0=$RDI_DATADIR/xsim/ip/common_cpp_v1_0
common_rpc_v1=$RDI_DATADIR/xsim/ip/common_rpc_v1
convolution_v9_0_23=C:\AMDDesignTools\2025.2\Vivado\data/xsim/ip/convolution_v9_0_23
cordic_v6_0_25=C:\AMDDesignTools\2025.2\Vivado\data/xsim/ip/cordic_v6_0_25
cpm4_v1_0_20=C:\AMDDesignTools\2025.2\Vivado\data/xsim/ip/cpm4_v1_0_20
cpm5_v1_0_20=C:\AMDDesignTools\2025.2\Vivado\data/xsim/ip/cpm5_v1_0_20
cpm5n=C:\AMDDesignTools\2025.2\Vivado\data/xsim/ip/cpm5n
cpm5n_v1_0_12=C:\AMDDesignTools\2025.2\Vivado\data/xsim/ip/cpm5n_v1_0_12
cpm6_v1_0_5=C:\AMDDesignTools\2025.2\Vivado\data/xsim/ip/cpm6_v1_0_5
cpri_v8_12_5=C:\AMDDesignTools\2025.2\Vivado\data/xsim/ip/cpri_v8_12_5
dbg_intf=C:\AMDDesignTools\2025.2\Vivado\data/xsim/ip/dbg_intf
dcmac_v3_1_0=C:\AMDDesignTools\2025.2\Vivado\data/xsim/ip/dcmac_v3_1_0
ddr4_pl_phy_v1_0_3=C:\AMDDesignTools\2025.2\Vivado\data/xsim/ip/ddr4_pl_phy_v1_0_3
ddr4_pl_v1_0_20=C:\AMDDesignTools\2025.2\Vivado\data/xsim/ip/ddr4_pl_v1_0_20
dds_compiler_v6_0_28=C:\AMDDesignTools\2025.2\Vivado\data/xsim/ip/dds_compiler_v6_0_28
debug_tcp_server_v1=$RDI_DATADIR/xsim/ip/debug_tcp_server_v1
dft_v4_2_11=C:\AMDDesignTools\2025.2\Vivado\data/xsim/ip/dft_v4_2_11
dfx_axi_shutdown_manager_v1_0_6=C:\AMDDesignTools\2025.2\Vivado\data/xsim/ip/dfx_axi_shutdown_manager_v1_0_6
dfx_bitstream_monitor_v1_0_8=C:\AMDDesignTools\2025.2\Vivado\data/xsim/ip/dfx_bitstream_monitor_v1_0_8
dfx_controller_v1_0_10=C:\AMDDesignTools\2025.2\Vivado\data/xsim/ip/dfx_controller_v1_0_10
dfx_decoupler_v1_0_14=C:\AMDDesignTools\2025.2\Vivado\data/xsim/ip/dfx_decoupler_v1_0_14
displayport_v7_0_29=C:\AMDDesignTools\2025.2\Vivado\data/xsim/ip/displayport_v7_0_29
displayport_v8_1_12=C:\AMDDesignTools\2025.2\Vivado\data/xsim/ip/displayport_v8_1_12
displayport_v9_0_13=C:\AMDDesignTools\2025.2\Vivado\data/xsim/ip/displayport_v9_0_13
dist_mem_gen_v8_0_17=C:\AMDDesignTools\2025.2\Vivado\data/xsim/ip/dist_mem_gen_v8_0_17
div_gen_v5_1_25=C:\AMDDesignTools\2025.2\Vivado\data/xsim/ip/div_gen_v5_1_25
dp_videoaxi4s_bridge_v1_0_3=C:\AMDDesignTools\2025.2\Vivado\data/xsim/ip/dp_videoaxi4s_bridge_v1_0_3
dprx_fec_8b10b_v1_0_3=C:\AMDDesignTools\2025.2\Vivado\data/xsim/ip/dprx_fec_8b10b_v1_0_3
dprx_v1_0_7=C:\AMDDesignTools\2025.2\Vivado\data/xsim/ip/dprx_v1_0_7
dptx_v1_0_7=C:\AMDDesignTools\2025.2\Vivado\data/xsim/ip/dptx_v1_0_7
dsp_macro_v1_0_9=C:\AMDDesignTools\2025.2\Vivado\data/xsim/ip/dsp_macro_v1_0_9
ecc_v2_0_18=C:\AMDDesignTools\2025.2\Vivado\data/xsim/ip/ecc_v2_0_18
emb_fifo_gen_v1_0_7=C:\AMDDesignTools\2025.2\Vivado\data/xsim/ip/emb_fifo_gen_v1_0_7
emb_mem_gen_v1_0_11=C:\AMDDesignTools\2025.2\Vivado\data/xsim/ip/emb_mem_gen_v1_0_11
emu_perf_common_v1_0=$RDI_DATADIR/xsim/ip/emu_perf_common_v1_0
ernic_v4_3_0=C:\AMDDesignTools\2025.2\Vivado\data/xsim/ip/ernic_v4_3_0
ethernet_1_10_25g_v3_0_0=C:\AMDDesignTools\2025.2\Vivado\data/xsim/ip/ethernet_1_10_25g_v3_0_0
ethernet_offload_v1_0_4=C:\AMDDesignTools\2025.2\Vivado\data/xsim/ip/ethernet_offload_v1_0_4
fast_adapter_v1_0_12=C:\AMDDesignTools\2025.2\Vivado\data/xsim/ip/fast_adapter_v1_0_12
fc32_rs_fec_v1_0_31=C:\AMDDesignTools\2025.2\Vivado\data/xsim/ip/fc32_rs_fec_v1_0_31
fec_5g_common_v1_1_7=C:\AMDDesignTools\2025.2\Vivado\data/xsim/ip/fec_5g_common_v1_1_7
fifo_generator_v13_0_7=C:\AMDDesignTools\2025.2\Vivado\data/xsim/ip/fifo_generator_v13_0_7
fifo_generator_v13_1_5=C:\AMDDesignTools\2025.2\Vivado\data/xsim/ip/fifo_generator_v13_1_5
fifo_generator_v13_2_14=C:\AMDDesignTools\2025.2\Vivado\data/xsim/ip/fifo_generator_v13_2_14
fir_compiler_v7_2_26=C:\AMDDesignTools\2025.2\Vivado\data/xsim/ip/fir_compiler_v7_2_26
fit_timer_v2_0_13=C:\AMDDesignTools\2025.2\Vivado\data/xsim/ip/fit_timer_v2_0_13
flexo_100g_rs_fec_v1_0_32=C:\AMDDesignTools\2025.2\Vivado\data/xsim/ip/flexo_100g_rs_fec_v1_0_32
floating_point_v7_0_26=C:\AMDDesignTools\2025.2\Vivado\data/xsim/ip/floating_point_v7_0_26
floating_point_v7_1_21=C:\AMDDesignTools\2025.2\Vivado\data/xsim/ip/floating_point_v7_1_21
ft_prach_v1_2_5=C:\AMDDesignTools\2025.2\Vivado\data/xsim/ip/ft_prach_v1_2_5
func_emu_util_v1_0=C:\AMDDesignTools\2025.2\Vivado\data/xsim/ip/func_emu_util_v1_0
g709_fec_v2_4_13=C:\AMDDesignTools\2025.2\Vivado\data/xsim/ip/g709_fec_v2_4_13
g975_efec_i4_v1_0_25=C:\AMDDesignTools\2025.2\Vivado\data/xsim/ip/g975_efec_i4_v1_0_25
g975_efec_i7_v2_0_26=C:\AMDDesignTools\2025.2\Vivado\data/xsim/ip/g975_efec_i7_v2_0_26
generic_baseblocks_v2_1_2=C:\AMDDesignTools\2025.2\Vivado\data/xsim/ip/generic_baseblocks_v2_1_2
gig_ethernet_pcs_pma_v17_0_0=C:\AMDDesignTools\2025.2\Vivado\data/xsim/ip/gig_ethernet_pcs_pma_v17_0_0
gigantic_mux=C:\AMDDesignTools\2025.2\Vivado\data/xsim/ip/gigantic_mux
gmii_to_rgmii_v4_1_21=C:\AMDDesignTools\2025.2\Vivado\data/xsim/ip/gmii_to_rgmii_v4_1_21
gtwizard_ultrascale_v1_5_4=C:\AMDDesignTools\2025.2\Vivado\data/xsim/ip/gtwizard_ultrascale_v1_5_4
gtwizard_ultrascale_v1_6_18=C:\AMDDesignTools\2025.2\Vivado\data/xsim/ip/gtwizard_ultrascale_v1_6_18
gtwizard_ultrascale_v1_7_22=C:\AMDDesignTools\2025.2\Vivado\data/xsim/ip/gtwizard_ultrascale_v1_7_22
hdcp22_cipher_dp_v1_0_4=C:\AMDDesignTools\2025.2\Vivado\data/xsim/ip/hdcp22_cipher_dp_v1_0_4
hdcp22_cipher_v1_0_5=C:\AMDDesignTools\2025.2\Vivado\data/xsim/ip/hdcp22_cipher_v1_0_5
hdcp22_rng_v1_0_3=C:\AMDDesignTools\2025.2\Vivado\data/xsim/ip/hdcp22_rng_v1_0_3
hdcp_keymngmt_blk_v1_0_2=C:\AMDDesignTools\2025.2\Vivado\data/xsim/ip/hdcp_keymngmt_blk_v1_0_2
hdcp_v1_0_8=C:\AMDDesignTools\2025.2\Vivado\data/xsim/ip/hdcp_v1_0_8
hdmi_acr_ctrl_v1_0_3=C:\AMDDesignTools\2025.2\Vivado\data/xsim/ip/hdmi_acr_ctrl_v1_0_3
hdmi_gt_controller_v1_0_14=C:\AMDDesignTools\2025.2\Vivado\data/xsim/ip/hdmi_gt_controller_v1_0_14
hdmi_gt_controller_v2_0_2=C:\AMDDesignTools\2025.2\Vivado\data/xsim/ip/hdmi_gt_controller_v2_0_2
high_speed_selectio_wiz_v3_6_11=C:\AMDDesignTools\2025.2\Vivado\data/xsim/ip/high_speed_selectio_wiz_v3_6_11
hnicx=C:\AMDDesignTools\2025.2\Vivado\data/xsim/ip/hnicx
hsdp_trace_v2_0_2=C:\AMDDesignTools\2025.2\Vivado\data/xsim/ip/hsdp_trace_v2_0_2
hw_trace=C:\AMDDesignTools\2025.2\Vivado\data/xsim/ip/hw_trace
i2s_receiver_v1_0_10=C:\AMDDesignTools\2025.2\Vivado\data/xsim/ip/i2s_receiver_v1_0_10
i2s_transmitter_v1_0_10=C:\AMDDesignTools\2025.2\Vivado\data/xsim/ip/i2s_transmitter_v1_0_10
ibert_lib_v1_0_14=C:\AMDDesignTools\2025.2\Vivado\data/xsim/ip/ibert_lib_v1_0_14
icap_arb_v1_0_2=C:\AMDDesignTools\2025.2\Vivado\data/xsim/ip/icap_arb_v1_0_2
ieee=C:\AMDDesignTools\2025.2\Vivado\data/xsim/vhdl/ieee_2008
ieee802d3_200g_rs_fec_v2_0_15=C:\AMDDesignTools\2025.2\Vivado\data/xsim/ip/ieee802d3_200g_rs_fec_v2_0_15
ieee802d3_25g_rs_fec_v1_0_34=C:\AMDDesignTools\2025.2\Vivado\data/xsim/ip/ieee802d3_25g_rs_fec_v1_0_34
ieee802d3_400g_rs_fec_v3_0_6=C:\AMDDesignTools\2025.2\Vivado\data/xsim/ip/ieee802d3_400g_rs_fec_v3_0_6
ieee802d3_50g_rs_fec_v2_0_21=C:\AMDDesignTools\2025.2\Vivado\data/xsim/ip/ieee802d3_50g_rs_fec_v2_0_21
ieee802d3_800g_rs_fec_v1_0_1=C:\AMDDesignTools\2025.2\Vivado\data/xsim/ip/ieee802d3_800g_rs_fec_v1_0_1
ieee802d3_clause74_fec_v1_0_22=C:\AMDDesignTools\2025.2\Vivado\data/xsim/ip/ieee802d3_clause74_fec_v1_0_22
ieee802d3_rs_fec_v2_0_27=C:\AMDDesignTools\2025.2\Vivado\data/xsim/ip/ieee802d3_rs_fec_v2_0_27
ieee_proposed=C:\AMDDesignTools\2025.2\Vivado\data/xsim/vhdl/ieee_proposed_2008
ilknf_v2_0_0=C:\AMDDesignTools\2025.2\Vivado\data/xsim/ip/ilknf_v2_0_0
in_system_ibert_v1_0_26=C:\AMDDesignTools\2025.2\Vivado\data/xsim/ip/in_system_ibert_v1_0_26
interlaken_v2_4_22=C:\AMDDesignTools\2025.2\Vivado\data/xsim/ip/interlaken_v2_4_22
interrupt_control_v3_1_5=C:\AMDDesignTools\2025.2\Vivado\data/xsim/ip/interrupt_control_v3_1_5
iomodule_v3_0=C:\AMDDesignTools\2025.2\Vivado\data/xsim/ip/iomodule_v3_0
iomodule_v3_1_13=C:\AMDDesignTools\2025.2\Vivado\data/xsim/ip/iomodule_v3_1_13
jesd204c_v4_3_3=C:\AMDDesignTools\2025.2\Vivado\data/xsim/ip/jesd204c_v4_3_3
jtag_axi=C:\AMDDesignTools\2025.2\Vivado\data/xsim/ip/jtag_axi
l_ethernet_v4_0_0=C:\AMDDesignTools\2025.2\Vivado\data/xsim/ip/l_ethernet_v4_0_0
ldpc_v2_0_19=C:\AMDDesignTools\2025.2\Vivado\data/xsim/ip/ldpc_v2_0_19
lmb_bram_if_cntlr_v4_0=C:\AMDDesignTools\2025.2\Vivado\data/xsim/ip/lmb_bram_if_cntlr_v4_0
lmb_bram_if_cntlr_v4_0_27=C:\AMDDesignTools\2025.2\Vivado\data/xsim/ip/lmb_bram_if_cntlr_v4_0_27
lmb_v10_v3_0=C:\AMDDesignTools\2025.2\Vivado\data/xsim/ip/lmb_v10_v3_0
lmb_v10_v3_0_16=C:\AMDDesignTools\2025.2\Vivado\data/xsim/ip/lmb_v10_v3_0_16
lpddrmc_phy_v1_0_1=C:\AMDDesignTools\2025.2\Vivado\data/xsim/ip/lpddrmc_phy_v1_0_1
lpddrmc_sim_v1_0_0=C:\AMDDesignTools\2025.2\Vivado\data/xsim/ip/lpddrmc_sim_v1_0_0
lte_fft_v2_1_13=C:\AMDDesignTools\2025.2\Vivado\data/xsim/ip/lte_fft_v2_1_13
ltlib_v1_0_3=C:\AMDDesignTools\2025.2\Vivado\data/xsim/ip/ltlib_v1_0_3
ltpi_v3_0_0=C:\AMDDesignTools\2025.2\Vivado\data/xsim/ip/ltpi_v3_0_0
lut_buffer_v2_0_1=C:\AMDDesignTools\2025.2\Vivado\data/xsim/ip/lut_buffer_v2_0_1
mailbox_v2_1_20=C:\AMDDesignTools\2025.2\Vivado\data/xsim/ip/mailbox_v2_1_20
mammoth_transcode_v1_0_2=C:\AMDDesignTools\2025.2\Vivado\data/xsim/ip/mammoth_transcode_v1_0_2
mdm_riscv_v1_0_7=C:\AMDDesignTools\2025.2\Vivado\data/xsim/ip/mdm_riscv_v1_0_7
mdm_v3_2=C:\AMDDesignTools\2025.2\Vivado\data/xsim/ip/mdm_v3_2
mdm_v3_2_29=C:\AMDDesignTools\2025.2\Vivado\data/xsim/ip/mdm_v3_2_29
mem_pl_v1_0_2=C:\AMDDesignTools\2025.2\Vivado\data/xsim/ip/mem_pl_v1_0_2
mem_tg_v1_0_19=C:\AMDDesignTools\2025.2\Vivado\data/xsim/ip/mem_tg_v1_0_19
microblaze_mcs_v2_3_7=C:\AMDDesignTools\2025.2\Vivado\data/xsim/ip/microblaze_mcs_v2_3_7
microblaze_riscv_v1_0_7=C:\AMDDesignTools\2025.2\Vivado\data/xsim/ip/microblaze_riscv_v1_0_7
microblaze_v11_0_16=C:\AMDDesignTools\2025.2\Vivado\data/xsim/ip/microblaze_v11_0_16
microblaze_v9_5_5=C:\AMDDesignTools\2025.2\Vivado\data/xsim/ip/microblaze_v9_5_5
mipi_csi2_rx_ctrl_v1_0_14=C:\AMDDesignTools\2025.2\Vivado\data/xsim/ip/mipi_csi2_rx_ctrl_v1_0_14
mipi_csi2_tx_ctrl_v1_0_6=C:\AMDDesignTools\2025.2\Vivado\data/xsim/ip/mipi_csi2_tx_ctrl_v1_0_6
mipi_dphy_v4_3_17=C:\AMDDesignTools\2025.2\Vivado\data/xsim/ip/mipi_dphy_v4_3_17
mipi_dsi2_rx_ctrl_v1_0_3=C:\AMDDesignTools\2025.2\Vivado\data/xsim/ip/mipi_dsi2_rx_ctrl_v1_0_3
mipi_dsi_tx_ctrl_v1_0_13=C:\AMDDesignTools\2025.2\Vivado\data/xsim/ip/mipi_dsi_tx_ctrl_v1_0_13
mipi_rx_phy_v1_0_6=C:\AMDDesignTools\2025.2\Vivado\data/xsim/ip/mipi_rx_phy_v1_0_6
mipi_tx_phy_v1_0_4=C:\AMDDesignTools\2025.2\Vivado\data/xsim/ip/mipi_tx_phy_v1_0_4
mmi_v1_0_4=C:\AMDDesignTools\2025.2\Vivado\data/xsim/ip/mmi_v1_0_4
mpram_v1_0_7=C:\AMDDesignTools\2025.2\Vivado\data/xsim/ip/mpram_v1_0_7
mrmac_10g_mux_v1_0_0=C:\AMDDesignTools\2025.2\Vivado\data/xsim/ip/mrmac_10g_mux_v1_0_0
mrmac_v3_2_0=C:\AMDDesignTools\2025.2\Vivado\data/xsim/ip/mrmac_v3_2_0
msm_adapters=C:\AMDDesignTools\2025.2\Vivado\data/xsim/ip/msm_adapters
msm_cpp=C:\AMDDesignTools\2025.2\Vivado\data/xsim/ip/msm_cpp
mult_gen_v12_0_24=C:\AMDDesignTools\2025.2\Vivado\data/xsim/ip/mult_gen_v12_0_24
multi_channel_25g_rs_fec_v1_0_33=C:\AMDDesignTools\2025.2\Vivado\data/xsim/ip/multi_channel_25g_rs_fec_v1_0_33
mutex_v2_1_16=C:\AMDDesignTools\2025.2\Vivado\data/xsim/ip/mutex_v2_1_16
noc2_nmu_sim_v1_0_0=C:\AMDDesignTools\2025.2\Vivado\data/xsim/ip/noc2_nmu_sim_v1_0_0
noc2_nps6x_v1_0_0=C:\AMDDesignTools\2025.2\Vivado\data/xsim/ip/noc2_nps6x_v1_0_0
noc2_nps_v1_0_1=C:\AMDDesignTools\2025.2\Vivado\data/xsim/ip/noc2_nps_v1_0_1
noc2_nsu_sim_v1_0_1=C:\AMDDesignTools\2025.2\Vivado\data/xsim/ip/noc2_nsu_sim_v1_0_1
noc2_xbr2x4_v1_0_0=C:\AMDDesignTools\2025.2\Vivado\data/xsim/ip/noc2_xbr2x4_v1_0_0
noc2_xbr4x2_v1_0_0=C:\AMDDesignTools\2025.2\Vivado\data/xsim/ip/noc2_xbr4x2_v1_0_0
noc_hbm_nmu_sim_v1_0_0=C:\AMDDesignTools\2025.2\Vivado\data/xsim/ip/noc_hbm_nmu_sim_v1_0_0
noc_hbm_v1_0_2=C:\AMDDesignTools\2025.2\Vivado\data/xsim/ip/noc_hbm_v1_0_2
noc_mc_ddr5_phy_v1_0_3=C:\AMDDesignTools\2025.2\Vivado\data/xsim/ip/noc_mc_ddr5_phy_v1_0_3
noc_ncrb_v1_0_0=C:\AMDDesignTools\2025.2\Vivado\data/xsim/ip/noc_ncrb_v1_0_0
noc_nidb_v1_0_0=C:\AMDDesignTools\2025.2\Vivado\data/xsim/ip/noc_nidb_v1_0_0
noc_nmu_sim_v1_0_0=C:\AMDDesignTools\2025.2\Vivado\data/xsim/ip/noc_nmu_sim_v1_0_0
noc_npp_rptr_v1_0_0=C:\AMDDesignTools\2025.2\Vivado\data/xsim/ip/noc_npp_rptr_v1_0_0
noc_nps4_v1_0_0=C:\AMDDesignTools\2025.2\Vivado\data/xsim/ip/noc_nps4_v1_0_0
noc_nps6_v1_0_0=C:\AMDDesignTools\2025.2\Vivado\data/xsim/ip/noc_nps6_v1_0_0
noc_nps_v1_0_2=C:\AMDDesignTools\2025.2\Vivado\data/xsim/ip/noc_nps_v1_0_2
noc_nsu_sim_v1_0_1=C:\AMDDesignTools\2025.2\Vivado\data/xsim/ip/noc_nsu_sim_v1_0_1
noc_sc_v1_0_0=$RDI_DATADIR/xsim/ip/noc_sc_v1_0_0
nvme_tc_v3_0_10=C:\AMDDesignTools\2025.2\Vivado\data/xsim/ip/nvme_tc_v3_0_10
nvmeha_v1_0_16=C:\AMDDesignTools\2025.2\Vivado\data/xsim/ip/nvmeha_v1_0_16
oddr_v1_0_5=C:\AMDDesignTools\2025.2\Vivado\data/xsim/ip/oddr_v1_0_5
oran_radio_if_v3_2_3=C:\AMDDesignTools\2025.2\Vivado\data/xsim/ip/oran_radio_if_v3_2_3
parallel_fft_v1_0_0=C:\AMDDesignTools\2025.2\Vivado\data/xsim/ip/parallel_fft_v1_0_0
pc_cfr_v8_0_5=C:\AMDDesignTools\2025.2\Vivado\data/xsim/ip/pc_cfr_v8_0_5
pci32_v5_0_14=C:\AMDDesignTools\2025.2\Vivado\data/xsim/ip/pci32_v5_0_14
pci64_v5_0_13=C:\AMDDesignTools\2025.2\Vivado\data/xsim/ip/pci64_v5_0_13
pcie_jtag_v1_0_1=C:\AMDDesignTools\2025.2\Vivado\data/xsim/ip/pcie_jtag_v1_0_1
pcie_qdma_mailbox_v1_0_11=C:\AMDDesignTools\2025.2\Vivado\data/xsim/ip/pcie_qdma_mailbox_v1_0_11
perf_axi_tg_v1_0_19=C:\AMDDesignTools\2025.2\Vivado\data/xsim/ip/perf_axi_tg_v1_0_19
picxo_fracxo_v2_0_4=C:\AMDDesignTools\2025.2\Vivado\data/xsim/ip/picxo_fracxo_v2_0_4
pl_fileio_v1_0_0=$RDI_DATADIR/xsim/ip/pl_fileio_v1_0_0
polar_v1_1_8=C:\AMDDesignTools\2025.2\Vivado\data/xsim/ip/polar_v1_1_8
pr_decoupler_v1_0_12=C:\AMDDesignTools\2025.2\Vivado\data/xsim/ip/pr_decoupler_v1_0_12
proc_sys_reset_v5_0_17=C:\AMDDesignTools\2025.2\Vivado\data/xsim/ip/proc_sys_reset_v5_0_17
processing_system7_v5_5_6=C:\AMDDesignTools\2025.2\Vivado\data/xsim/ip/processing_system7_v5_5_6
processing_system7_vip_v1_0_24=C:\AMDDesignTools\2025.2\Vivado\data/xsim/ip/processing_system7_vip_v1_0_24
ps11_vip_v1_0_4=C:\AMDDesignTools\2025.2\Vivado\data/xsim/ip/ps11_vip_v1_0_4
psdpdc_av_pat_gen_v2_0_0=C:\AMDDesignTools\2025.2\Vivado\data/xsim/ip/psdpdc_av_pat_gen_v2_0_0
psdpdc_i2s_transmitter_v1_0_10=C:\AMDDesignTools\2025.2\Vivado\data/xsim/ip/psdpdc_i2s_transmitter_v1_0_10
psx_vip_v1_0_10=C:\AMDDesignTools\2025.2\Vivado\data/xsim/ip/psx_vip_v1_0_10
ptp_1588_timer_syncer_v2_0_8=C:\AMDDesignTools\2025.2\Vivado\data/xsim/ip/ptp_1588_timer_syncer_v2_0_8
qdma_v5_1_2=C:\AMDDesignTools\2025.2\Vivado\data/xsim/ip/qdma_v5_1_2
qdriv_pl_phy_v1_0_2=C:\AMDDesignTools\2025.2\Vivado\data/xsim/ip/qdriv_pl_phy_v1_0_2
qdriv_pl_v1_0_19=C:\AMDDesignTools\2025.2\Vivado\data/xsim/ip/qdriv_pl_v1_0_19
quadsgmii_v4_0_0=C:\AMDDesignTools\2025.2\Vivado\data/xsim/ip/quadsgmii_v4_0_0
rama_v1_1_22_lib=C:\AMDDesignTools\2025.2\Vivado\data/xsim/ip/rama_v1_1_22_lib
remote_port_c_v4=$RDI_DATADIR/xsim/ip/remote_port_c_v4
remote_port_sc_v4=$RDI_DATADIR/xsim/ip/remote_port_sc_v4
rfadce5_wrapper_v1_0_0=C:\AMDDesignTools\2025.2\Vivado\data/xsim/ip/rfadce5_wrapper_v1_0_0
rfdace5_wrapper_v1_0_0=C:\AMDDesignTools\2025.2\Vivado\data/xsim/ip/rfdace5_wrapper_v1_0_0
rld3_pl_phy_v1_0_2=C:\AMDDesignTools\2025.2\Vivado\data/xsim/ip/rld3_pl_phy_v1_0_2
rld3_pl_v1_0_20=C:\AMDDesignTools\2025.2\Vivado\data/xsim/ip/rld3_pl_v1_0_20
roe_framer_v3_0_11=C:\AMDDesignTools\2025.2\Vivado\data/xsim/ip/roe_framer_v3_0_11
rs_decoder_v9_0_25=C:\AMDDesignTools\2025.2\Vivado\data/xsim/ip/rs_decoder_v9_0_25
rs_encoder_v9_0_24=C:\AMDDesignTools\2025.2\Vivado\data/xsim/ip/rs_encoder_v9_0_24
rs_toolbox_v9_0_16=C:\AMDDesignTools\2025.2\Vivado\data/xsim/ip/rs_toolbox_v9_0_16
rst_vip_v1_0_8=C:\AMDDesignTools\2025.2\Vivado\data/xsim/ip/rst_vip_v1_0_8
rwd_tlmmodel_v1=$RDI_DATADIR/xsim/ip/rwd_tlmmodel_v1
sd_fec_v1_1_17=C:\AMDDesignTools\2025.2\Vivado\data/xsim/ip/sd_fec_v1_1_17
secureip=C:\AMDDesignTools\2025.2\Vivado\data/xsim/verilog/secureip
sem_ultra_v3_1_29=C:\AMDDesignTools\2025.2\Vivado\data/xsim/ip/sem_ultra_v3_1_29
sem_v4_1_17=C:\AMDDesignTools\2025.2\Vivado\data/xsim/ip/sem_v4_1_17
shell_utils_addr_remap_v1_0_14=C:\AMDDesignTools\2025.2\Vivado\data/xsim/ip/shell_utils_addr_remap_v1_0_14
shell_utils_build_info_v2_0_0=C:\AMDDesignTools\2025.2\Vivado\data/xsim/ip/shell_utils_build_info_v2_0_0
shell_utils_msp432_bsl_crc_gen_v1_0_2=C:\AMDDesignTools\2025.2\Vivado\data/xsim/ip/shell_utils_msp432_bsl_crc_gen_v1_0_2
sid_v8_0_24=C:\AMDDesignTools\2025.2\Vivado\data/xsim/ip/sid_v8_0_24
sim_clk_gen_v1_0_6=C:\AMDDesignTools\2025.2\Vivado\data/xsim/ip/sim_clk_gen_v1_0_6
sim_cpu_v1_0=$RDI_DATADIR/xsim/ip/sim_cpu_v1_0
sim_ddr_v1_0=$RDI_DATADIR/xsim/ip/sim_ddr_v1_0
sim_ipc_multi_intf_v1_0=C:\AMDDesignTools\2025.2\Vivado\data/xsim/ip/sim_ipc_multi_intf_v1_0
sim_qdma_cpp_v1_0=$RDI_DATADIR/xsim/ip/sim_qdma_cpp_v1_0
sim_qdma_sc_v1_0=$RDI_DATADIR/xsim/ip/sim_qdma_sc_v1_0
sim_trig_v1_0_17=C:\AMDDesignTools\2025.2\Vivado\data/xsim/ip/sim_trig_v1_0_17
sim_xdma_cpp_v1=$RDI_DATADIR/xsim/ip/sim_xdma_cpp_v1
sim_xdma_sc_v1=$RDI_DATADIR/xsim/ip/sim_xdma_sc_v1
simprims_ver=C:\AMDDesignTools\2025.2\Vivado\data/xsim/verilog/simprims_ver
smartconnect_v1_0=C:\AMDDesignTools\2025.2\Vivado\data/xsim/ip/smartconnect_v1_0
soft_ecc_proxy_v1_1_3=C:\AMDDesignTools\2025.2\Vivado\data/xsim/ip/soft_ecc_proxy_v1_1_3
spdif_v2_0_32=C:\AMDDesignTools\2025.2\Vivado\data/xsim/ip/spdif_v2_0_32
srio_gen2_v4_1_24=C:\AMDDesignTools\2025.2\Vivado\data/xsim/ip/srio_gen2_v4_1_24
std=C:\AMDDesignTools\2025.2\Vivado\data/xsim/vhdl/std_2008
stm_v1_0=C:\AMDDesignTools\2025.2\Vivado\data/xsim/ip/stm_v1_0
switch_core_top_v2_0_2=C:\AMDDesignTools\2025.2\Vivado\data/xsim/ip/switch_core_top_v2_0_2
synopsys=C:\AMDDesignTools\2025.2\Vivado\data/xsim/vhdl/synopsys_2008
system_cache_v5_0_13=C:\AMDDesignTools\2025.2\Vivado\data/xsim/ip/system_cache_v5_0_13
ta_dma_v1_0_20=C:\AMDDesignTools\2025.2\Vivado\data/xsim/ip/ta_dma_v1_0_20
tcc_decoder_3gppmm_v2_0_30=C:\AMDDesignTools\2025.2\Vivado\data/xsim/ip/tcc_decoder_3gppmm_v2_0_30
tcc_encoder_3gpp_v5_0_25=C:\AMDDesignTools\2025.2\Vivado\data/xsim/ip/tcc_encoder_3gpp_v5_0_25
tcc_encoder_3gpplte_v4_0_22=C:\AMDDesignTools\2025.2\Vivado\data/xsim/ip/tcc_encoder_3gpplte_v4_0_22
ten_gig_eth_mac_v15_1_15=C:\AMDDesignTools\2025.2\Vivado\data/xsim/ip/ten_gig_eth_mac_v15_1_15
ten_gig_eth_pcs_pma_v6_0_32=C:\AMDDesignTools\2025.2\Vivado\data/xsim/ip/ten_gig_eth_pcs_pma_v6_0_32
timer_sync_1588_v1_2_5=C:\AMDDesignTools\2025.2\Vivado\data/xsim/ip/timer_sync_1588_v1_2_5
tmr_comparator_v1_0_10=C:\AMDDesignTools\2025.2\Vivado\data/xsim/ip/tmr_comparator_v1_0_10
tmr_inject_v1_0_9=C:\AMDDesignTools\2025.2\Vivado\data/xsim/ip/tmr_inject_v1_0_9
tmr_manager_v1_0_15=C:\AMDDesignTools\2025.2\Vivado\data/xsim/ip/tmr_manager_v1_0_15
tmr_sem_v1_0_29=C:\AMDDesignTools\2025.2\Vivado\data/xsim/ip/tmr_sem_v1_0_29
tmr_voter_v1_0_9=C:\AMDDesignTools\2025.2\Vivado\data/xsim/ip/tmr_voter_v1_0_9
trace_hub_v1_1_0=C:\AMDDesignTools\2025.2\Vivado\data/xsim/ip/trace_hub_v1_1_0
trace_s2mm_v2_0_1=C:\AMDDesignTools\2025.2\Vivado\data/xsim/ip/trace_s2mm_v2_0_1
tri_mode_ethernet_mac_v9_0_39=C:\AMDDesignTools\2025.2\Vivado\data/xsim/ip/tri_mode_ethernet_mac_v9_0_39
tsn_endpoint_ethernet_mac_block_v2_0_0=C:\AMDDesignTools\2025.2\Vivado\data/xsim/ip/tsn_endpoint_ethernet_mac_block_v2_0_0
tsn_temac_v1_1_1=C:\AMDDesignTools\2025.2\Vivado\data/xsim/ip/tsn_temac_v1_1_1
uhdsdi_gt_v2_1_8=C:\AMDDesignTools\2025.2\Vivado\data/xsim/ip/uhdsdi_gt_v2_1_8
uhdsdi_gt_v2_2_3=C:\AMDDesignTools\2025.2\Vivado\data/xsim/ip/uhdsdi_gt_v2_2_3
unifast=C:\AMDDesignTools\2025.2\Vivado\data/xsim/vhdl/unifast
unifast_ver=C:\AMDDesignTools\2025.2\Vivado\data/xsim/verilog/unifast_ver
unimacro=C:\AMDDesignTools\2025.2\Vivado\data/xsim/vhdl/unimacro
unimacro_ver=C:\AMDDesignTools\2025.2\Vivado\data/xsim/verilog/unimacro_ver
unisim=C:\AMDDesignTools\2025.2\Vivado\data/xsim/vhdl/unisim
unisims_ver=C:\AMDDesignTools\2025.2\Vivado\data/xsim/verilog/unisims_ver
uram_rd_back_v1_0_6=C:\AMDDesignTools\2025.2\Vivado\data/xsim/ip/uram_rd_back_v1_0_6
usxgmii_v2_0_2=C:\AMDDesignTools\2025.2\Vivado\data/xsim/ip/usxgmii_v2_0_2
util_ff_v1_0_6=C:\AMDDesignTools\2025.2\Vivado\data/xsim/ip/util_ff_v1_0_6
util_idelay_ctrl_v1_0_5=C:\AMDDesignTools\2025.2\Vivado\data/xsim/ip/util_idelay_ctrl_v1_0_5
util_reduced_logic_v2_0_7=C:\AMDDesignTools\2025.2\Vivado\data/xsim/ip/util_reduced_logic_v2_0_7
util_vector_logic_v2_0_5=C:\AMDDesignTools\2025.2\Vivado\data/xsim/ip/util_vector_logic_v2_0_5
uvm=C:\AMDDesignTools\2025.2\Vivado\data/xsim/system_verilog/uvm
v_axi4s_remap_v1_1_16=C:\AMDDesignTools\2025.2\Vivado\data/xsim/ip/v_axi4s_remap_v1_1_16
v_axi4s_vid_out_v4_0_20=C:\AMDDesignTools\2025.2\Vivado\data/xsim/ip/v_axi4s_vid_out_v4_0_20
v_csc_v1_1_16=C:\AMDDesignTools\2025.2\Vivado\data/xsim/ip/v_csc_v1_1_16
v_deinterlacer_v5_1_9=C:\AMDDesignTools\2025.2\Vivado\data/xsim/ip/v_deinterlacer_v5_1_9
v_demosaic_v1_1_17=C:\AMDDesignTools\2025.2\Vivado\data/xsim/ip/v_demosaic_v1_1_17
v_dp_axi4s_vid_out_v1_0_11=C:\AMDDesignTools\2025.2\Vivado\data/xsim/ip/v_dp_axi4s_vid_out_v1_0_11
v_dual_splitter_v1_0_12=C:\AMDDesignTools\2025.2\Vivado\data/xsim/ip/v_dual_splitter_v1_0_12
v_frmbuf_rd_v2_2_14=C:\AMDDesignTools\2025.2\Vivado\data/xsim/ip/v_frmbuf_rd_v2_2_14
v_frmbuf_rd_v2_4_6=C:\AMDDesignTools\2025.2\Vivado\data/xsim/ip/v_frmbuf_rd_v2_4_6
v_frmbuf_rd_v2_5_5=C:\AMDDesignTools\2025.2\Vivado\data/xsim/ip/v_frmbuf_rd_v2_5_5
v_frmbuf_rd_v3_0_2=C:\AMDDesignTools\2025.2\Vivado\data/xsim/ip/v_frmbuf_rd_v3_0_2
v_frmbuf_wr_v2_2_14=C:\AMDDesignTools\2025.2\Vivado\data/xsim/ip/v_frmbuf_wr_v2_2_14
v_frmbuf_wr_v2_5_5=C:\AMDDesignTools\2025.2\Vivado\data/xsim/ip/v_frmbuf_wr_v2_5_5
v_frmbuf_wr_v3_0_2=C:\AMDDesignTools\2025.2\Vivado\data/xsim/ip/v_frmbuf_wr_v3_0_2
v_gamma_lut_v1_1_17=C:\AMDDesignTools\2025.2\Vivado\data/xsim/ip/v_gamma_lut_v1_1_17
v_hcresampler_v1_1_16=C:\AMDDesignTools\2025.2\Vivado\data/xsim/ip/v_hcresampler_v1_1_16
v_hdmi_phy1_v1_0_16=C:\AMDDesignTools\2025.2\Vivado\data/xsim/ip/v_hdmi_phy1_v1_0_16
v_hdmi_rx1_v1_0_14=C:\AMDDesignTools\2025.2\Vivado\data/xsim/ip/v_hdmi_rx1_v1_0_14
v_hdmi_rx_v3_0_7=C:\AMDDesignTools\2025.2\Vivado\data/xsim/ip/v_hdmi_rx_v3_0_7
v_hdmi_tx1_v1_0_13=C:\AMDDesignTools\2025.2\Vivado\data/xsim/ip/v_hdmi_tx1_v1_0_13
v_hdmi_tx_v3_0_6=C:\AMDDesignTools\2025.2\Vivado\data/xsim/ip/v_hdmi_tx_v3_0_6
v_hscaler_v1_1_16=C:\AMDDesignTools\2025.2\Vivado\data/xsim/ip/v_hscaler_v1_1_16
v_letterbox_v1_1_16=C:\AMDDesignTools\2025.2\Vivado\data/xsim/ip/v_letterbox_v1_1_16
v_mix_v5_2_15=C:\AMDDesignTools\2025.2\Vivado\data/xsim/ip/v_mix_v5_2_15
v_mix_v5_3_1=C:\AMDDesignTools\2025.2\Vivado\data/xsim/ip/v_mix_v5_3_1
v_mix_v6_0_0=C:\AMDDesignTools\2025.2\Vivado\data/xsim/ip/v_mix_v6_0_0
v_multi_scaler_v1_2_9=C:\AMDDesignTools\2025.2\Vivado\data/xsim/ip/v_multi_scaler_v1_2_9
v_scenechange_v1_1_8=C:\AMDDesignTools\2025.2\Vivado\data/xsim/ip/v_scenechange_v1_1_8
v_sdi_rx_vid_bridge_v2_0_4=C:\AMDDesignTools\2025.2\Vivado\data/xsim/ip/v_sdi_rx_vid_bridge_v2_0_4
v_smpte_sdi_v3_0_14=C:\AMDDesignTools\2025.2\Vivado\data/xsim/ip/v_smpte_sdi_v3_0_14
v_smpte_uhdsdi_rx_v1_0_5=C:\AMDDesignTools\2025.2\Vivado\data/xsim/ip/v_smpte_uhdsdi_rx_v1_0_5
v_smpte_uhdsdi_tx_v1_0_6=C:\AMDDesignTools\2025.2\Vivado\data/xsim/ip/v_smpte_uhdsdi_tx_v1_0_6
v_smpte_uhdsdi_v1_0_14=C:\AMDDesignTools\2025.2\Vivado\data/xsim/ip/v_smpte_uhdsdi_v1_0_14
v_tc_v6_1_14=C:\AMDDesignTools\2025.2\Vivado\data/xsim/ip/v_tc_v6_1_14
v_tc_v6_2_11=C:\AMDDesignTools\2025.2\Vivado\data/xsim/ip/v_tc_v6_2_11
v_tpg_v8_0_19=C:\AMDDesignTools\2025.2\Vivado\data/xsim/ip/v_tpg_v8_0_19
v_tpg_v8_1_15=C:\AMDDesignTools\2025.2\Vivado\data/xsim/ip/v_tpg_v8_1_15
v_tpg_v8_2_8=C:\AMDDesignTools\2025.2\Vivado\data/xsim/ip/v_tpg_v8_2_8
v_uhdsdi_audio_v2_0_10=C:\AMDDesignTools\2025.2\Vivado\data/xsim/ip/v_uhdsdi_audio_v2_0_10
v_uhdsdi_vidgen_v1_0_3=C:\AMDDesignTools\2025.2\Vivado\data/xsim/ip/v_uhdsdi_vidgen_v1_0_3
v_vcresampler_v1_1_16=C:\AMDDesignTools\2025.2\Vivado\data/xsim/ip/v_vcresampler_v1_1_16
v_vid_gt_bridge_v2_0_6=C:\AMDDesignTools\2025.2\Vivado\data/xsim/ip/v_vid_gt_bridge_v2_0_6
v_vid_in_axi4s_v4_0_11=C:\AMDDesignTools\2025.2\Vivado\data/xsim/ip/v_vid_in_axi4s_v4_0_11
v_vid_in_axi4s_v5_0_7=C:\AMDDesignTools\2025.2\Vivado\data/xsim/ip/v_vid_in_axi4s_v5_0_7
v_vid_sdi_tx_bridge_v2_0_5=C:\AMDDesignTools\2025.2\Vivado\data/xsim/ip/v_vid_sdi_tx_bridge_v2_0_5
v_vscaler_v1_1_16=C:\AMDDesignTools\2025.2\Vivado\data/xsim/ip/v_vscaler_v1_1_16
v_warp_filter_v1_1_7=C:\AMDDesignTools\2025.2\Vivado\data/xsim/ip/v_warp_filter_v1_1_7
v_warp_init_v1_1_7=C:\AMDDesignTools\2025.2\Vivado\data/xsim/ip/v_warp_init_v1_1_7
vcu2_v3_0_0=C:\AMDDesignTools\2025.2\Vivado\data/xsim/ip/vcu2_v3_0_0
versal_cips_ps_vip_v1_0_14=C:\AMDDesignTools\2025.2\Vivado\data/xsim/ip/versal_cips_ps_vip_v1_0_14
versal_ldpc_v1_0_2=C:\AMDDesignTools\2025.2\Vivado\data/xsim/ip/versal_ldpc_v1_0_2
vfb_v1_0_29=C:\AMDDesignTools\2025.2\Vivado\data/xsim/ip/vfb_v1_0_29
vid_edid_v1_0_3=C:\AMDDesignTools\2025.2\Vivado\data/xsim/ip/vid_edid_v1_0_3
vid_phy_controller_v2_2_22=C:\AMDDesignTools\2025.2\Vivado\data/xsim/ip/vid_phy_controller_v2_2_22
video_frame_crc_v1_0_6=C:\AMDDesignTools\2025.2\Vivado\data/xsim/ip/video_frame_crc_v1_0_6
videoaxi4s_bridge_v1_0_7=C:\AMDDesignTools\2025.2\Vivado\data/xsim/ip/videoaxi4s_bridge_v1_0_7
visp_v2_0_0=C:\AMDDesignTools\2025.2\Vivado\data/xsim/ip/visp_v2_0_0
viterbi_v9_1_20=C:\AMDDesignTools\2025.2\Vivado\data/xsim/ip/viterbi_v9_1_20
vitis_deadlock_detector_v1_0_2=C:\AMDDesignTools\2025.2\Vivado\data/xsim/ip/vitis_deadlock_detector_v1_0_2
vitis_net_p4_v2_4_0=C:\AMDDesignTools\2025.2\Vivado\data/xsim/ip/vitis_net_p4_v2_4_0
vl=C:\AMDDesignTools\2025.2\Vivado\data/xsim/vhdl/vl_2008
vrf_channelizer_v1_1_1=C:\AMDDesignTools\2025.2\Vivado\data/xsim/ip/vrf_channelizer_v1_1_1
vrf_data_converter_v1_2_0=C:\AMDDesignTools\2025.2\Vivado\data/xsim/ip/vrf_data_converter_v1_2_0
vrf_fft_v1_2_0=C:\AMDDesignTools\2025.2\Vivado\data/xsim/ip/vrf_fft_v1_2_0
work=xsim.dir/work
x5io_wizard_phy_v1_0_3=C:\AMDDesignTools\2025.2\Vivado\data/xsim/ip/x5io_wizard_phy_v1_0_3
x5io_wizard_v1_0_9=C:\AMDDesignTools\2025.2\Vivado\data/xsim/ip/x5io_wizard_v1_0_9
xbip_dsp48_wrapper_v3_0_7=C:\AMDDesignTools\2025.2\Vivado\data/xsim/ip/xbip_dsp48_wrapper_v3_0_7
xbip_multadd_v3_0_23=C:\AMDDesignTools\2025.2\Vivado\data/xsim/ip/xbip_multadd_v3_0_23
xbip_pipe_v3_0_11=C:\AMDDesignTools\2025.2\Vivado\data/xsim/ip/xbip_pipe_v3_0_11
xbip_utils_v3_0_15=C:\AMDDesignTools\2025.2\Vivado\data/xsim/ip/xbip_utils_v3_0_15
xdfe_cc_filter_v1_1_7=C:\AMDDesignTools\2025.2\Vivado\data/xsim/ip/xdfe_cc_filter_v1_1_7
xdfe_cc_mixer_v2_0_7=C:\AMDDesignTools\2025.2\Vivado\data/xsim/ip/xdfe_cc_mixer_v2_0_7
xdfe_common_v1_0_5=C:\AMDDesignTools\2025.2\Vivado\data/xsim/ip/xdfe_common_v1_0_5
xdfe_equalizer_v1_0_12=C:\AMDDesignTools\2025.2\Vivado\data/xsim/ip/xdfe_equalizer_v1_0_12
xdfe_fft_v1_0_10=C:\AMDDesignTools\2025.2\Vivado\data/xsim/ip/xdfe_fft_v1_0_10
xdfe_nlf_v1_1_4=C:\AMDDesignTools\2025.2\Vivado\data/xsim/ip/xdfe_nlf_v1_1_4
xdfe_nr_prach_v2_0_6=C:\AMDDesignTools\2025.2\Vivado\data/xsim/ip/xdfe_nr_prach_v2_0_6
xdfe_ofdm_v2_2_2=C:\AMDDesignTools\2025.2\Vivado\data/xsim/ip/xdfe_ofdm_v2_2_2
xdfe_resampler_v1_0_12=C:\AMDDesignTools\2025.2\Vivado\data/xsim/ip/xdfe_resampler_v1_0_12
xdma_v4_2_2=C:\AMDDesignTools\2025.2\Vivado\data/xsim/ip/xdma_v4_2_2
xfft_v9_1_15=C:\AMDDesignTools\2025.2\Vivado\data/xsim/ip/xfft_v9_1_15
xilinx_vip=C:\AMDDesignTools\2025.2\Vivado\data/xsim/ip/xilinx_vip
xlconcat_v2_1_7=C:\AMDDesignTools\2025.2\Vivado\data/xsim/ip/xlconcat_v2_1_7
xlconstant_v1_1_10=C:\AMDDesignTools\2025.2\Vivado\data/xsim/ip/xlconstant_v1_1_10
xlslice_v1_0_5=C:\AMDDesignTools\2025.2\Vivado\data/xsim/ip/xlslice_v1_0_5
xp5io_wizard_phy_v1_0_0=C:\AMDDesignTools\2025.2\Vivado\data/xsim/ip/xp5io_wizard_phy_v1_0_0
xp5io_wizard_v1_0_0=C:\AMDDesignTools\2025.2\Vivado\data/xsim/ip/xp5io_wizard_v1_0_0
xpm=C:\AMDDesignTools\2025.2\Vivado\data/xsim/ip/xpm
xpm_cdc_gen_v1_0_5=C:\AMDDesignTools\2025.2\Vivado\data/xsim/ip/xpm_cdc_gen_v1_0_5
xscl=$RDI_DATADIR/xsim/ip/xscl
xsdbm_v3_0_5=C:\AMDDesignTools\2025.2\Vivado\data/xsim/ip/xsdbm_v3_0_5
xsdbs_v1_0_5=C:\AMDDesignTools\2025.2\Vivado\data/xsim/ip/xsdbs_v1_0_5
xtlm=$RDI_DATADIR/xsim/ip/xtlm
xtlm_ap_ctrl_v1_0=$RDI_DATADIR/xsim/ip/xtlm_ap_ctrl_v1_0
xtlm_ipc_v1_0=$RDI_DATADIR/xsim/ip/xtlm_ipc_v1_0
xtlm_simple_interconnect_v1_0=$RDI_DATADIR/xsim/ip/xtlm_simple_interconnect_v1_0
xtlm_trace_model_v1_0=$RDI_DATADIR/xsim/ip/xtlm_trace_model_v1_0
xxv_ethernet_v5_0_2=C:\AMDDesignTools\2025.2\Vivado\data/xsim/ip/xxv_ethernet_v5_0_2
zynq_ultra_ps_e_v3_3_17=C:\AMDDesignTools\2025.2\Vivado\data/xsim/ip/zynq_ultra_ps_e_v3_3_17
zynq_ultra_ps_e_vip_v1_0_22=C:\AMDDesignTools\2025.2\Vivado\data/xsim/ip/zynq_ultra_ps_e_vip_v1_0_22
-- Done dumping library mapping
Starting static elaboration
Pass Through NonSizing Optimizer
INFO: [VRFC 10-3232] compiling module 'alu_tb' [../src/test/uvm/alu_tb.sv:12]
INFO: [VRFC 10-3232] compiling module '$unit_ALU_v_2755002690' [../generated-src/ALU.v:1]
WARNING: [VRFC 10-2838] mix of dynamic and non-dynamic array types in assignment context, target type is bit [packed dim count:1] [$], while source type is bit [packed dim count:1] [] [/proj/primebuilds/9999.0_PRIME_0428_0031/installs/data/system_verilog/uvm_1.2/xlnx_uvm_package.sv:34976]
WARNING: [VRFC 10-2838] mix of dynamic and non-dynamic array types in assignment context, target type is bit [packed dim count:1] [$], while source type is bit [packed dim count:1] [] [/proj/primebuilds/9999.0_PRIME_0428_0031/installs/data/system_verilog/uvm_1.2/xlnx_uvm_package.sv:35105]
WARNING: [VRFC 10-3091] actual bit length 8 differs from formal bit length 4 for port 'io_operation' [../src/test/uvm/alu_tb.sv:33]
WARNING: [VRFC 10-3363] function 'get_factory' has no return value assignment [/proj/primebuilds/9999.0_PRIME_0428_0031/installs/data/system_verilog/uvm_1.2/xlnx_uvm_package.sv:4592]
WARNING: [VRFC 10-3363] function 'get_root' has no return value assignment [/proj/primebuilds/9999.0_PRIME_0428_0031/installs/data/system_verilog/uvm_1.2/xlnx_uvm_package.sv:4600]
WARNING: [VRFC 10-3363] function 'get_report_server' has no return value assignment [/proj/primebuilds/9999.0_PRIME_0428_0031/installs/data/system_verilog/uvm_1.2/xlnx_uvm_package.sv:4594]
WARNING: [VRFC 10-3363] function 'get_stream' has no return value assignment [/proj/primebuilds/9999.0_PRIME_0428_0031/installs/data/system_verilog/uvm_1.2/xlnx_uvm_package.sv:10535]
WARNING: [VRFC 10-3363] function 'create_object_by_type' has no return value assignment [/proj/primebuilds/9999.0_PRIME_0428_0031/installs/data/system_verilog/uvm_1.2/xlnx_uvm_package.sv:6115]
WARNING: [VRFC 10-3363] function 'get_default_tr_database' has no return value assignment [/proj/primebuilds/9999.0_PRIME_0428_0031/installs/data/system_verilog/uvm_1.2/xlnx_uvm_package.sv:4596]
WARNING: [VRFC 10-3363] function 'do_get_lhs' has no return value assignment [/proj/primebuilds/9999.0_PRIME_0428_0031/installs/data/system_verilog/uvm_1.2/xlnx_uvm_package.sv:9905]
WARNING: [VRFC 10-3363] function 'do_get_rhs' has no return value assignment [/proj/primebuilds/9999.0_PRIME_0428_0031/installs/data/system_verilog/uvm_1.2/xlnx_uvm_package.sv:9907]
WARNING: [VRFC 10-3363] function 'do_open_db' has no return value assignment [/proj/primebuilds/9999.0_PRIME_0428_0031/installs/data/system_verilog/uvm_1.2/xlnx_uvm_package.sv:10141]
WARNING: [VRFC 10-3363] function 'do_open_stream' has no return value assignment [/proj/primebuilds/9999.0_PRIME_0428_0031/installs/data/system_verilog/uvm_1.2/xlnx_uvm_package.sv:10145]
WARNING: [VRFC 10-3363] function 'get_type_handle' has no return value assignment [/proj/primebuilds/9999.0_PRIME_0428_0031/installs/data/system_verilog/uvm_1.2/xlnx_uvm_package.sv:7176]
WARNING: [VRFC 10-3363] function 'create_component_by_type' has no return value assignment [/proj/primebuilds/9999.0_PRIME_0428_0031/installs/data/system_verilog/uvm_1.2/xlnx_uvm_package.sv:6117]
WARNING: [VRFC 10-3363] function 'get_component_visitor' has no return value assignment [/proj/primebuilds/9999.0_PRIME_0428_0031/installs/data/system_verilog/uvm_1.2/xlnx_uvm_package.sv:4599]
WARNING: [VRFC 10-3363] function 'find_wrapper_by_name' has no return value assignment [/proj/primebuilds/9999.0_PRIME_0428_0031/installs/data/system_verilog/uvm_1.2/xlnx_uvm_package.sv:6131]
WARNING: [VRFC 10-3363] function 'create_object_by_name' has no return value assignment [/proj/primebuilds/9999.0_PRIME_0428_0031/installs/data/system_verilog/uvm_1.2/xlnx_uvm_package.sv:6119]
WARNING: [VRFC 10-3363] function 'create_component_by_name' has no return value assignment [/proj/primebuilds/9999.0_PRIME_0428_0031/installs/data/system_verilog/uvm_1.2/xlnx_uvm_package.sv:6121]
WARNING: [VRFC 10-3363] function 'find_override_by_type' has no return value assignment [/proj/primebuilds/9999.0_PRIME_0428_0031/installs/data/system_verilog/uvm_1.2/xlnx_uvm_package.sv:6127]
WARNING: [VRFC 10-3363] function 'find_override_by_name' has no return value assignment [/proj/primebuilds/9999.0_PRIME_0428_0031/installs/data/system_verilog/uvm_1.2/xlnx_uvm_package.sv:6129]
WARNING: [VRFC 10-3363] function 'get_type_name' has no return value assignment [/proj/primebuilds/9999.0_PRIME_0428_0031/installs/data/system_verilog/uvm_1.2/xlnx_uvm_package.sv:6846]
WARNING: [VRFC 10-3363] function 'do_close_db' has no return value assignment [/proj/primebuilds/9999.0_PRIME_0428_0031/installs/data/system_verilog/uvm_1.2/xlnx_uvm_package.sv:10143]
WARNING: [VRFC 10-3363] function 'uvm_string_to_bits' has no return value assignment [/proj/primebuilds/9999.0_PRIME_0428_0031/installs/data/system_verilog/uvm_1.2/xlnx_uvm_package.sv:20509]
WARNING: [VRFC 10-3363] function 'do_clone' has no return value assignment [/proj/primebuilds/9999.0_PRIME_0428_0031/installs/data/system_verilog/uvm_1.2/xlnx_uvm_package.sv:12166]
WARNING: [VRFC 10-3363] function 'catch' has no return value assignment [/proj/primebuilds/9999.0_PRIME_0428_0031/installs/data/system_verilog/uvm_1.2/xlnx_uvm_package.sv:12948]
WARNING: [VRFC 10-3363] function 'compose_report_message' has no return value assignment [/proj/primebuilds/9999.0_PRIME_0428_0031/installs/data/system_verilog/uvm_1.2/xlnx_uvm_package.sv:13228]
WARNING: [VRFC 10-3363] function 'get_max_quit_count' has no return value assignment [/proj/primebuilds/9999.0_PRIME_0428_0031/installs/data/system_verilog/uvm_1.2/xlnx_uvm_package.sv:13171]
WARNING: [VRFC 10-3363] function 'get_quit_count' has no return value assignment [/proj/primebuilds/9999.0_PRIME_0428_0031/installs/data/system_verilog/uvm_1.2/xlnx_uvm_package.sv:13175]
WARNING: [VRFC 10-3363] function 'get_severity_count' has no return value assignment [/proj/primebuilds/9999.0_PRIME_0428_0031/installs/data/system_verilog/uvm_1.2/xlnx_uvm_package.sv:13178]
WARNING: [VRFC 10-3363] function 'get_id_count' has no return value assignment [/proj/primebuilds/9999.0_PRIME_0428_0031/installs/data/system_verilog/uvm_1.2/xlnx_uvm_package.sv:13182]
WARNING: [VRFC 10-3363] function 'get_message_database' has no return value assignment [/proj/primebuilds/9999.0_PRIME_0428_0031/installs/data/system_verilog/uvm_1.2/xlnx_uvm_package.sv:13191]
WARNING: [VRFC 10-3363] function 'try_set' has no return value assignment [/proj/primebuilds/9999.0_PRIME_0428_0031/installs/data/system_verilog/uvm_1.2/xlnx_uvm_package.sv:20894]
WARNING: [VRFC 10-3363] function 'get' has no return value assignment [/proj/primebuilds/9999.0_PRIME_0428_0031/installs/data/system_verilog/uvm_1.2/xlnx_uvm_package.sv:20896]
WARNING: [VRFC 10-3363] function 'try_get' has no return value assignment [/proj/primebuilds/9999.0_PRIME_0428_0031/installs/data/system_verilog/uvm_1.2/xlnx_uvm_package.sv:20898]
WARNING: [VRFC 10-3363] function 'is_port' has no return value assignment [/proj/primebuilds/9999.0_PRIME_0428_0031/installs/data/system_verilog/uvm_1.2/xlnx_uvm_package.sv:21267]
WARNING: [VRFC 10-3363] function 'is_export' has no return value assignment [/proj/primebuilds/9999.0_PRIME_0428_0031/installs/data/system_verilog/uvm_1.2/xlnx_uvm_package.sv:21269]
WARNING: [VRFC 10-3363] function 'is_imp' has no return value assignment [/proj/primebuilds/9999.0_PRIME_0428_0031/installs/data/system_verilog/uvm_1.2/xlnx_uvm_package.sv:21271]
WARNING: [VRFC 10-3363] function 'get_type_handle' has no return value assignment [/proj/primebuilds/9999.0_PRIME_0428_0031/installs/data/system_verilog/uvm_1.2/xlnx_uvm_package.sv:26609]
WARNING: [VRFC 10-3363] function 'get_type_handle_name' has no return value assignment [/proj/primebuilds/9999.0_PRIME_0428_0031/installs/data/system_verilog/uvm_1.2/xlnx_uvm_package.sv:26612]
WARNING: [VRFC 10-3363] function 'reg2bus' has no return value assignment [/proj/primebuilds/9999.0_PRIME_0428_0031/installs/data/system_verilog/uvm_1.2/xlnx_uvm_package.sv:27374]
WARNING: [VRFC 10-3363] function 'convert2string' has no return value assignment [/proj/primebuilds/9999.0_PRIME_0428_0031/installs/data/system_verilog/uvm_1.2/xlnx_uvm_package.sv:31732]
WARNING: [VRFC 10-3363] function 'convert2string' has no return value assignment [/proj/primebuilds/9999.0_PRIME_0428_0031/installs/data/system_verilog/uvm_1.2/xlnx_uvm_package.sv:32642]
WARNING: [VRFC 10-3363] function 'convert2string' has no return value assignment [/proj/primebuilds/9999.0_PRIME_0428_0031/installs/data/system_verilog/uvm_1.2/xlnx_uvm_package.sv:35261]
WARNING: [VRFC 10-5021] port 'clock' is not connected on this instance [../src/test/uvm/alu_tb.sv:30]
Completed static elaboration
Starting simulation data flow analysis
WARNING: [XSIM 43-3499] "../src/test/uvm/alu_seq_item.sv" Line 19. Ignoring Subprog get_type.
WARNING: [XSIM 43-3499] "../src/test/uvm/alu_sequence.sv" Line 12. Ignoring Subprog get_type.
WARNING: [XSIM 43-3499] "../src/test/uvm/alu_driver.sv" Line 13. Ignoring Subprog get_type.
WARNING: [XSIM 43-3499] "../src/test/uvm/alu_monitor.sv" Line 13. Ignoring Subprog get_type.
WARNING: [XSIM 43-3499] "../src/test/uvm/alu_agent.sv" Line 13. Ignoring Subprog get_type.
WARNING: [XSIM 43-3499] "../src/test/uvm/alu_scoreboard.sv" Line 13. Ignoring Subprog get_type.
WARNING: [XSIM 43-3499] "../src/test/uvm/alu_env.sv" Line 13. Ignoring Subprog get_type.
WARNING: [XSIM 43-3499] "../src/test/uvm/alu_test.sv" Line 11. Ignoring Subprog get_type.
WARNING: [XSIM 43-3499] "/proj/primebuilds/9999.0_PRIME_0428_0031/installs/data/system_verilog/uvm_1.2/xlnx_uvm_package.sv" Line 4419. Ignoring Subprog uvm_hdl_check_path.
WARNING: [XSIM 43-3499] "/proj/primebuilds/9999.0_PRIME_0428_0031/installs/data/system_verilog/uvm_1.2/xlnx_uvm_package.sv" Line 4431. Ignoring Subprog uvm_hdl_force.
WARNING: [XSIM 43-3499] "/proj/primebuilds/9999.0_PRIME_0428_0031/installs/data/system_verilog/uvm_1.2/xlnx_uvm_package.sv" Line 4437. Ignoring Subprog uvm_hdl_force_time.
WARNING: [XSIM 43-3499] "/proj/primebuilds/9999.0_PRIME_0428_0031/installs/data/system_verilog/uvm_1.2/xlnx_uvm_package.sv" Line 4442. Ignoring Subprog uvm_hdl_release.
WARNING: [XSIM 43-3499] "/proj/primebuilds/9999.0_PRIME_0428_0031/installs/data/system_verilog/uvm_1.2/xlnx_uvm_package.sv" Line 4483. Ignoring Subprog uvm_dpi_get_next_arg.
WARNING: [XSIM 43-3499] "/proj/primebuilds/9999.0_PRIME_0428_0031/installs/data/system_verilog/uvm_1.2/xlnx_uvm_package.sv" Line 4487. Ignoring Subprog uvm_dpi_get_tool_name.
WARNING: [XSIM 43-3499] "/proj/primebuilds/9999.0_PRIME_0428_0031/installs/data/system_verilog/uvm_1.2/xlnx_uvm_package.sv" Line 4491. Ignoring Subprog uvm_dpi_get_tool_version.
WARNING: [XSIM 43-3499] "/proj/primebuilds/9999.0_PRIME_0428_0031/installs/data/system_verilog/uvm_1.2/xlnx_uvm_package.sv" Line 4496. Ignoring Subprog uvm_dpi_regcomp.
WARNING: [XSIM 43-3499] "/proj/primebuilds/9999.0_PRIME_0428_0031/installs/data/system_verilog/uvm_1.2/xlnx_uvm_package.sv" Line 4497. Ignoring Subprog uvm_dpi_regexec.
WARNING: [XSIM 43-3499] "/proj/primebuilds/9999.0_PRIME_0428_0031/installs/data/system_verilog/uvm_1.2/xlnx_uvm_package.sv" Line 4498. Ignoring Subprog uvm_dpi_regfree.
WARNING: [XSIM 43-3499] "/proj/primebuilds/9999.0_PRIME_0428_0031/installs/data/system_verilog/uvm_1.2/xlnx_uvm_package.sv" Line 4556. Ignoring Subprog uvm_dump_re_cache.
WARNING: [XSIM 43-3499] "/proj/primebuilds/9999.0_PRIME_0428_0031/installs/data/system_verilog/uvm_1.2/xlnx_uvm_package.sv" Line 4559. Ignoring Subprog uvm_glob_to_re.
WARNING: [XSIM 43-3499] "/proj/primebuilds/9999.0_PRIME_0428_0031/installs/data/system_verilog/uvm_1.2/xlnx_uvm_package.sv" Line 4725. Ignoring Subprog uvm_radix_to_string.
WARNING: [XSIM 43-3499] "/proj/primebuilds/9999.0_PRIME_0428_0031/installs/data/system_verilog/uvm_1.2/xlnx_uvm_package.sv" Line 4970. Ignoring Subprog get_arg.
WARNING: [XSIM 43-3499] "/proj/primebuilds/9999.0_PRIME_0428_0031/installs/data/system_verilog/uvm_1.2/xlnx_uvm_package.sv" Line 4974. Ignoring Subprog set.
WARNING: [XSIM 43-3499] "/proj/primebuilds/9999.0_PRIME_0428_0031/installs/data/system_verilog/uvm_1.2/xlnx_uvm_package.sv" Line 4986. Ignoring Subprog down_element.
WARNING: [XSIM 43-3499] "/proj/primebuilds/9999.0_PRIME_0428_0031/installs/data/system_verilog/uvm_1.2/xlnx_uvm_package.sv" Line 4991. Ignoring Subprog up_element.
WARNING: [XSIM 43-3499] "/proj/primebuilds/9999.0_PRIME_0428_0031/installs/data/system_verilog/uvm_1.2/xlnx_uvm_package.sv" Line 5022. Ignoring Subprog set_arg_element.
WARNING: [XSIM 43-3499] "/proj/primebuilds/9999.0_PRIME_0428_0031/installs/data/system_verilog/uvm_1.2/xlnx_uvm_package.sv" Line 5060. Ignoring Subprog get_function_type.
WARNING: [XSIM 43-3499] "/proj/primebuilds/9999.0_PRIME_0428_0031/installs/data/system_verilog/uvm_1.2/xlnx_uvm_package.sv" Line 5283. Ignoring Subprog uvm_vector_to_string.
WARNING: [XSIM 43-3499] "/proj/primebuilds/9999.0_PRIME_0428_0031/installs/data/system_verilog/uvm_1.2/xlnx_uvm_package.sv" Line 5287. Ignoring Subprog uvm_get_array_index_int.
WARNING: [XSIM 43-3499] "/proj/primebuilds/9999.0_PRIME_0428_0031/installs/data/system_verilog/uvm_1.2/xlnx_uvm_package.sv" Line 5313. Ignoring Subprog uvm_get_array_index_string.
WARNING: [XSIM 43-3499] "/proj/primebuilds/9999.0_PRIME_0428_0031/installs/data/system_verilog/uvm_1.2/xlnx_uvm_package.sv" Line 5330. Ignoring Subprog uvm_is_array.
WARNING: [XSIM 43-3499] "/proj/primebuilds/9999.0_PRIME_0428_0031/installs/data/system_verilog/uvm_1.2/xlnx_uvm_package.sv" Line 5335. Ignoring Subprog uvm_has_wildcard.
WARNING: [XSIM 43-3499] "/proj/primebuilds/9999.0_PRIME_0428_0031/installs/data/system_verilog/uvm_1.2/xlnx_uvm_package.sv" Line 5431. Ignoring Subprog m_uvm_string_queue_join.
WARNING: [XSIM 43-3499] "/proj/primebuilds/9999.0_PRIME_0428_0031/installs/data/system_verilog/uvm_1.2/xlnx_uvm_package.sv" Line 5472. Ignoring Subprog get_type.
WARNING: [XSIM 43-3499] "/proj/primebuilds/9999.0_PRIME_0428_0031/installs/data/system_verilog/uvm_1.2/xlnx_uvm_package.sv" Line 5488. Ignoring Subprog get_inst_count.
WARNING: [XSIM 43-3499] "/proj/primebuilds/9999.0_PRIME_0428_0031/installs/data/system_verilog/uvm_1.2/xlnx_uvm_package.sv" Line 5722. Ignoring Subprog pack.
WARNING: [XSIM 43-3499] "/proj/primebuilds/9999.0_PRIME_0428_0031/installs/data/system_verilog/uvm_1.2/xlnx_uvm_package.sv" Line 5728. Ignoring Subprog pack_bytes.
WARNING: [XSIM 43-3499] "/proj/primebuilds/9999.0_PRIME_0428_0031/installs/data/system_verilog/uvm_1.2/xlnx_uvm_package.sv" Line 5734. Ignoring Subprog pack_ints.
WARNING: [XSIM 43-3499] "/proj/primebuilds/9999.0_PRIME_0428_0031/installs/data/system_verilog/uvm_1.2/xlnx_uvm_package.sv" Line 5773. Ignoring Subprog unpack.
WARNING: [XSIM 43-3499] "/proj/primebuilds/9999.0_PRIME_0428_0031/installs/data/system_verilog/uvm_1.2/xlnx_uvm_package.sv" Line 5781. Ignoring Subprog unpack_bytes.
WARNING: [XSIM 43-3499] "/proj/primebuilds/9999.0_PRIME_0428_0031/installs/data/system_verilog/uvm_1.2/xlnx_uvm_package.sv" Line 5789. Ignoring Subprog unpack_ints.
WARNING: [XSIM 43-3499] "/proj/primebuilds/9999.0_PRIME_0428_0031/installs/data/system_verilog/uvm_1.2/xlnx_uvm_package.sv" Line 5842. Ignoring Subprog get_global.
WARNING: [XSIM 43-3499] "/proj/primebuilds/9999.0_PRIME_0428_0031/installs/data/system_verilog/uvm_1.2/xlnx_uvm_package.sv" Line 5842. Ignoring Subprog get_global.
WARNING: [XSIM 43-3499] "/proj/primebuilds/9999.0_PRIME_0428_0031/installs/data/system_verilog/uvm_1.2/xlnx_uvm_package.sv" Line 5842. Ignoring Subprog get_global.
WARNING: [XSIM 43-3499] "/proj/primebuilds/9999.0_PRIME_0428_0031/installs/data/system_verilog/uvm_1.2/xlnx_uvm_package.sv" Line 5842. Ignoring Subprog get_global.
WARNING: [XSIM 43-3499] "/proj/primebuilds/9999.0_PRIME_0428_0031/installs/data/system_verilog/uvm_1.2/xlnx_uvm_package.sv" Line 5842. Ignoring Subprog get_global.
WARNING: [XSIM 43-3499] "/proj/primebuilds/9999.0_PRIME_0428_0031/installs/data/system_verilog/uvm_1.2/xlnx_uvm_package.sv" Line 5842. Ignoring Subprog get_global.
WARNING: [XSIM 43-3499] "/proj/primebuilds/9999.0_PRIME_0428_0031/installs/data/system_verilog/uvm_1.2/xlnx_uvm_package.sv" Line 5842. Ignoring Subprog get_global.
WARNING: [XSIM 43-3499] "/proj/primebuilds/9999.0_PRIME_0428_0031/installs/data/system_verilog/uvm_1.2/xlnx_uvm_package.sv" Line 5842. Ignoring Subprog get_global.
WARNING: [XSIM 43-3499] "/proj/primebuilds/9999.0_PRIME_0428_0031/installs/data/system_verilog/uvm_1.2/xlnx_uvm_package.sv" Line 5842. Ignoring Subprog get_global.
WARNING: [XSIM 43-3499] "/proj/primebuilds/9999.0_PRIME_0428_0031/installs/data/system_verilog/uvm_1.2/xlnx_uvm_package.sv" Line 5842. Ignoring Subprog get_global.
WARNING: [XSIM 43-3499] "/proj/primebuilds/9999.0_PRIME_0428_0031/installs/data/system_verilog/uvm_1.2/xlnx_uvm_package.sv" Line 5842. Ignoring Subprog get_global.
WARNING: [XSIM 43-3499] "/proj/primebuilds/9999.0_PRIME_0428_0031/installs/data/system_verilog/uvm_1.2/xlnx_uvm_package.sv" Line 5842. Ignoring Subprog get_global.
WARNING: [XSIM 43-3499] "/proj/primebuilds/9999.0_PRIME_0428_0031/installs/data/system_verilog/uvm_1.2/xlnx_uvm_package.sv" Line 5842. Ignoring Subprog get_global.
WARNING: [XSIM 43-3499] "/proj/primebuilds/9999.0_PRIME_0428_0031/installs/data/system_verilog/uvm_1.2/xlnx_uvm_package.sv" Line 5842. Ignoring Subprog get_global.
WARNING: [XSIM 43-3499] "/proj/primebuilds/9999.0_PRIME_0428_0031/installs/data/system_verilog/uvm_1.2/xlnx_uvm_package.sv" Line 5842. Ignoring Subprog get_global.
WARNING: [XSIM 43-3499] "/proj/primebuilds/9999.0_PRIME_0428_0031/installs/data/system_verilog/uvm_1.2/xlnx_uvm_package.sv" Line 5950. Ignoring Subprog get_global.
WARNING: [XSIM 43-3499] "/proj/primebuilds/9999.0_PRIME_0428_0031/installs/data/system_verilog/uvm_1.2/xlnx_uvm_package.sv" Line 5950. Ignoring Subprog get_global.
WARNING: [XSIM 43-3499] "/proj/primebuilds/9999.0_PRIME_0428_0031/installs/data/system_verilog/uvm_1.2/xlnx_uvm_package.sv" Line 5950. Ignoring Subprog get_global.
WARNING: [XSIM 43-3499] "/proj/primebuilds/9999.0_PRIME_0428_0031/installs/data/system_verilog/uvm_1.2/xlnx_uvm_package.sv" Line 5950. Ignoring Subprog get_global.
WARNING: [XSIM 43-3499] "/proj/primebuilds/9999.0_PRIME_0428_0031/installs/data/system_verilog/uvm_1.2/xlnx_uvm_package.sv" Line 6008. Ignoring Subprog get_global.
WARNING: [XSIM 43-3499] "/proj/primebuilds/9999.0_PRIME_0428_0031/installs/data/system_verilog/uvm_1.2/xlnx_uvm_package.sv" Line 6008. Ignoring Subprog get_global.
WARNING: [XSIM 43-3499] "/proj/primebuilds/9999.0_PRIME_0428_0031/installs/data/system_verilog/uvm_1.2/xlnx_uvm_package.sv" Line 6008. Ignoring Subprog get_global.
WARNING: [XSIM 43-3499] "/proj/primebuilds/9999.0_PRIME_0428_0031/installs/data/system_verilog/uvm_1.2/xlnx_uvm_package.sv" Line 6008. Ignoring Subprog get_global.
WARNING: [XSIM 43-3499] "/proj/primebuilds/9999.0_PRIME_0428_0031/installs/data/system_verilog/uvm_1.2/xlnx_uvm_package.sv" Line 6008. Ignoring Subprog get_global.
WARNING: [XSIM 43-3499] "/proj/primebuilds/9999.0_PRIME_0428_0031/installs/data/system_verilog/uvm_1.2/xlnx_uvm_package.sv" Line 6099. Ignoring Subprog get.
WARNING: [XSIM 43-3499] "/proj/primebuilds/9999.0_PRIME_0428_0031/installs/data/system_verilog/uvm_1.2/xlnx_uvm_package.sv" Line 6899. Ignoring Subprog create.
WARNING: [XSIM 43-3499] "/proj/primebuilds/9999.0_PRIME_0428_0031/installs/data/system_verilog/uvm_1.2/xlnx_uvm_package.sv" Line 6913. Ignoring Subprog set_type_override.
WARNING: [XSIM 43-3499] "/proj/primebuilds/9999.0_PRIME_0428_0031/installs/data/system_verilog/uvm_1.2/xlnx_uvm_package.sv" Line 6919. Ignoring Subprog set_inst_override.
WARNING: [XSIM 43-3499] "/proj/primebuilds/9999.0_PRIME_0428_0031/installs/data/system_verilog/uvm_1.2/xlnx_uvm_package.sv" Line 6899. Ignoring Subprog create.
WARNING: [XSIM 43-3499] "/proj/primebuilds/9999.0_PRIME_0428_0031/installs/data/system_verilog/uvm_1.2/xlnx_uvm_package.sv" Line 6913. Ignoring Subprog set_type_override.
WARNING: [XSIM 43-3499] "/proj/primebuilds/9999.0_PRIME_0428_0031/installs/data/system_verilog/uvm_1.2/xlnx_uvm_package.sv" Line 6919. Ignoring Subprog set_inst_override.
WARNING: [XSIM 43-3499] "/proj/primebuilds/9999.0_PRIME_0428_0031/installs/data/system_verilog/uvm_1.2/xlnx_uvm_package.sv" Line 6913. Ignoring Subprog set_type_override.
WARNING: [XSIM 43-3499] "/proj/primebuilds/9999.0_PRIME_0428_0031/installs/data/system_verilog/uvm_1.2/xlnx_uvm_package.sv" Line 6919. Ignoring Subprog set_inst_override.
WARNING: [XSIM 43-3499] "/proj/primebuilds/9999.0_PRIME_0428_0031/installs/data/system_verilog/uvm_1.2/xlnx_uvm_package.sv" Line 6913. Ignoring Subprog set_type_override.
WARNING: [XSIM 43-3499] "/proj/primebuilds/9999.0_PRIME_0428_0031/installs/data/system_verilog/uvm_1.2/xlnx_uvm_package.sv" Line 6919. Ignoring Subprog set_inst_override.
WARNING: [XSIM 43-3499] "/proj/primebuilds/9999.0_PRIME_0428_0031/installs/data/system_verilog/uvm_1.2/xlnx_uvm_package.sv" Line 6913. Ignoring Subprog set_type_override.
WARNING: [XSIM 43-3499] "/proj/primebuilds/9999.0_PRIME_0428_0031/installs/data/system_verilog/uvm_1.2/xlnx_uvm_package.sv" Line 6919. Ignoring Subprog set_inst_override.
WARNING: [XSIM 43-3499] "/proj/primebuilds/9999.0_PRIME_0428_0031/installs/data/system_verilog/uvm_1.2/xlnx_uvm_package.sv" Line 6913. Ignoring Subprog set_type_override.
WARNING: [XSIM 43-3499] "/proj/primebuilds/9999.0_PRIME_0428_0031/installs/data/system_verilog/uvm_1.2/xlnx_uvm_package.sv" Line 6919. Ignoring Subprog set_inst_override.
WARNING: [XSIM 43-3499] "/proj/primebuilds/9999.0_PRIME_0428_0031/installs/data/system_verilog/uvm_1.2/xlnx_uvm_package.sv" Line 6913. Ignoring Subprog set_type_override.
WARNING: [XSIM 43-3499] "/proj/primebuilds/9999.0_PRIME_0428_0031/installs/data/system_verilog/uvm_1.2/xlnx_uvm_package.sv" Line 6919. Ignoring Subprog set_inst_override.
WARNING: [XSIM 43-3499] "/proj/primebuilds/9999.0_PRIME_0428_0031/installs/data/system_verilog/uvm_1.2/xlnx_uvm_package.sv" Line 6913. Ignoring Subprog set_type_override.
WARNING: [XSIM 43-3499] "/proj/primebuilds/9999.0_PRIME_0428_0031/installs/data/system_verilog/uvm_1.2/xlnx_uvm_package.sv" Line 6919. Ignoring Subprog set_inst_override.
WARNING: [XSIM 43-3499] "/proj/primebuilds/9999.0_PRIME_0428_0031/installs/data/system_verilog/uvm_1.2/xlnx_uvm_package.sv" Line 6899. Ignoring Subprog create.
WARNING: [XSIM 43-3499] "/proj/primebuilds/9999.0_PRIME_0428_0031/installs/data/system_verilog/uvm_1.2/xlnx_uvm_package.sv" Line 6913. Ignoring Subprog set_type_override.
WARNING: [XSIM 43-3499] "/proj/primebuilds/9999.0_PRIME_0428_0031/installs/data/system_verilog/uvm_1.2/xlnx_uvm_package.sv" Line 6919. Ignoring Subprog set_inst_override.
WARNING: [XSIM 43-3499] "/proj/primebuilds/9999.0_PRIME_0428_0031/installs/data/system_verilog/uvm_1.2/xlnx_uvm_package.sv" Line 6983. Ignoring Subprog set_type_override.
WARNING: [XSIM 43-3499] "/proj/primebuilds/9999.0_PRIME_0428_0031/installs/data/system_verilog/uvm_1.2/xlnx_uvm_package.sv" Line 6991. Ignoring Subprog set_inst_override.
WARNING: [XSIM 43-3499] "/proj/primebuilds/9999.0_PRIME_0428_0031/installs/data/system_verilog/uvm_1.2/xlnx_uvm_package.sv" Line 6968. Ignoring Subprog create.
WARNING: [XSIM 43-3499] "/proj/primebuilds/9999.0_PRIME_0428_0031/installs/data/system_verilog/uvm_1.2/xlnx_uvm_package.sv" Line 6983. Ignoring Subprog set_type_override.
WARNING: [XSIM 43-3499] "/proj/primebuilds/9999.0_PRIME_0428_0031/installs/data/system_verilog/uvm_1.2/xlnx_uvm_package.sv" Line 6991. Ignoring Subprog set_inst_override.
WARNING: [XSIM 43-3499] "/proj/primebuilds/9999.0_PRIME_0428_0031/installs/data/system_verilog/uvm_1.2/xlnx_uvm_package.sv" Line 6968. Ignoring Subprog create.
WARNING: [XSIM 43-3499] "/proj/primebuilds/9999.0_PRIME_0428_0031/installs/data/system_verilog/uvm_1.2/xlnx_uvm_package.sv" Line 6983. Ignoring Subprog set_type_override.
WARNING: [XSIM 43-3499] "/proj/primebuilds/9999.0_PRIME_0428_0031/installs/data/system_verilog/uvm_1.2/xlnx_uvm_package.sv" Line 6991. Ignoring Subprog set_inst_override.
WARNING: [XSIM 43-3499] "/proj/primebuilds/9999.0_PRIME_0428_0031/installs/data/system_verilog/uvm_1.2/xlnx_uvm_package.sv" Line 6968. Ignoring Subprog create.
WARNING: [XSIM 43-3499] "/proj/primebuilds/9999.0_PRIME_0428_0031/installs/data/system_verilog/uvm_1.2/xlnx_uvm_package.sv" Line 6983. Ignoring Subprog set_type_override.
WARNING: [XSIM 43-3499] "/proj/primebuilds/9999.0_PRIME_0428_0031/installs/data/system_verilog/uvm_1.2/xlnx_uvm_package.sv" Line 6991. Ignoring Subprog set_inst_override.
WARNING: [XSIM 43-3499] "/proj/primebuilds/9999.0_PRIME_0428_0031/installs/data/system_verilog/uvm_1.2/xlnx_uvm_package.sv" Line 6968. Ignoring Subprog create.
WARNING: [XSIM 43-3499] "/proj/primebuilds/9999.0_PRIME_0428_0031/installs/data/system_verilog/uvm_1.2/xlnx_uvm_package.sv" Line 6983. Ignoring Subprog set_type_override.
WARNING: [XSIM 43-3499] "/proj/primebuilds/9999.0_PRIME_0428_0031/installs/data/system_verilog/uvm_1.2/xlnx_uvm_package.sv" Line 6991. Ignoring Subprog set_inst_override.
WARNING: [XSIM 43-3499] "/proj/primebuilds/9999.0_PRIME_0428_0031/installs/data/system_verilog/uvm_1.2/xlnx_uvm_package.sv" Line 6968. Ignoring Subprog create.
WARNING: [XSIM 43-3499] "/proj/primebuilds/9999.0_PRIME_0428_0031/installs/data/system_verilog/uvm_1.2/xlnx_uvm_package.sv" Line 6983. Ignoring Subprog set_type_override.
WARNING: [XSIM 43-3499] "/proj/primebuilds/9999.0_PRIME_0428_0031/installs/data/system_verilog/uvm_1.2/xlnx_uvm_package.sv" Line 6991. Ignoring Subprog set_inst_override.
WARNING: [XSIM 43-3499] "/proj/primebuilds/9999.0_PRIME_0428_0031/installs/data/system_verilog/uvm_1.2/xlnx_uvm_package.sv" Line 6968. Ignoring Subprog create.
WARNING: [XSIM 43-3499] "/proj/primebuilds/9999.0_PRIME_0428_0031/installs/data/system_verilog/uvm_1.2/xlnx_uvm_package.sv" Line 6983. Ignoring Subprog set_type_override.
WARNING: [XSIM 43-3499] "/proj/primebuilds/9999.0_PRIME_0428_0031/installs/data/system_verilog/uvm_1.2/xlnx_uvm_package.sv" Line 6991. Ignoring Subprog set_inst_override.
WARNING: [XSIM 43-3499] "/proj/primebuilds/9999.0_PRIME_0428_0031/installs/data/system_verilog/uvm_1.2/xlnx_uvm_package.sv" Line 6983. Ignoring Subprog set_type_override.
WARNING: [XSIM 43-3499] "/proj/primebuilds/9999.0_PRIME_0428_0031/installs/data/system_verilog/uvm_1.2/xlnx_uvm_package.sv" Line 6991. Ignoring Subprog set_inst_override.
WARNING: [XSIM 43-3499] "/proj/primebuilds/9999.0_PRIME_0428_0031/installs/data/system_verilog/uvm_1.2/xlnx_uvm_package.sv" Line 6983. Ignoring Subprog set_type_override.
WARNING: [XSIM 43-3499] "/proj/primebuilds/9999.0_PRIME_0428_0031/installs/data/system_verilog/uvm_1.2/xlnx_uvm_package.sv" Line 6991. Ignoring Subprog set_inst_override.
WARNING: [XSIM 43-3499] "/proj/primebuilds/9999.0_PRIME_0428_0031/installs/data/system_verilog/uvm_1.2/xlnx_uvm_package.sv" Line 6968. Ignoring Subprog create.
WARNING: [XSIM 43-3499] "/proj/primebuilds/9999.0_PRIME_0428_0031/installs/data/system_verilog/uvm_1.2/xlnx_uvm_package.sv" Line 6983. Ignoring Subprog set_type_override.
WARNING: [XSIM 43-3499] "/proj/primebuilds/9999.0_PRIME_0428_0031/installs/data/system_verilog/uvm_1.2/xlnx_uvm_package.sv" Line 6991. Ignoring Subprog set_inst_override.
WARNING: [XSIM 43-3499] "/proj/primebuilds/9999.0_PRIME_0428_0031/installs/data/system_verilog/uvm_1.2/xlnx_uvm_package.sv" Line 6968. Ignoring Subprog create.
WARNING: [XSIM 43-3499] "/proj/primebuilds/9999.0_PRIME_0428_0031/installs/data/system_verilog/uvm_1.2/xlnx_uvm_package.sv" Line 6983. Ignoring Subprog set_type_override.
WARNING: [XSIM 43-3499] "/proj/primebuilds/9999.0_PRIME_0428_0031/installs/data/system_verilog/uvm_1.2/xlnx_uvm_package.sv" Line 6991. Ignoring Subprog set_inst_override.
WARNING: [XSIM 43-3499] "/proj/primebuilds/9999.0_PRIME_0428_0031/installs/data/system_verilog/uvm_1.2/xlnx_uvm_package.sv" Line 6983. Ignoring Subprog set_type_override.
WARNING: [XSIM 43-3499] "/proj/primebuilds/9999.0_PRIME_0428_0031/installs/data/system_verilog/uvm_1.2/xlnx_uvm_package.sv" Line 6991. Ignoring Subprog set_inst_override.
WARNING: [XSIM 43-3499] "/proj/primebuilds/9999.0_PRIME_0428_0031/installs/data/system_verilog/uvm_1.2/xlnx_uvm_package.sv" Line 6983. Ignoring Subprog set_type_override.
WARNING: [XSIM 43-3499] "/proj/primebuilds/9999.0_PRIME_0428_0031/installs/data/system_verilog/uvm_1.2/xlnx_uvm_package.sv" Line 6991. Ignoring Subprog set_inst_override.
WARNING: [XSIM 43-3499] "/proj/primebuilds/9999.0_PRIME_0428_0031/installs/data/system_verilog/uvm_1.2/xlnx_uvm_package.sv" Line 6968. Ignoring Subprog create.
WARNING: [XSIM 43-3499] "/proj/primebuilds/9999.0_PRIME_0428_0031/installs/data/system_verilog/uvm_1.2/xlnx_uvm_package.sv" Line 6983. Ignoring Subprog set_type_override.
WARNING: [XSIM 43-3499] "/proj/primebuilds/9999.0_PRIME_0428_0031/installs/data/system_verilog/uvm_1.2/xlnx_uvm_package.sv" Line 6991. Ignoring Subprog set_inst_override.
WARNING: [XSIM 43-3499] "/proj/primebuilds/9999.0_PRIME_0428_0031/installs/data/system_verilog/uvm_1.2/xlnx_uvm_package.sv" Line 6983. Ignoring Subprog set_type_override.
WARNING: [XSIM 43-3499] "/proj/primebuilds/9999.0_PRIME_0428_0031/installs/data/system_verilog/uvm_1.2/xlnx_uvm_package.sv" Line 6991. Ignoring Subprog set_inst_override.
WARNING: [XSIM 43-3499] "/proj/primebuilds/9999.0_PRIME_0428_0031/installs/data/system_verilog/uvm_1.2/xlnx_uvm_package.sv" Line 6983. Ignoring Subprog set_type_override.
WARNING: [XSIM 43-3499] "/proj/primebuilds/9999.0_PRIME_0428_0031/installs/data/system_verilog/uvm_1.2/xlnx_uvm_package.sv" Line 6991. Ignoring Subprog set_inst_override.
WARNING: [XSIM 43-3499] "/proj/primebuilds/9999.0_PRIME_0428_0031/installs/data/system_verilog/uvm_1.2/xlnx_uvm_package.sv" Line 6983. Ignoring Subprog set_type_override.
WARNING: [XSIM 43-3499] "/proj/primebuilds/9999.0_PRIME_0428_0031/installs/data/system_verilog/uvm_1.2/xlnx_uvm_package.sv" Line 6991. Ignoring Subprog set_inst_override.
WARNING: [XSIM 43-3499] "/proj/primebuilds/9999.0_PRIME_0428_0031/installs/data/system_verilog/uvm_1.2/xlnx_uvm_package.sv" Line 6968. Ignoring Subprog create.
WARNING: [XSIM 43-3499] "/proj/primebuilds/9999.0_PRIME_0428_0031/installs/data/system_verilog/uvm_1.2/xlnx_uvm_package.sv" Line 6983. Ignoring Subprog set_type_override.
WARNING: [XSIM 43-3499] "/proj/primebuilds/9999.0_PRIME_0428_0031/installs/data/system_verilog/uvm_1.2/xlnx_uvm_package.sv" Line 6991. Ignoring Subprog set_inst_override.
WARNING: [XSIM 43-3499] "/proj/primebuilds/9999.0_PRIME_0428_0031/installs/data/system_verilog/uvm_1.2/xlnx_uvm_package.sv" Line 6983. Ignoring Subprog set_type_override.
WARNING: [XSIM 43-3499] "/proj/primebuilds/9999.0_PRIME_0428_0031/installs/data/system_verilog/uvm_1.2/xlnx_uvm_package.sv" Line 6991. Ignoring Subprog set_inst_override.
WARNING: [XSIM 43-3499] "/proj/primebuilds/9999.0_PRIME_0428_0031/installs/data/system_verilog/uvm_1.2/xlnx_uvm_package.sv" Line 6983. Ignoring Subprog set_type_override.
WARNING: [XSIM 43-3499] "/proj/primebuilds/9999.0_PRIME_0428_0031/installs/data/system_verilog/uvm_1.2/xlnx_uvm_package.sv" Line 6991. Ignoring Subprog set_inst_override.
WARNING: [XSIM 43-3499] "/proj/primebuilds/9999.0_PRIME_0428_0031/installs/data/system_verilog/uvm_1.2/xlnx_uvm_package.sv" Line 6968. Ignoring Subprog create.
WARNING: [XSIM 43-3499] "/proj/primebuilds/9999.0_PRIME_0428_0031/installs/data/system_verilog/uvm_1.2/xlnx_uvm_package.sv" Line 6983. Ignoring Subprog set_type_override.
WARNING: [XSIM 43-3499] "/proj/primebuilds/9999.0_PRIME_0428_0031/installs/data/system_verilog/uvm_1.2/xlnx_uvm_package.sv" Line 6991. Ignoring Subprog set_inst_override.
WARNING: [XSIM 43-3499] "/proj/primebuilds/9999.0_PRIME_0428_0031/installs/data/system_verilog/uvm_1.2/xlnx_uvm_package.sv" Line 6968. Ignoring Subprog create.
WARNING: [XSIM 43-3499] "/proj/primebuilds/9999.0_PRIME_0428_0031/installs/data/system_verilog/uvm_1.2/xlnx_uvm_package.sv" Line 6983. Ignoring Subprog set_type_override.
WARNING: [XSIM 43-3499] "/proj/primebuilds/9999.0_PRIME_0428_0031/installs/data/system_verilog/uvm_1.2/xlnx_uvm_package.sv" Line 6991. Ignoring Subprog set_inst_override.
WARNING: [XSIM 43-3499] "/proj/primebuilds/9999.0_PRIME_0428_0031/installs/data/system_verilog/uvm_1.2/xlnx_uvm_package.sv" Line 6968. Ignoring Subprog create.
WARNING: [XSIM 43-3499] "/proj/primebuilds/9999.0_PRIME_0428_0031/installs/data/system_verilog/uvm_1.2/xlnx_uvm_package.sv" Line 6983. Ignoring Subprog set_type_override.
WARNING: [XSIM 43-3499] "/proj/primebuilds/9999.0_PRIME_0428_0031/installs/data/system_verilog/uvm_1.2/xlnx_uvm_package.sv" Line 6991. Ignoring Subprog set_inst_override.
WARNING: [XSIM 43-3499] "/proj/primebuilds/9999.0_PRIME_0428_0031/installs/data/system_verilog/uvm_1.2/xlnx_uvm_package.sv" Line 6968. Ignoring Subprog create.
WARNING: [XSIM 43-3499] "/proj/primebuilds/9999.0_PRIME_0428_0031/installs/data/system_verilog/uvm_1.2/xlnx_uvm_package.sv" Line 6983. Ignoring Subprog set_type_override.
WARNING: [XSIM 43-3499] "/proj/primebuilds/9999.0_PRIME_0428_0031/installs/data/system_verilog/uvm_1.2/xlnx_uvm_package.sv" Line 6991. Ignoring Subprog set_inst_override.
WARNING: [XSIM 43-3499] "/proj/primebuilds/9999.0_PRIME_0428_0031/installs/data/system_verilog/uvm_1.2/xlnx_uvm_package.sv" Line 6968. Ignoring Subprog create.
WARNING: [XSIM 43-3499] "/proj/primebuilds/9999.0_PRIME_0428_0031/installs/data/system_verilog/uvm_1.2/xlnx_uvm_package.sv" Line 6983. Ignoring Subprog set_type_override.
WARNING: [XSIM 43-3499] "/proj/primebuilds/9999.0_PRIME_0428_0031/installs/data/system_verilog/uvm_1.2/xlnx_uvm_package.sv" Line 6991. Ignoring Subprog set_inst_override.
WARNING: [XSIM 43-3499] "/proj/primebuilds/9999.0_PRIME_0428_0031/installs/data/system_verilog/uvm_1.2/xlnx_uvm_package.sv" Line 6968. Ignoring Subprog create.
WARNING: [XSIM 43-3499] "/proj/primebuilds/9999.0_PRIME_0428_0031/installs/data/system_verilog/uvm_1.2/xlnx_uvm_package.sv" Line 6983. Ignoring Subprog set_type_override.
WARNING: [XSIM 43-3499] "/proj/primebuilds/9999.0_PRIME_0428_0031/installs/data/system_verilog/uvm_1.2/xlnx_uvm_package.sv" Line 6991. Ignoring Subprog set_inst_override.
WARNING: [XSIM 43-3499] "/proj/primebuilds/9999.0_PRIME_0428_0031/installs/data/system_verilog/uvm_1.2/xlnx_uvm_package.sv" Line 6983. Ignoring Subprog set_type_override.
WARNING: [XSIM 43-3499] "/proj/primebuilds/9999.0_PRIME_0428_0031/installs/data/system_verilog/uvm_1.2/xlnx_uvm_package.sv" Line 6991. Ignoring Subprog set_inst_override.
WARNING: [XSIM 43-3499] "/proj/primebuilds/9999.0_PRIME_0428_0031/installs/data/system_verilog/uvm_1.2/xlnx_uvm_package.sv" Line 6983. Ignoring Subprog set_type_override.
WARNING: [XSIM 43-3499] "/proj/primebuilds/9999.0_PRIME_0428_0031/installs/data/system_verilog/uvm_1.2/xlnx_uvm_package.sv" Line 6991. Ignoring Subprog set_inst_override.
WARNING: [XSIM 43-3499] "/proj/primebuilds/9999.0_PRIME_0428_0031/installs/data/system_verilog/uvm_1.2/xlnx_uvm_package.sv" Line 7144. Ignoring Subprog turn_on_auditing.
WARNING: [XSIM 43-3499] "/proj/primebuilds/9999.0_PRIME_0428_0031/installs/data/system_verilog/uvm_1.2/xlnx_uvm_package.sv" Line 7149. Ignoring Subprog turn_off_auditing.
WARNING: [XSIM 43-3499] "/proj/primebuilds/9999.0_PRIME_0428_0031/installs/data/system_verilog/uvm_1.2/xlnx_uvm_package.sv" Line 7178. Ignoring Subprog set_read_only.
WARNING: [XSIM 43-3499] "/proj/primebuilds/9999.0_PRIME_0428_0031/installs/data/system_verilog/uvm_1.2/xlnx_uvm_package.sv" Line 7182. Ignoring Subprog set_read_write.
WARNING: [XSIM 43-3499] "/proj/primebuilds/9999.0_PRIME_0428_0031/installs/data/system_verilog/uvm_1.2/xlnx_uvm_package.sv" Line 7359. Ignoring Subprog set_override.
WARNING: [XSIM 43-3499] "/proj/primebuilds/9999.0_PRIME_0428_0031/installs/data/system_verilog/uvm_1.2/xlnx_uvm_package.sv" Line 7363. Ignoring Subprog set_name_override.
WARNING: [XSIM 43-3499] "/proj/primebuilds/9999.0_PRIME_0428_0031/installs/data/system_verilog/uvm_1.2/xlnx_uvm_package.sv" Line 7367. Ignoring Subprog set_type_override.
WARNING: [XSIM 43-3499] "/proj/primebuilds/9999.0_PRIME_0428_0031/installs/data/system_verilog/uvm_1.2/xlnx_uvm_package.sv" Line 7387. Ignoring Subprog dump_get_records.
WARNING: [XSIM 43-3499] "/proj/primebuilds/9999.0_PRIME_0428_0031/installs/data/system_verilog/uvm_1.2/xlnx_uvm_package.sv" Line 7806. Ignoring Subprog set.
WARNING: [XSIM 43-3499] "/proj/primebuilds/9999.0_PRIME_0428_0031/installs/data/system_verilog/uvm_1.2/xlnx_uvm_package.sv" Line 7811. Ignoring Subprog set_override.
WARNING: [XSIM 43-3499] "/proj/primebuilds/9999.0_PRIME_0428_0031/installs/data/system_verilog/uvm_1.2/xlnx_uvm_package.sv" Line 7817. Ignoring Subprog get_by_name.
WARNING: [XSIM 43-3499] "/proj/primebuilds/9999.0_PRIME_0428_0031/installs/data/system_verilog/uvm_1.2/xlnx_uvm_package.sv" Line 7841. Ignoring Subprog get_by_type.
WARNING: [XSIM 43-3499] "/proj/primebuilds/9999.0_PRIME_0428_0031/installs/data/system_verilog/uvm_1.2/xlnx_uvm_package.sv" Line 7873. Ignoring Subprog write.
WARNING: [XSIM 43-3499] "/proj/primebuilds/9999.0_PRIME_0428_0031/installs/data/system_verilog/uvm_1.2/xlnx_uvm_package.sv" Line 7897. Ignoring Subprog get_highest_precedence.
WARNING: [XSIM 43-3499] "/proj/primebuilds/9999.0_PRIME_0428_0031/installs/data/system_verilog/uvm_1.2/xlnx_uvm_package.sv" Line 7897. Ignoring Subprog get_highest_precedence.
WARNING: [XSIM 43-3499] "/proj/primebuilds/9999.0_PRIME_0428_0031/installs/data/system_verilog/uvm_1.2/xlnx_uvm_package.sv" Line 7806. Ignoring Subprog set.
WARNING: [XSIM 43-3499] "/proj/primebuilds/9999.0_PRIME_0428_0031/installs/data/system_verilog/uvm_1.2/xlnx_uvm_package.sv" Line 7811. Ignoring Subprog set_override.
WARNING: [XSIM 43-3499] "/proj/primebuilds/9999.0_PRIME_0428_0031/installs/data/system_verilog/uvm_1.2/xlnx_uvm_package.sv" Line 7817. Ignoring Subprog get_by_name.
WARNING: [XSIM 43-3499] "/proj/primebuilds/9999.0_PRIME_0428_0031/installs/data/system_verilog/uvm_1.2/xlnx_uvm_package.sv" Line 7841. Ignoring Subprog get_by_type.
WARNING: [XSIM 43-3499] "/proj/primebuilds/9999.0_PRIME_0428_0031/installs/data/system_verilog/uvm_1.2/xlnx_uvm_package.sv" Line 7873. Ignoring Subprog write.
WARNING: [XSIM 43-3499] "/proj/primebuilds/9999.0_PRIME_0428_0031/installs/data/system_verilog/uvm_1.2/xlnx_uvm_package.sv" Line 7897. Ignoring Subprog get_highest_precedence.
WARNING: [XSIM 43-3499] "/proj/primebuilds/9999.0_PRIME_0428_0031/installs/data/system_verilog/uvm_1.2/xlnx_uvm_package.sv" Line 7897. Ignoring Subprog get_highest_precedence.
WARNING: [XSIM 43-3499] "/proj/primebuilds/9999.0_PRIME_0428_0031/installs/data/system_verilog/uvm_1.2/xlnx_uvm_package.sv" Line 7897. Ignoring Subprog get_highest_precedence.
WARNING: [XSIM 43-3499] "/proj/primebuilds/9999.0_PRIME_0428_0031/installs/data/system_verilog/uvm_1.2/xlnx_uvm_package.sv" Line 8168. Ignoring Subprog set_default.
WARNING: [XSIM 43-3499] "/proj/primebuilds/9999.0_PRIME_0428_0031/installs/data/system_verilog/uvm_1.2/xlnx_uvm_package.sv" Line 8187. Ignoring Subprog set.
WARNING: [XSIM 43-3499] "/proj/primebuilds/9999.0_PRIME_0428_0031/installs/data/system_verilog/uvm_1.2/xlnx_uvm_package.sv" Line 8197. Ignoring Subprog set_anonymous.
WARNING: [XSIM 43-3499] "/proj/primebuilds/9999.0_PRIME_0428_0031/installs/data/system_verilog/uvm_1.2/xlnx_uvm_package.sv" Line 8208. Ignoring Subprog set_override.
WARNING: [XSIM 43-3499] "/proj/primebuilds/9999.0_PRIME_0428_0031/installs/data/system_verilog/uvm_1.2/xlnx_uvm_package.sv" Line 8217. Ignoring Subprog set_override_type.
WARNING: [XSIM 43-3499] "/proj/primebuilds/9999.0_PRIME_0428_0031/installs/data/system_verilog/uvm_1.2/xlnx_uvm_package.sv" Line 8227. Ignoring Subprog set_override_name.
WARNING: [XSIM 43-3499] "/proj/primebuilds/9999.0_PRIME_0428_0031/installs/data/system_verilog/uvm_1.2/xlnx_uvm_package.sv" Line 8236. Ignoring Subprog read_by_name.
WARNING: [XSIM 43-3499] "/proj/primebuilds/9999.0_PRIME_0428_0031/installs/data/system_verilog/uvm_1.2/xlnx_uvm_package.sv" Line 8252. Ignoring Subprog read_by_type.
WARNING: [XSIM 43-3499] "/proj/primebuilds/9999.0_PRIME_0428_0031/installs/data/system_verilog/uvm_1.2/xlnx_uvm_package.sv" Line 8268. Ignoring Subprog write_by_name.
WARNING: [XSIM 43-3499] "/proj/primebuilds/9999.0_PRIME_0428_0031/installs/data/system_verilog/uvm_1.2/xlnx_uvm_package.sv" Line 8284. Ignoring Subprog write_by_type.
WARNING: [XSIM 43-3499] "/proj/primebuilds/9999.0_PRIME_0428_0031/installs/data/system_verilog/uvm_1.2/xlnx_uvm_package.sv" Line 8300. Ignoring Subprog dump.
WARNING: [XSIM 43-3499] "/proj/primebuilds/9999.0_PRIME_0428_0031/installs/data/system_verilog/uvm_1.2/xlnx_uvm_package.sv" Line 8168. Ignoring Subprog set_default.
WARNING: [XSIM 43-3499] "/proj/primebuilds/9999.0_PRIME_0428_0031/installs/data/system_verilog/uvm_1.2/xlnx_uvm_package.sv" Line 8187. Ignoring Subprog set.
WARNING: [XSIM 43-3499] "/proj/primebuilds/9999.0_PRIME_0428_0031/installs/data/system_verilog/uvm_1.2/xlnx_uvm_package.sv" Line 8197. Ignoring Subprog set_anonymous.
WARNING: [XSIM 43-3499] "/proj/primebuilds/9999.0_PRIME_0428_0031/installs/data/system_verilog/uvm_1.2/xlnx_uvm_package.sv" Line 8208. Ignoring Subprog set_override.
WARNING: [XSIM 43-3499] "/proj/primebuilds/9999.0_PRIME_0428_0031/installs/data/system_verilog/uvm_1.2/xlnx_uvm_package.sv" Line 8217. Ignoring Subprog set_override_type.
WARNING: [XSIM 43-3499] "/proj/primebuilds/9999.0_PRIME_0428_0031/installs/data/system_verilog/uvm_1.2/xlnx_uvm_package.sv" Line 8227. Ignoring Subprog set_override_name.
WARNING: [XSIM 43-3499] "/proj/primebuilds/9999.0_PRIME_0428_0031/installs/data/system_verilog/uvm_1.2/xlnx_uvm_package.sv" Line 8236. Ignoring Subprog read_by_name.
WARNING: [XSIM 43-3499] "/proj/primebuilds/9999.0_PRIME_0428_0031/installs/data/system_verilog/uvm_1.2/xlnx_uvm_package.sv" Line 8252. Ignoring Subprog read_by_type.
WARNING: [XSIM 43-3499] "/proj/primebuilds/9999.0_PRIME_0428_0031/installs/data/system_verilog/uvm_1.2/xlnx_uvm_package.sv" Line 8268. Ignoring Subprog write_by_name.
WARNING: [XSIM 43-3499] "/proj/primebuilds/9999.0_PRIME_0428_0031/installs/data/system_verilog/uvm_1.2/xlnx_uvm_package.sv" Line 8284. Ignoring Subprog write_by_type.
WARNING: [XSIM 43-3499] "/proj/primebuilds/9999.0_PRIME_0428_0031/installs/data/system_verilog/uvm_1.2/xlnx_uvm_package.sv" Line 8300. Ignoring Subprog dump.
WARNING: [XSIM 43-3499] "/proj/primebuilds/9999.0_PRIME_0428_0031/installs/data/system_verilog/uvm_1.2/xlnx_uvm_package.sv" Line 8168. Ignoring Subprog set_default.
WARNING: [XSIM 43-3499] "/proj/primebuilds/9999.0_PRIME_0428_0031/installs/data/system_verilog/uvm_1.2/xlnx_uvm_package.sv" Line 8187. Ignoring Subprog set.
WARNING: [XSIM 43-3499] "/proj/primebuilds/9999.0_PRIME_0428_0031/installs/data/system_verilog/uvm_1.2/xlnx_uvm_package.sv" Line 8197. Ignoring Subprog set_anonymous.
WARNING: [XSIM 43-3499] "/proj/primebuilds/9999.0_PRIME_0428_0031/installs/data/system_verilog/uvm_1.2/xlnx_uvm_package.sv" Line 8208. Ignoring Subprog set_override.
WARNING: [XSIM 43-3499] "/proj/primebuilds/9999.0_PRIME_0428_0031/installs/data/system_verilog/uvm_1.2/xlnx_uvm_package.sv" Line 8217. Ignoring Subprog set_override_type.
WARNING: [XSIM 43-3499] "/proj/primebuilds/9999.0_PRIME_0428_0031/installs/data/system_verilog/uvm_1.2/xlnx_uvm_package.sv" Line 8227. Ignoring Subprog set_override_name.
WARNING: [XSIM 43-3499] "/proj/primebuilds/9999.0_PRIME_0428_0031/installs/data/system_verilog/uvm_1.2/xlnx_uvm_package.sv" Line 8236. Ignoring Subprog read_by_name.
WARNING: [XSIM 43-3499] "/proj/primebuilds/9999.0_PRIME_0428_0031/installs/data/system_verilog/uvm_1.2/xlnx_uvm_package.sv" Line 8252. Ignoring Subprog read_by_type.
WARNING: [XSIM 43-3499] "/proj/primebuilds/9999.0_PRIME_0428_0031/installs/data/system_verilog/uvm_1.2/xlnx_uvm_package.sv" Line 8268. Ignoring Subprog write_by_name.
WARNING: [XSIM 43-3499] "/proj/primebuilds/9999.0_PRIME_0428_0031/installs/data/system_verilog/uvm_1.2/xlnx_uvm_package.sv" Line 8284. Ignoring Subprog write_by_type.
WARNING: [XSIM 43-3499] "/proj/primebuilds/9999.0_PRIME_0428_0031/installs/data/system_verilog/uvm_1.2/xlnx_uvm_package.sv" Line 8300. Ignoring Subprog dump.
WARNING: [XSIM 43-3499] "/proj/primebuilds/9999.0_PRIME_0428_0031/installs/data/system_verilog/uvm_1.2/xlnx_uvm_package.sv" Line 8168. Ignoring Subprog set_default.
WARNING: [XSIM 43-3499] "/proj/primebuilds/9999.0_PRIME_0428_0031/installs/data/system_verilog/uvm_1.2/xlnx_uvm_package.sv" Line 8187. Ignoring Subprog set.
WARNING: [XSIM 43-3499] "/proj/primebuilds/9999.0_PRIME_0428_0031/installs/data/system_verilog/uvm_1.2/xlnx_uvm_package.sv" Line 8197. Ignoring Subprog set_anonymous.
WARNING: [XSIM 43-3499] "/proj/primebuilds/9999.0_PRIME_0428_0031/installs/data/system_verilog/uvm_1.2/xlnx_uvm_package.sv" Line 8208. Ignoring Subprog set_override.
WARNING: [XSIM 43-3499] "/proj/primebuilds/9999.0_PRIME_0428_0031/installs/data/system_verilog/uvm_1.2/xlnx_uvm_package.sv" Line 8217. Ignoring Subprog set_override_type.
WARNING: [XSIM 43-3499] "/proj/primebuilds/9999.0_PRIME_0428_0031/installs/data/system_verilog/uvm_1.2/xlnx_uvm_package.sv" Line 8227. Ignoring Subprog set_override_name.
WARNING: [XSIM 43-3499] "/proj/primebuilds/9999.0_PRIME_0428_0031/installs/data/system_verilog/uvm_1.2/xlnx_uvm_package.sv" Line 8236. Ignoring Subprog read_by_name.
WARNING: [XSIM 43-3499] "/proj/primebuilds/9999.0_PRIME_0428_0031/installs/data/system_verilog/uvm_1.2/xlnx_uvm_package.sv" Line 8252. Ignoring Subprog read_by_type.
WARNING: [XSIM 43-3499] "/proj/primebuilds/9999.0_PRIME_0428_0031/installs/data/system_verilog/uvm_1.2/xlnx_uvm_package.sv" Line 8268. Ignoring Subprog write_by_name.
WARNING: [XSIM 43-3499] "/proj/primebuilds/9999.0_PRIME_0428_0031/installs/data/system_verilog/uvm_1.2/xlnx_uvm_package.sv" Line 8284. Ignoring Subprog write_by_type.
WARNING: [XSIM 43-3499] "/proj/primebuilds/9999.0_PRIME_0428_0031/installs/data/system_verilog/uvm_1.2/xlnx_uvm_package.sv" Line 8300. Ignoring Subprog dump.
WARNING: [XSIM 43-3499] "/proj/primebuilds/9999.0_PRIME_0428_0031/installs/data/system_verilog/uvm_1.2/xlnx_uvm_package.sv" Line 8168. Ignoring Subprog set_default.
WARNING: [XSIM 43-3499] "/proj/primebuilds/9999.0_PRIME_0428_0031/installs/data/system_verilog/uvm_1.2/xlnx_uvm_package.sv" Line 8187. Ignoring Subprog set.
WARNING: [XSIM 43-3499] "/proj/primebuilds/9999.0_PRIME_0428_0031/installs/data/system_verilog/uvm_1.2/xlnx_uvm_package.sv" Line 8197. Ignoring Subprog set_anonymous.
WARNING: [XSIM 43-3499] "/proj/primebuilds/9999.0_PRIME_0428_0031/installs/data/system_verilog/uvm_1.2/xlnx_uvm_package.sv" Line 8208. Ignoring Subprog set_override.
WARNING: [XSIM 43-3499] "/proj/primebuilds/9999.0_PRIME_0428_0031/installs/data/system_verilog/uvm_1.2/xlnx_uvm_package.sv" Line 8217. Ignoring Subprog set_override_type.
WARNING: [XSIM 43-3499] "/proj/primebuilds/9999.0_PRIME_0428_0031/installs/data/system_verilog/uvm_1.2/xlnx_uvm_package.sv" Line 8227. Ignoring Subprog set_override_name.
WARNING: [XSIM 43-3499] "/proj/primebuilds/9999.0_PRIME_0428_0031/installs/data/system_verilog/uvm_1.2/xlnx_uvm_package.sv" Line 8236. Ignoring Subprog read_by_name.
WARNING: [XSIM 43-3499] "/proj/primebuilds/9999.0_PRIME_0428_0031/installs/data/system_verilog/uvm_1.2/xlnx_uvm_package.sv" Line 8252. Ignoring Subprog read_by_type.
WARNING: [XSIM 43-3499] "/proj/primebuilds/9999.0_PRIME_0428_0031/installs/data/system_verilog/uvm_1.2/xlnx_uvm_package.sv" Line 8268. Ignoring Subprog write_by_name.
WARNING: [XSIM 43-3499] "/proj/primebuilds/9999.0_PRIME_0428_0031/installs/data/system_verilog/uvm_1.2/xlnx_uvm_package.sv" Line 8284. Ignoring Subprog write_by_type.
WARNING: [XSIM 43-3499] "/proj/primebuilds/9999.0_PRIME_0428_0031/installs/data/system_verilog/uvm_1.2/xlnx_uvm_package.sv" Line 8300. Ignoring Subprog dump.
WARNING: [XSIM 43-3499] "/proj/primebuilds/9999.0_PRIME_0428_0031/installs/data/system_verilog/uvm_1.2/xlnx_uvm_package.sv" Line 8168. Ignoring Subprog set_default.
WARNING: [XSIM 43-3499] "/proj/primebuilds/9999.0_PRIME_0428_0031/installs/data/system_verilog/uvm_1.2/xlnx_uvm_package.sv" Line 8187. Ignoring Subprog set.
WARNING: [XSIM 43-3499] "/proj/primebuilds/9999.0_PRIME_0428_0031/installs/data/system_verilog/uvm_1.2/xlnx_uvm_package.sv" Line 8197. Ignoring Subprog set_anonymous.
WARNING: [XSIM 43-3499] "/proj/primebuilds/9999.0_PRIME_0428_0031/installs/data/system_verilog/uvm_1.2/xlnx_uvm_package.sv" Line 8208. Ignoring Subprog set_override.
WARNING: [XSIM 43-3499] "/proj/primebuilds/9999.0_PRIME_0428_0031/installs/data/system_verilog/uvm_1.2/xlnx_uvm_package.sv" Line 8217. Ignoring Subprog set_override_type.
WARNING: [XSIM 43-3499] "/proj/primebuilds/9999.0_PRIME_0428_0031/installs/data/system_verilog/uvm_1.2/xlnx_uvm_package.sv" Line 8227. Ignoring Subprog set_override_name.
WARNING: [XSIM 43-3499] "/proj/primebuilds/9999.0_PRIME_0428_0031/installs/data/system_verilog/uvm_1.2/xlnx_uvm_package.sv" Line 8236. Ignoring Subprog read_by_name.
WARNING: [XSIM 43-3499] "/proj/primebuilds/9999.0_PRIME_0428_0031/installs/data/system_verilog/uvm_1.2/xlnx_uvm_package.sv" Line 8252. Ignoring Subprog read_by_type.
WARNING: [XSIM 43-3499] "/proj/primebuilds/9999.0_PRIME_0428_0031/installs/data/system_verilog/uvm_1.2/xlnx_uvm_package.sv" Line 8268. Ignoring Subprog write_by_name.
WARNING: [XSIM 43-3499] "/proj/primebuilds/9999.0_PRIME_0428_0031/installs/data/system_verilog/uvm_1.2/xlnx_uvm_package.sv" Line 8284. Ignoring Subprog write_by_type.
WARNING: [XSIM 43-3499] "/proj/primebuilds/9999.0_PRIME_0428_0031/installs/data/system_verilog/uvm_1.2/xlnx_uvm_package.sv" Line 8300. Ignoring Subprog dump.
WARNING: [XSIM 43-3499] "/proj/primebuilds/9999.0_PRIME_0428_0031/installs/data/system_verilog/uvm_1.2/xlnx_uvm_package.sv" Line 8168. Ignoring Subprog set_default.
WARNING: [XSIM 43-3499] "/proj/primebuilds/9999.0_PRIME_0428_0031/installs/data/system_verilog/uvm_1.2/xlnx_uvm_package.sv" Line 8187. Ignoring Subprog set.
WARNING: [XSIM 43-3499] "/proj/primebuilds/9999.0_PRIME_0428_0031/installs/data/system_verilog/uvm_1.2/xlnx_uvm_package.sv" Line 8197. Ignoring Subprog set_anonymous.
WARNING: [XSIM 43-3499] "/proj/primebuilds/9999.0_PRIME_0428_0031/installs/data/system_verilog/uvm_1.2/xlnx_uvm_package.sv" Line 8208. Ignoring Subprog set_override.
WARNING: [XSIM 43-3499] "/proj/primebuilds/9999.0_PRIME_0428_0031/installs/data/system_verilog/uvm_1.2/xlnx_uvm_package.sv" Line 8217. Ignoring Subprog set_override_type.
WARNING: [XSIM 43-3499] "/proj/primebuilds/9999.0_PRIME_0428_0031/installs/data/system_verilog/uvm_1.2/xlnx_uvm_package.sv" Line 8227. Ignoring Subprog set_override_name.
WARNING: [XSIM 43-3499] "/proj/primebuilds/9999.0_PRIME_0428_0031/installs/data/system_verilog/uvm_1.2/xlnx_uvm_package.sv" Line 8236. Ignoring Subprog read_by_name.
WARNING: [XSIM 43-3499] "/proj/primebuilds/9999.0_PRIME_0428_0031/installs/data/system_verilog/uvm_1.2/xlnx_uvm_package.sv" Line 8252. Ignoring Subprog read_by_type.
WARNING: [XSIM 43-3499] "/proj/primebuilds/9999.0_PRIME_0428_0031/installs/data/system_verilog/uvm_1.2/xlnx_uvm_package.sv" Line 8268. Ignoring Subprog write_by_name.
WARNING: [XSIM 43-3499] "/proj/primebuilds/9999.0_PRIME_0428_0031/installs/data/system_verilog/uvm_1.2/xlnx_uvm_package.sv" Line 8284. Ignoring Subprog write_by_type.
WARNING: [XSIM 43-3499] "/proj/primebuilds/9999.0_PRIME_0428_0031/installs/data/system_verilog/uvm_1.2/xlnx_uvm_package.sv" Line 8300. Ignoring Subprog dump.
WARNING: [XSIM 43-3499] "/proj/primebuilds/9999.0_PRIME_0428_0031/installs/data/system_verilog/uvm_1.2/xlnx_uvm_package.sv" Line 8168. Ignoring Subprog set_default.
WARNING: [XSIM 43-3499] "/proj/primebuilds/9999.0_PRIME_0428_0031/installs/data/system_verilog/uvm_1.2/xlnx_uvm_package.sv" Line 8197. Ignoring Subprog set_anonymous.
WARNING: [XSIM 43-3499] "/proj/primebuilds/9999.0_PRIME_0428_0031/installs/data/system_verilog/uvm_1.2/xlnx_uvm_package.sv" Line 8208. Ignoring Subprog set_override.
WARNING: [XSIM 43-3499] "/proj/primebuilds/9999.0_PRIME_0428_0031/installs/data/system_verilog/uvm_1.2/xlnx_uvm_package.sv" Line 8217. Ignoring Subprog set_override_type.
WARNING: [XSIM 43-3499] "/proj/primebuilds/9999.0_PRIME_0428_0031/installs/data/system_verilog/uvm_1.2/xlnx_uvm_package.sv" Line 8227. Ignoring Subprog set_override_name.
WARNING: [XSIM 43-3499] "/proj/primebuilds/9999.0_PRIME_0428_0031/installs/data/system_verilog/uvm_1.2/xlnx_uvm_package.sv" Line 8252. Ignoring Subprog read_by_type.
WARNING: [XSIM 43-3499] "/proj/primebuilds/9999.0_PRIME_0428_0031/installs/data/system_verilog/uvm_1.2/xlnx_uvm_package.sv" Line 8268. Ignoring Subprog write_by_name.
WARNING: [XSIM 43-3499] "/proj/primebuilds/9999.0_PRIME_0428_0031/installs/data/system_verilog/uvm_1.2/xlnx_uvm_package.sv" Line 8284. Ignoring Subprog write_by_type.
WARNING: [XSIM 43-3499] "/proj/primebuilds/9999.0_PRIME_0428_0031/installs/data/system_verilog/uvm_1.2/xlnx_uvm_package.sv" Line 8300. Ignoring Subprog dump.
WARNING: [XSIM 43-3499] "/proj/primebuilds/9999.0_PRIME_0428_0031/installs/data/system_verilog/uvm_1.2/xlnx_uvm_package.sv" Line 8168. Ignoring Subprog set_default.
WARNING: [XSIM 43-3499] "/proj/primebuilds/9999.0_PRIME_0428_0031/installs/data/system_verilog/uvm_1.2/xlnx_uvm_package.sv" Line 8197. Ignoring Subprog set_anonymous.
WARNING: [XSIM 43-3499] "/proj/primebuilds/9999.0_PRIME_0428_0031/installs/data/system_verilog/uvm_1.2/xlnx_uvm_package.sv" Line 8208. Ignoring Subprog set_override.
WARNING: [XSIM 43-3499] "/proj/primebuilds/9999.0_PRIME_0428_0031/installs/data/system_verilog/uvm_1.2/xlnx_uvm_package.sv" Line 8217. Ignoring Subprog set_override_type.
WARNING: [XSIM 43-3499] "/proj/primebuilds/9999.0_PRIME_0428_0031/installs/data/system_verilog/uvm_1.2/xlnx_uvm_package.sv" Line 8227. Ignoring Subprog set_override_name.
WARNING: [XSIM 43-3499] "/proj/primebuilds/9999.0_PRIME_0428_0031/installs/data/system_verilog/uvm_1.2/xlnx_uvm_package.sv" Line 8236. Ignoring Subprog read_by_name.
WARNING: [XSIM 43-3499] "/proj/primebuilds/9999.0_PRIME_0428_0031/installs/data/system_verilog/uvm_1.2/xlnx_uvm_package.sv" Line 8252. Ignoring Subprog read_by_type.
WARNING: [XSIM 43-3499] "/proj/primebuilds/9999.0_PRIME_0428_0031/installs/data/system_verilog/uvm_1.2/xlnx_uvm_package.sv" Line 8268. Ignoring Subprog write_by_name.
WARNING: [XSIM 43-3499] "/proj/primebuilds/9999.0_PRIME_0428_0031/installs/data/system_verilog/uvm_1.2/xlnx_uvm_package.sv" Line 8284. Ignoring Subprog write_by_type.
WARNING: [XSIM 43-3499] "/proj/primebuilds/9999.0_PRIME_0428_0031/installs/data/system_verilog/uvm_1.2/xlnx_uvm_package.sv" Line 8300. Ignoring Subprog dump.
WARNING: [XSIM 43-3499] "/proj/primebuilds/9999.0_PRIME_0428_0031/installs/data/system_verilog/uvm_1.2/xlnx_uvm_package.sv" Line 8168. Ignoring Subprog set_default.
WARNING: [XSIM 43-3499] "/proj/primebuilds/9999.0_PRIME_0428_0031/installs/data/system_verilog/uvm_1.2/xlnx_uvm_package.sv" Line 8197. Ignoring Subprog set_anonymous.
WARNING: [XSIM 43-3499] "/proj/primebuilds/9999.0_PRIME_0428_0031/installs/data/system_verilog/uvm_1.2/xlnx_uvm_package.sv" Line 8208. Ignoring Subprog set_override.
WARNING: [XSIM 43-3499] "/proj/primebuilds/9999.0_PRIME_0428_0031/installs/data/system_verilog/uvm_1.2/xlnx_uvm_package.sv" Line 8217. Ignoring Subprog set_override_type.
WARNING: [XSIM 43-3499] "/proj/primebuilds/9999.0_PRIME_0428_0031/installs/data/system_verilog/uvm_1.2/xlnx_uvm_package.sv" Line 8227. Ignoring Subprog set_override_name.
WARNING: [XSIM 43-3499] "/proj/primebuilds/9999.0_PRIME_0428_0031/installs/data/system_verilog/uvm_1.2/xlnx_uvm_package.sv" Line 8236. Ignoring Subprog read_by_name.
WARNING: [XSIM 43-3499] "/proj/primebuilds/9999.0_PRIME_0428_0031/installs/data/system_verilog/uvm_1.2/xlnx_uvm_package.sv" Line 8252. Ignoring Subprog read_by_type.
WARNING: [XSIM 43-3499] "/proj/primebuilds/9999.0_PRIME_0428_0031/installs/data/system_verilog/uvm_1.2/xlnx_uvm_package.sv" Line 8268. Ignoring Subprog write_by_name.
WARNING: [XSIM 43-3499] "/proj/primebuilds/9999.0_PRIME_0428_0031/installs/data/system_verilog/uvm_1.2/xlnx_uvm_package.sv" Line 8284. Ignoring Subprog write_by_type.
WARNING: [XSIM 43-3499] "/proj/primebuilds/9999.0_PRIME_0428_0031/installs/data/system_verilog/uvm_1.2/xlnx_uvm_package.sv" Line 8300. Ignoring Subprog dump.
WARNING: [XSIM 43-3499] "/proj/primebuilds/9999.0_PRIME_0428_0031/installs/data/system_verilog/uvm_1.2/xlnx_uvm_package.sv" Line 8168. Ignoring Subprog set_default.
WARNING: [XSIM 43-3499] "/proj/primebuilds/9999.0_PRIME_0428_0031/installs/data/system_verilog/uvm_1.2/xlnx_uvm_package.sv" Line 8187. Ignoring Subprog set.
WARNING: [XSIM 43-3499] "/proj/primebuilds/9999.0_PRIME_0428_0031/installs/data/system_verilog/uvm_1.2/xlnx_uvm_package.sv" Line 8197. Ignoring Subprog set_anonymous.
WARNING: [XSIM 43-3499] "/proj/primebuilds/9999.0_PRIME_0428_0031/installs/data/system_verilog/uvm_1.2/xlnx_uvm_package.sv" Line 8208. Ignoring Subprog set_override.
WARNING: [XSIM 43-3499] "/proj/primebuilds/9999.0_PRIME_0428_0031/installs/data/system_verilog/uvm_1.2/xlnx_uvm_package.sv" Line 8217. Ignoring Subprog set_override_type.
WARNING: [XSIM 43-3499] "/proj/primebuilds/9999.0_PRIME_0428_0031/installs/data/system_verilog/uvm_1.2/xlnx_uvm_package.sv" Line 8227. Ignoring Subprog set_override_name.
WARNING: [XSIM 43-3499] "/proj/primebuilds/9999.0_PRIME_0428_0031/installs/data/system_verilog/uvm_1.2/xlnx_uvm_package.sv" Line 8236. Ignoring Subprog read_by_name.
WARNING: [XSIM 43-3499] "/proj/primebuilds/9999.0_PRIME_0428_0031/installs/data/system_verilog/uvm_1.2/xlnx_uvm_package.sv" Line 8252. Ignoring Subprog read_by_type.
WARNING: [XSIM 43-3499] "/proj/primebuilds/9999.0_PRIME_0428_0031/installs/data/system_verilog/uvm_1.2/xlnx_uvm_package.sv" Line 8268. Ignoring Subprog write_by_name.
WARNING: [XSIM 43-3499] "/proj/primebuilds/9999.0_PRIME_0428_0031/installs/data/system_verilog/uvm_1.2/xlnx_uvm_package.sv" Line 8284. Ignoring Subprog write_by_type.
WARNING: [XSIM 43-3499] "/proj/primebuilds/9999.0_PRIME_0428_0031/installs/data/system_verilog/uvm_1.2/xlnx_uvm_package.sv" Line 8300. Ignoring Subprog dump.
WARNING: [XSIM 43-3499] "/proj/primebuilds/9999.0_PRIME_0428_0031/installs/data/system_verilog/uvm_1.2/xlnx_uvm_package.sv" Line 8315. Ignoring Subprog turn_on_tracing.
WARNING: [XSIM 43-3499] "/proj/primebuilds/9999.0_PRIME_0428_0031/installs/data/system_verilog/uvm_1.2/xlnx_uvm_package.sv" Line 8321. Ignoring Subprog turn_off_tracing.
WARNING: [XSIM 43-3499] "/proj/primebuilds/9999.0_PRIME_0428_0031/installs/data/system_verilog/uvm_1.2/xlnx_uvm_package.sv" Line 8473. Ignoring Subprog exists.
WARNING: [XSIM 43-3499] "/proj/primebuilds/9999.0_PRIME_0428_0031/installs/data/system_verilog/uvm_1.2/xlnx_uvm_package.sv" Line 8473. Ignoring Subprog exists.
WARNING: [XSIM 43-3499] "/proj/primebuilds/9999.0_PRIME_0428_0031/installs/data/system_verilog/uvm_1.2/xlnx_uvm_package.sv" Line 8369. Ignoring Subprog get.
WARNING: [XSIM 43-3499] "/proj/primebuilds/9999.0_PRIME_0428_0031/installs/data/system_verilog/uvm_1.2/xlnx_uvm_package.sv" Line 8398. Ignoring Subprog set.
WARNING: [XSIM 43-3499] "/proj/primebuilds/9999.0_PRIME_0428_0031/installs/data/system_verilog/uvm_1.2/xlnx_uvm_package.sv" Line 8369. Ignoring Subprog get.
WARNING: [XSIM 43-3499] "/proj/primebuilds/9999.0_PRIME_0428_0031/installs/data/system_verilog/uvm_1.2/xlnx_uvm_package.sv" Line 8398. Ignoring Subprog set.
WARNING: [XSIM 43-3499] "/proj/primebuilds/9999.0_PRIME_0428_0031/installs/data/system_verilog/uvm_1.2/xlnx_uvm_package.sv" Line 8473. Ignoring Subprog exists.
WARNING: [XSIM 43-3499] "/proj/primebuilds/9999.0_PRIME_0428_0031/installs/data/system_verilog/uvm_1.2/xlnx_uvm_package.sv" Line 8473. Ignoring Subprog exists.
WARNING: [XSIM 43-3499] "/proj/primebuilds/9999.0_PRIME_0428_0031/installs/data/system_verilog/uvm_1.2/xlnx_uvm_package.sv" Line 8369. Ignoring Subprog get.
WARNING: [XSIM 43-3499] "/proj/primebuilds/9999.0_PRIME_0428_0031/installs/data/system_verilog/uvm_1.2/xlnx_uvm_package.sv" Line 8473. Ignoring Subprog exists.
WARNING: [XSIM 43-3499] "/proj/primebuilds/9999.0_PRIME_0428_0031/installs/data/system_verilog/uvm_1.2/xlnx_uvm_package.sv" Line 8473. Ignoring Subprog exists.
WARNING: [XSIM 43-3499] "/proj/primebuilds/9999.0_PRIME_0428_0031/installs/data/system_verilog/uvm_1.2/xlnx_uvm_package.sv" Line 8541. Ignoring Subprog turn_on_tracing.
WARNING: [XSIM 43-3499] "/proj/primebuilds/9999.0_PRIME_0428_0031/installs/data/system_verilog/uvm_1.2/xlnx_uvm_package.sv" Line 8547. Ignoring Subprog turn_off_tracing.
WARNING: [XSIM 43-3499] "/proj/primebuilds/9999.0_PRIME_0428_0031/installs/data/system_verilog/uvm_1.2/xlnx_uvm_package.sv" Line 9383. Ignoring Subprog init.
WARNING: [XSIM 43-3499] "/proj/primebuilds/9999.0_PRIME_0428_0031/installs/data/system_verilog/uvm_1.2/xlnx_uvm_package.sv" Line 9883. Ignoring Subprog set_lhs.
WARNING: [XSIM 43-3499] "/proj/primebuilds/9999.0_PRIME_0428_0031/installs/data/system_verilog/uvm_1.2/xlnx_uvm_package.sv" Line 9891. Ignoring Subprog set_rhs.
WARNING: [XSIM 43-3499] "/proj/primebuilds/9999.0_PRIME_0428_0031/installs/data/system_verilog/uvm_1.2/xlnx_uvm_package.sv" Line 9917. Ignoring Subprog get_type.
WARNING: [XSIM 43-3499] "/proj/primebuilds/9999.0_PRIME_0428_0031/installs/data/system_verilog/uvm_1.2/xlnx_uvm_package.sv" Line 9991. Ignoring Subprog get_type.
WARNING: [XSIM 43-3499] "/proj/primebuilds/9999.0_PRIME_0428_0031/installs/data/system_verilog/uvm_1.2/xlnx_uvm_package.sv" Line 10043. Ignoring Subprog close_db.
WARNING: [XSIM 43-3499] "/proj/primebuilds/9999.0_PRIME_0428_0031/installs/data/system_verilog/uvm_1.2/xlnx_uvm_package.sv" Line 10051. Ignoring Subprog is_open.
WARNING: [XSIM 43-3499] "/proj/primebuilds/9999.0_PRIME_0428_0031/installs/data/system_verilog/uvm_1.2/xlnx_uvm_package.sv" Line 10085. Ignoring Subprog get_streams.
WARNING: [XSIM 43-3499] "/proj/primebuilds/9999.0_PRIME_0428_0031/installs/data/system_verilog/uvm_1.2/xlnx_uvm_package.sv" Line 10157. Ignoring Subprog get_type.
WARNING: [XSIM 43-3499] "/proj/primebuilds/9999.0_PRIME_0428_0031/installs/data/system_verilog/uvm_1.2/xlnx_uvm_package.sv" Line 10360. Ignoring Subprog is_open.
WARNING: [XSIM 43-3499] "/proj/primebuilds/9999.0_PRIME_0428_0031/installs/data/system_verilog/uvm_1.2/xlnx_uvm_package.sv" Line 10399. Ignoring Subprog get_recorders.
WARNING: [XSIM 43-3499] "/proj/primebuilds/9999.0_PRIME_0428_0031/installs/data/system_verilog/uvm_1.2/xlnx_uvm_package.sv" Line 10472. Ignoring Subprog get_type.
WARNING: [XSIM 43-3499] "/proj/primebuilds/9999.0_PRIME_0428_0031/installs/data/system_verilog/uvm_1.2/xlnx_uvm_package.sv" Line 10592. Ignoring Subprog get_open_time.
WARNING: [XSIM 43-3499] "/proj/primebuilds/9999.0_PRIME_0428_0031/installs/data/system_verilog/uvm_1.2/xlnx_uvm_package.sv" Line 10600. Ignoring Subprog get_close_time.
WARNING: [XSIM 43-3499] "/proj/primebuilds/9999.0_PRIME_0428_0031/installs/data/system_verilog/uvm_1.2/xlnx_uvm_package.sv" Line 10682. Ignoring Subprog record_field_real.
WARNING: [XSIM 43-3499] "/proj/primebuilds/9999.0_PRIME_0428_0031/installs/data/system_verilog/uvm_1.2/xlnx_uvm_package.sv" Line 10705. Ignoring Subprog record_time.
WARNING: [XSIM 43-3499] "/proj/primebuilds/9999.0_PRIME_0428_0031/installs/data/system_verilog/uvm_1.2/xlnx_uvm_package.sv" Line 10797. Ignoring Subprog get_type.
WARNING: [XSIM 43-3499] "/proj/primebuilds/9999.0_PRIME_0428_0031/installs/data/system_verilog/uvm_1.2/xlnx_uvm_package.sv" Line 11838. Ignoring Subprog add_by_name.
WARNING: [XSIM 43-3499] "/proj/primebuilds/9999.0_PRIME_0428_0031/installs/data/system_verilog/uvm_1.2/xlnx_uvm_package.sv" Line 11892. Ignoring Subprog delete_by_name.
WARNING: [XSIM 43-3499] "/proj/primebuilds/9999.0_PRIME_0428_0031/installs/data/system_verilog/uvm_1.2/xlnx_uvm_package.sv" Line 11971. Ignoring Subprog display.
WARNING: [XSIM 43-3499] "/proj/primebuilds/9999.0_PRIME_0428_0031/installs/data/system_verilog/uvm_1.2/xlnx_uvm_package.sv" Line 11717. Ignoring Subprog m_register_pair.
WARNING: [XSIM 43-3499] "/proj/primebuilds/9999.0_PRIME_0428_0031/installs/data/system_verilog/uvm_1.2/xlnx_uvm_package.sv" Line 11838. Ignoring Subprog add_by_name.
WARNING: [XSIM 43-3499] "/proj/primebuilds/9999.0_PRIME_0428_0031/installs/data/system_verilog/uvm_1.2/xlnx_uvm_package.sv" Line 11892. Ignoring Subprog delete_by_name.
WARNING: [XSIM 43-3499] "/proj/primebuilds/9999.0_PRIME_0428_0031/installs/data/system_verilog/uvm_1.2/xlnx_uvm_package.sv" Line 11927. Ignoring Subprog get_first.
WARNING: [XSIM 43-3499] "/proj/primebuilds/9999.0_PRIME_0428_0031/installs/data/system_verilog/uvm_1.2/xlnx_uvm_package.sv" Line 11938. Ignoring Subprog get_last.
WARNING: [XSIM 43-3499] "/proj/primebuilds/9999.0_PRIME_0428_0031/installs/data/system_verilog/uvm_1.2/xlnx_uvm_package.sv" Line 11949. Ignoring Subprog get_next.
WARNING: [XSIM 43-3499] "/proj/primebuilds/9999.0_PRIME_0428_0031/installs/data/system_verilog/uvm_1.2/xlnx_uvm_package.sv" Line 11960. Ignoring Subprog get_prev.
WARNING: [XSIM 43-3499] "/proj/primebuilds/9999.0_PRIME_0428_0031/installs/data/system_verilog/uvm_1.2/xlnx_uvm_package.sv" Line 11971. Ignoring Subprog display.
WARNING: [XSIM 43-3499] "/proj/primebuilds/9999.0_PRIME_0428_0031/installs/data/system_verilog/uvm_1.2/xlnx_uvm_package.sv" Line 11838. Ignoring Subprog add_by_name.
WARNING: [XSIM 43-3499] "/proj/primebuilds/9999.0_PRIME_0428_0031/installs/data/system_verilog/uvm_1.2/xlnx_uvm_package.sv" Line 11892. Ignoring Subprog delete_by_name.
WARNING: [XSIM 43-3499] "/proj/primebuilds/9999.0_PRIME_0428_0031/installs/data/system_verilog/uvm_1.2/xlnx_uvm_package.sv" Line 11971. Ignoring Subprog display.
WARNING: [XSIM 43-3499] "/proj/primebuilds/9999.0_PRIME_0428_0031/installs/data/system_verilog/uvm_1.2/xlnx_uvm_package.sv" Line 11717. Ignoring Subprog m_register_pair.
WARNING: [XSIM 43-3499] "/proj/primebuilds/9999.0_PRIME_0428_0031/installs/data/system_verilog/uvm_1.2/xlnx_uvm_package.sv" Line 11838. Ignoring Subprog add_by_name.
WARNING: [XSIM 43-3499] "/proj/primebuilds/9999.0_PRIME_0428_0031/installs/data/system_verilog/uvm_1.2/xlnx_uvm_package.sv" Line 11892. Ignoring Subprog delete_by_name.
WARNING: [XSIM 43-3499] "/proj/primebuilds/9999.0_PRIME_0428_0031/installs/data/system_verilog/uvm_1.2/xlnx_uvm_package.sv" Line 11927. Ignoring Subprog get_first.
WARNING: [XSIM 43-3499] "/proj/primebuilds/9999.0_PRIME_0428_0031/installs/data/system_verilog/uvm_1.2/xlnx_uvm_package.sv" Line 11938. Ignoring Subprog get_last.
WARNING: [XSIM 43-3499] "/proj/primebuilds/9999.0_PRIME_0428_0031/installs/data/system_verilog/uvm_1.2/xlnx_uvm_package.sv" Line 11949. Ignoring Subprog get_next.
WARNING: [XSIM 43-3499] "/proj/primebuilds/9999.0_PRIME_0428_0031/installs/data/system_verilog/uvm_1.2/xlnx_uvm_package.sv" Line 11960. Ignoring Subprog get_prev.
WARNING: [XSIM 43-3499] "/proj/primebuilds/9999.0_PRIME_0428_0031/installs/data/system_verilog/uvm_1.2/xlnx_uvm_package.sv" Line 11971. Ignoring Subprog display.
WARNING: [XSIM 43-3499] "/proj/primebuilds/9999.0_PRIME_0428_0031/installs/data/system_verilog/uvm_1.2/xlnx_uvm_package.sv" Line 11838. Ignoring Subprog add_by_name.
WARNING: [XSIM 43-3499] "/proj/primebuilds/9999.0_PRIME_0428_0031/installs/data/system_verilog/uvm_1.2/xlnx_uvm_package.sv" Line 11892. Ignoring Subprog delete_by_name.
WARNING: [XSIM 43-3499] "/proj/primebuilds/9999.0_PRIME_0428_0031/installs/data/system_verilog/uvm_1.2/xlnx_uvm_package.sv" Line 11971. Ignoring Subprog display.
WARNING: [XSIM 43-3499] "/proj/primebuilds/9999.0_PRIME_0428_0031/installs/data/system_verilog/uvm_1.2/xlnx_uvm_package.sv" Line 11717. Ignoring Subprog m_register_pair.
WARNING: [XSIM 43-3499] "/proj/primebuilds/9999.0_PRIME_0428_0031/installs/data/system_verilog/uvm_1.2/xlnx_uvm_package.sv" Line 11838. Ignoring Subprog add_by_name.
WARNING: [XSIM 43-3499] "/proj/primebuilds/9999.0_PRIME_0428_0031/installs/data/system_verilog/uvm_1.2/xlnx_uvm_package.sv" Line 11892. Ignoring Subprog delete_by_name.
WARNING: [XSIM 43-3499] "/proj/primebuilds/9999.0_PRIME_0428_0031/installs/data/system_verilog/uvm_1.2/xlnx_uvm_package.sv" Line 11927. Ignoring Subprog get_first.
WARNING: [XSIM 43-3499] "/proj/primebuilds/9999.0_PRIME_0428_0031/installs/data/system_verilog/uvm_1.2/xlnx_uvm_package.sv" Line 11938. Ignoring Subprog get_last.
WARNING: [XSIM 43-3499] "/proj/primebuilds/9999.0_PRIME_0428_0031/installs/data/system_verilog/uvm_1.2/xlnx_uvm_package.sv" Line 11949. Ignoring Subprog get_next.
WARNING: [XSIM 43-3499] "/proj/primebuilds/9999.0_PRIME_0428_0031/installs/data/system_verilog/uvm_1.2/xlnx_uvm_package.sv" Line 11960. Ignoring Subprog get_prev.
WARNING: [XSIM 43-3499] "/proj/primebuilds/9999.0_PRIME_0428_0031/installs/data/system_verilog/uvm_1.2/xlnx_uvm_package.sv" Line 11971. Ignoring Subprog display.
WARNING: [XSIM 43-3499] "/proj/primebuilds/9999.0_PRIME_0428_0031/installs/data/system_verilog/uvm_1.2/xlnx_uvm_package.sv" Line 11717. Ignoring Subprog m_register_pair.
WARNING: [XSIM 43-3499] "/proj/primebuilds/9999.0_PRIME_0428_0031/installs/data/system_verilog/uvm_1.2/xlnx_uvm_package.sv" Line 11838. Ignoring Subprog add_by_name.
WARNING: [XSIM 43-3499] "/proj/primebuilds/9999.0_PRIME_0428_0031/installs/data/system_verilog/uvm_1.2/xlnx_uvm_package.sv" Line 11892. Ignoring Subprog delete_by_name.
WARNING: [XSIM 43-3499] "/proj/primebuilds/9999.0_PRIME_0428_0031/installs/data/system_verilog/uvm_1.2/xlnx_uvm_package.sv" Line 11927. Ignoring Subprog get_first.
WARNING: [XSIM 43-3499] "/proj/primebuilds/9999.0_PRIME_0428_0031/installs/data/system_verilog/uvm_1.2/xlnx_uvm_package.sv" Line 11938. Ignoring Subprog get_last.
WARNING: [XSIM 43-3499] "/proj/primebuilds/9999.0_PRIME_0428_0031/installs/data/system_verilog/uvm_1.2/xlnx_uvm_package.sv" Line 11949. Ignoring Subprog get_next.
WARNING: [XSIM 43-3499] "/proj/primebuilds/9999.0_PRIME_0428_0031/installs/data/system_verilog/uvm_1.2/xlnx_uvm_package.sv" Line 11960. Ignoring Subprog get_prev.
WARNING: [XSIM 43-3499] "/proj/primebuilds/9999.0_PRIME_0428_0031/installs/data/system_verilog/uvm_1.2/xlnx_uvm_package.sv" Line 11971. Ignoring Subprog display.
WARNING: [XSIM 43-3499] "/proj/primebuilds/9999.0_PRIME_0428_0031/installs/data/system_verilog/uvm_1.2/xlnx_uvm_package.sv" Line 11838. Ignoring Subprog add_by_name.
WARNING: [XSIM 43-3499] "/proj/primebuilds/9999.0_PRIME_0428_0031/installs/data/system_verilog/uvm_1.2/xlnx_uvm_package.sv" Line 11892. Ignoring Subprog delete_by_name.
WARNING: [XSIM 43-3499] "/proj/primebuilds/9999.0_PRIME_0428_0031/installs/data/system_verilog/uvm_1.2/xlnx_uvm_package.sv" Line 11971. Ignoring Subprog display.
WARNING: [XSIM 43-3499] "/proj/primebuilds/9999.0_PRIME_0428_0031/installs/data/system_verilog/uvm_1.2/xlnx_uvm_package.sv" Line 11717. Ignoring Subprog m_register_pair.
WARNING: [XSIM 43-3499] "/proj/primebuilds/9999.0_PRIME_0428_0031/installs/data/system_verilog/uvm_1.2/xlnx_uvm_package.sv" Line 11838. Ignoring Subprog add_by_name.
WARNING: [XSIM 43-3499] "/proj/primebuilds/9999.0_PRIME_0428_0031/installs/data/system_verilog/uvm_1.2/xlnx_uvm_package.sv" Line 11892. Ignoring Subprog delete_by_name.
WARNING: [XSIM 43-3499] "/proj/primebuilds/9999.0_PRIME_0428_0031/installs/data/system_verilog/uvm_1.2/xlnx_uvm_package.sv" Line 11927. Ignoring Subprog get_first.
WARNING: [XSIM 43-3499] "/proj/primebuilds/9999.0_PRIME_0428_0031/installs/data/system_verilog/uvm_1.2/xlnx_uvm_package.sv" Line 11938. Ignoring Subprog get_last.
WARNING: [XSIM 43-3499] "/proj/primebuilds/9999.0_PRIME_0428_0031/installs/data/system_verilog/uvm_1.2/xlnx_uvm_package.sv" Line 11949. Ignoring Subprog get_next.
WARNING: [XSIM 43-3499] "/proj/primebuilds/9999.0_PRIME_0428_0031/installs/data/system_verilog/uvm_1.2/xlnx_uvm_package.sv" Line 11960. Ignoring Subprog get_prev.
WARNING: [XSIM 43-3499] "/proj/primebuilds/9999.0_PRIME_0428_0031/installs/data/system_verilog/uvm_1.2/xlnx_uvm_package.sv" Line 11971. Ignoring Subprog display.
WARNING: [XSIM 43-3499] "/proj/primebuilds/9999.0_PRIME_0428_0031/installs/data/system_verilog/uvm_1.2/xlnx_uvm_package.sv" Line 11838. Ignoring Subprog add_by_name.
WARNING: [XSIM 43-3499] "/proj/primebuilds/9999.0_PRIME_0428_0031/installs/data/system_verilog/uvm_1.2/xlnx_uvm_package.sv" Line 11892. Ignoring Subprog delete_by_name.
WARNING: [XSIM 43-3499] "/proj/primebuilds/9999.0_PRIME_0428_0031/installs/data/system_verilog/uvm_1.2/xlnx_uvm_package.sv" Line 11971. Ignoring Subprog display.
WARNING: [XSIM 43-3499] "/proj/primebuilds/9999.0_PRIME_0428_0031/installs/data/system_verilog/uvm_1.2/xlnx_uvm_package.sv" Line 11717. Ignoring Subprog m_register_pair.
WARNING: [XSIM 43-3499] "/proj/primebuilds/9999.0_PRIME_0428_0031/installs/data/system_verilog/uvm_1.2/xlnx_uvm_package.sv" Line 11838. Ignoring Subprog add_by_name.
WARNING: [XSIM 43-3499] "/proj/primebuilds/9999.0_PRIME_0428_0031/installs/data/system_verilog/uvm_1.2/xlnx_uvm_package.sv" Line 11892. Ignoring Subprog delete_by_name.
WARNING: [XSIM 43-3499] "/proj/primebuilds/9999.0_PRIME_0428_0031/installs/data/system_verilog/uvm_1.2/xlnx_uvm_package.sv" Line 11927. Ignoring Subprog get_first.
WARNING: [XSIM 43-3499] "/proj/primebuilds/9999.0_PRIME_0428_0031/installs/data/system_verilog/uvm_1.2/xlnx_uvm_package.sv" Line 11938. Ignoring Subprog get_last.
WARNING: [XSIM 43-3499] "/proj/primebuilds/9999.0_PRIME_0428_0031/installs/data/system_verilog/uvm_1.2/xlnx_uvm_package.sv" Line 11949. Ignoring Subprog get_next.
WARNING: [XSIM 43-3499] "/proj/primebuilds/9999.0_PRIME_0428_0031/installs/data/system_verilog/uvm_1.2/xlnx_uvm_package.sv" Line 11960. Ignoring Subprog get_prev.
WARNING: [XSIM 43-3499] "/proj/primebuilds/9999.0_PRIME_0428_0031/installs/data/system_verilog/uvm_1.2/xlnx_uvm_package.sv" Line 11971. Ignoring Subprog display.
WARNING: [XSIM 43-3499] "/proj/primebuilds/9999.0_PRIME_0428_0031/installs/data/system_verilog/uvm_1.2/xlnx_uvm_package.sv" Line 11838. Ignoring Subprog add_by_name.
WARNING: [XSIM 43-3499] "/proj/primebuilds/9999.0_PRIME_0428_0031/installs/data/system_verilog/uvm_1.2/xlnx_uvm_package.sv" Line 11892. Ignoring Subprog delete_by_name.
WARNING: [XSIM 43-3499] "/proj/primebuilds/9999.0_PRIME_0428_0031/installs/data/system_verilog/uvm_1.2/xlnx_uvm_package.sv" Line 11971. Ignoring Subprog display.
WARNING: [XSIM 43-3499] "/proj/primebuilds/9999.0_PRIME_0428_0031/installs/data/system_verilog/uvm_1.2/xlnx_uvm_package.sv" Line 11717. Ignoring Subprog m_register_pair.
WARNING: [XSIM 43-3499] "/proj/primebuilds/9999.0_PRIME_0428_0031/installs/data/system_verilog/uvm_1.2/xlnx_uvm_package.sv" Line 11838. Ignoring Subprog add_by_name.
WARNING: [XSIM 43-3499] "/proj/primebuilds/9999.0_PRIME_0428_0031/installs/data/system_verilog/uvm_1.2/xlnx_uvm_package.sv" Line 11892. Ignoring Subprog delete_by_name.
WARNING: [XSIM 43-3499] "/proj/primebuilds/9999.0_PRIME_0428_0031/installs/data/system_verilog/uvm_1.2/xlnx_uvm_package.sv" Line 11927. Ignoring Subprog get_first.
WARNING: [XSIM 43-3499] "/proj/primebuilds/9999.0_PRIME_0428_0031/installs/data/system_verilog/uvm_1.2/xlnx_uvm_package.sv" Line 11938. Ignoring Subprog get_last.
WARNING: [XSIM 43-3499] "/proj/primebuilds/9999.0_PRIME_0428_0031/installs/data/system_verilog/uvm_1.2/xlnx_uvm_package.sv" Line 11949. Ignoring Subprog get_next.
WARNING: [XSIM 43-3499] "/proj/primebuilds/9999.0_PRIME_0428_0031/installs/data/system_verilog/uvm_1.2/xlnx_uvm_package.sv" Line 11960. Ignoring Subprog get_prev.
WARNING: [XSIM 43-3499] "/proj/primebuilds/9999.0_PRIME_0428_0031/installs/data/system_verilog/uvm_1.2/xlnx_uvm_package.sv" Line 11971. Ignoring Subprog display.
WARNING: [XSIM 43-3499] "/proj/primebuilds/9999.0_PRIME_0428_0031/installs/data/system_verilog/uvm_1.2/xlnx_uvm_package.sv" Line 11838. Ignoring Subprog add_by_name.
WARNING: [XSIM 43-3499] "/proj/primebuilds/9999.0_PRIME_0428_0031/installs/data/system_verilog/uvm_1.2/xlnx_uvm_package.sv" Line 11892. Ignoring Subprog delete_by_name.
WARNING: [XSIM 43-3499] "/proj/primebuilds/9999.0_PRIME_0428_0031/installs/data/system_verilog/uvm_1.2/xlnx_uvm_package.sv" Line 11971. Ignoring Subprog display.
WARNING: [XSIM 43-3499] "/proj/primebuilds/9999.0_PRIME_0428_0031/installs/data/system_verilog/uvm_1.2/xlnx_uvm_package.sv" Line 11717. Ignoring Subprog m_register_pair.
WARNING: [XSIM 43-3499] "/proj/primebuilds/9999.0_PRIME_0428_0031/installs/data/system_verilog/uvm_1.2/xlnx_uvm_package.sv" Line 11838. Ignoring Subprog add_by_name.
WARNING: [XSIM 43-3499] "/proj/primebuilds/9999.0_PRIME_0428_0031/installs/data/system_verilog/uvm_1.2/xlnx_uvm_package.sv" Line 11892. Ignoring Subprog delete_by_name.
WARNING: [XSIM 43-3499] "/proj/primebuilds/9999.0_PRIME_0428_0031/installs/data/system_verilog/uvm_1.2/xlnx_uvm_package.sv" Line 11927. Ignoring Subprog get_first.
WARNING: [XSIM 43-3499] "/proj/primebuilds/9999.0_PRIME_0428_0031/installs/data/system_verilog/uvm_1.2/xlnx_uvm_package.sv" Line 11938. Ignoring Subprog get_last.
WARNING: [XSIM 43-3499] "/proj/primebuilds/9999.0_PRIME_0428_0031/installs/data/system_verilog/uvm_1.2/xlnx_uvm_package.sv" Line 11949. Ignoring Subprog get_next.
WARNING: [XSIM 43-3499] "/proj/primebuilds/9999.0_PRIME_0428_0031/installs/data/system_verilog/uvm_1.2/xlnx_uvm_package.sv" Line 11960. Ignoring Subprog get_prev.
WARNING: [XSIM 43-3499] "/proj/primebuilds/9999.0_PRIME_0428_0031/installs/data/system_verilog/uvm_1.2/xlnx_uvm_package.sv" Line 11971. Ignoring Subprog display.
WARNING: [XSIM 43-3499] "/proj/primebuilds/9999.0_PRIME_0428_0031/installs/data/system_verilog/uvm_1.2/xlnx_uvm_package.sv" Line 11838. Ignoring Subprog add_by_name.
WARNING: [XSIM 43-3499] "/proj/primebuilds/9999.0_PRIME_0428_0031/installs/data/system_verilog/uvm_1.2/xlnx_uvm_package.sv" Line 11892. Ignoring Subprog delete_by_name.
WARNING: [XSIM 43-3499] "/proj/primebuilds/9999.0_PRIME_0428_0031/installs/data/system_verilog/uvm_1.2/xlnx_uvm_package.sv" Line 11971. Ignoring Subprog display.
WARNING: [XSIM 43-3499] "/proj/primebuilds/9999.0_PRIME_0428_0031/installs/data/system_verilog/uvm_1.2/xlnx_uvm_package.sv" Line 11717. Ignoring Subprog m_register_pair.
WARNING: [XSIM 43-3499] "/proj/primebuilds/9999.0_PRIME_0428_0031/installs/data/system_verilog/uvm_1.2/xlnx_uvm_package.sv" Line 11838. Ignoring Subprog add_by_name.
WARNING: [XSIM 43-3499] "/proj/primebuilds/9999.0_PRIME_0428_0031/installs/data/system_verilog/uvm_1.2/xlnx_uvm_package.sv" Line 11892. Ignoring Subprog delete_by_name.
WARNING: [XSIM 43-3499] "/proj/primebuilds/9999.0_PRIME_0428_0031/installs/data/system_verilog/uvm_1.2/xlnx_uvm_package.sv" Line 11927. Ignoring Subprog get_first.
WARNING: [XSIM 43-3499] "/proj/primebuilds/9999.0_PRIME_0428_0031/installs/data/system_verilog/uvm_1.2/xlnx_uvm_package.sv" Line 11938. Ignoring Subprog get_last.
WARNING: [XSIM 43-3499] "/proj/primebuilds/9999.0_PRIME_0428_0031/installs/data/system_verilog/uvm_1.2/xlnx_uvm_package.sv" Line 11949. Ignoring Subprog get_next.
WARNING: [XSIM 43-3499] "/proj/primebuilds/9999.0_PRIME_0428_0031/installs/data/system_verilog/uvm_1.2/xlnx_uvm_package.sv" Line 11960. Ignoring Subprog get_prev.
WARNING: [XSIM 43-3499] "/proj/primebuilds/9999.0_PRIME_0428_0031/installs/data/system_verilog/uvm_1.2/xlnx_uvm_package.sv" Line 11971. Ignoring Subprog display.
WARNING: [XSIM 43-3499] "/proj/primebuilds/9999.0_PRIME_0428_0031/installs/data/system_verilog/uvm_1.2/xlnx_uvm_package.sv" Line 11838. Ignoring Subprog add_by_name.
WARNING: [XSIM 43-3499] "/proj/primebuilds/9999.0_PRIME_0428_0031/installs/data/system_verilog/uvm_1.2/xlnx_uvm_package.sv" Line 11892. Ignoring Subprog delete_by_name.
WARNING: [XSIM 43-3499] "/proj/primebuilds/9999.0_PRIME_0428_0031/installs/data/system_verilog/uvm_1.2/xlnx_uvm_package.sv" Line 11971. Ignoring Subprog display.
WARNING: [XSIM 43-3499] "/proj/primebuilds/9999.0_PRIME_0428_0031/installs/data/system_verilog/uvm_1.2/xlnx_uvm_package.sv" Line 11717. Ignoring Subprog m_register_pair.
WARNING: [XSIM 43-3499] "/proj/primebuilds/9999.0_PRIME_0428_0031/installs/data/system_verilog/uvm_1.2/xlnx_uvm_package.sv" Line 11838. Ignoring Subprog add_by_name.
WARNING: [XSIM 43-3499] "/proj/primebuilds/9999.0_PRIME_0428_0031/installs/data/system_verilog/uvm_1.2/xlnx_uvm_package.sv" Line 11892. Ignoring Subprog delete_by_name.
WARNING: [XSIM 43-3499] "/proj/primebuilds/9999.0_PRIME_0428_0031/installs/data/system_verilog/uvm_1.2/xlnx_uvm_package.sv" Line 11927. Ignoring Subprog get_first.
WARNING: [XSIM 43-3499] "/proj/primebuilds/9999.0_PRIME_0428_0031/installs/data/system_verilog/uvm_1.2/xlnx_uvm_package.sv" Line 11938. Ignoring Subprog get_last.
WARNING: [XSIM 43-3499] "/proj/primebuilds/9999.0_PRIME_0428_0031/installs/data/system_verilog/uvm_1.2/xlnx_uvm_package.sv" Line 11949. Ignoring Subprog get_next.
WARNING: [XSIM 43-3499] "/proj/primebuilds/9999.0_PRIME_0428_0031/installs/data/system_verilog/uvm_1.2/xlnx_uvm_package.sv" Line 11960. Ignoring Subprog get_prev.
WARNING: [XSIM 43-3499] "/proj/primebuilds/9999.0_PRIME_0428_0031/installs/data/system_verilog/uvm_1.2/xlnx_uvm_package.sv" Line 11971. Ignoring Subprog display.
WARNING: [XSIM 43-3499] "/proj/primebuilds/9999.0_PRIME_0428_0031/installs/data/system_verilog/uvm_1.2/xlnx_uvm_package.sv" Line 12043. Ignoring Subprog last.
WARNING: [XSIM 43-3499] "/proj/primebuilds/9999.0_PRIME_0428_0031/installs/data/system_verilog/uvm_1.2/xlnx_uvm_package.sv" Line 12055. Ignoring Subprog prev.
WARNING: [XSIM 43-3499] "/proj/primebuilds/9999.0_PRIME_0428_0031/installs/data/system_verilog/uvm_1.2/xlnx_uvm_package.sv" Line 12061. Ignoring Subprog get_cb.
WARNING: [XSIM 43-3499] "/proj/primebuilds/9999.0_PRIME_0428_0031/installs/data/system_verilog/uvm_1.2/xlnx_uvm_package.sv" Line 12043. Ignoring Subprog last.
WARNING: [XSIM 43-3499] "/proj/primebuilds/9999.0_PRIME_0428_0031/installs/data/system_verilog/uvm_1.2/xlnx_uvm_package.sv" Line 12055. Ignoring Subprog prev.
WARNING: [XSIM 43-3499] "/proj/primebuilds/9999.0_PRIME_0428_0031/installs/data/system_verilog/uvm_1.2/xlnx_uvm_package.sv" Line 12061. Ignoring Subprog get_cb.
WARNING: [XSIM 43-3499] "/proj/primebuilds/9999.0_PRIME_0428_0031/installs/data/system_verilog/uvm_1.2/xlnx_uvm_package.sv" Line 12043. Ignoring Subprog last.
WARNING: [XSIM 43-3499] "/proj/primebuilds/9999.0_PRIME_0428_0031/installs/data/system_verilog/uvm_1.2/xlnx_uvm_package.sv" Line 12055. Ignoring Subprog prev.
WARNING: [XSIM 43-3499] "/proj/primebuilds/9999.0_PRIME_0428_0031/installs/data/system_verilog/uvm_1.2/xlnx_uvm_package.sv" Line 12061. Ignoring Subprog get_cb.
WARNING: [XSIM 43-3499] "/proj/primebuilds/9999.0_PRIME_0428_0031/installs/data/system_verilog/uvm_1.2/xlnx_uvm_package.sv" Line 12043. Ignoring Subprog last.
WARNING: [XSIM 43-3499] "/proj/primebuilds/9999.0_PRIME_0428_0031/installs/data/system_verilog/uvm_1.2/xlnx_uvm_package.sv" Line 12055. Ignoring Subprog prev.
WARNING: [XSIM 43-3499] "/proj/primebuilds/9999.0_PRIME_0428_0031/installs/data/system_verilog/uvm_1.2/xlnx_uvm_package.sv" Line 12061. Ignoring Subprog get_cb.
WARNING: [XSIM 43-3499] "/proj/primebuilds/9999.0_PRIME_0428_0031/installs/data/system_verilog/uvm_1.2/xlnx_uvm_package.sv" Line 12061. Ignoring Subprog get_cb.
WARNING: [XSIM 43-3499] "/proj/primebuilds/9999.0_PRIME_0428_0031/installs/data/system_verilog/uvm_1.2/xlnx_uvm_package.sv" Line 12043. Ignoring Subprog last.
WARNING: [XSIM 43-3499] "/proj/primebuilds/9999.0_PRIME_0428_0031/installs/data/system_verilog/uvm_1.2/xlnx_uvm_package.sv" Line 12055. Ignoring Subprog prev.
WARNING: [XSIM 43-3499] "/proj/primebuilds/9999.0_PRIME_0428_0031/installs/data/system_verilog/uvm_1.2/xlnx_uvm_package.sv" Line 12061. Ignoring Subprog get_cb.
WARNING: [XSIM 43-3499] "/proj/primebuilds/9999.0_PRIME_0428_0031/installs/data/system_verilog/uvm_1.2/xlnx_uvm_package.sv" Line 12043. Ignoring Subprog last.
WARNING: [XSIM 43-3499] "/proj/primebuilds/9999.0_PRIME_0428_0031/installs/data/system_verilog/uvm_1.2/xlnx_uvm_package.sv" Line 12055. Ignoring Subprog prev.
WARNING: [XSIM 43-3499] "/proj/primebuilds/9999.0_PRIME_0428_0031/installs/data/system_verilog/uvm_1.2/xlnx_uvm_package.sv" Line 12061. Ignoring Subprog get_cb.
WARNING: [XSIM 43-3499] "/proj/primebuilds/9999.0_PRIME_0428_0031/installs/data/system_verilog/uvm_1.2/xlnx_uvm_package.sv" Line 12043. Ignoring Subprog last.
WARNING: [XSIM 43-3499] "/proj/primebuilds/9999.0_PRIME_0428_0031/installs/data/system_verilog/uvm_1.2/xlnx_uvm_package.sv" Line 12055. Ignoring Subprog prev.
WARNING: [XSIM 43-3499] "/proj/primebuilds/9999.0_PRIME_0428_0031/installs/data/system_verilog/uvm_1.2/xlnx_uvm_package.sv" Line 12043. Ignoring Subprog last.
WARNING: [XSIM 43-3499] "/proj/primebuilds/9999.0_PRIME_0428_0031/installs/data/system_verilog/uvm_1.2/xlnx_uvm_package.sv" Line 12055. Ignoring Subprog prev.
WARNING: [XSIM 43-3499] "/proj/primebuilds/9999.0_PRIME_0428_0031/installs/data/system_verilog/uvm_1.2/xlnx_uvm_package.sv" Line 12061. Ignoring Subprog get_cb.
WARNING: [XSIM 43-3499] "/proj/primebuilds/9999.0_PRIME_0428_0031/installs/data/system_verilog/uvm_1.2/xlnx_uvm_package.sv" Line 12095. Ignoring Subprog is_enabled.
WARNING: [XSIM 43-3499] "/proj/primebuilds/9999.0_PRIME_0428_0031/installs/data/system_verilog/uvm_1.2/xlnx_uvm_package.sv" Line 12304. Ignoring Subprog get_type.
WARNING: [XSIM 43-3499] "/proj/primebuilds/9999.0_PRIME_0428_0031/installs/data/system_verilog/uvm_1.2/xlnx_uvm_package.sv" Line 12494. Ignoring Subprog get_type.
WARNING: [XSIM 43-3499] "/proj/primebuilds/9999.0_PRIME_0428_0031/installs/data/system_verilog/uvm_1.2/xlnx_uvm_package.sv" Line 12794. Ignoring Subprog get_client.
WARNING: [XSIM 43-3499] "/proj/primebuilds/9999.0_PRIME_0428_0031/installs/data/system_verilog/uvm_1.2/xlnx_uvm_package.sv" Line 12799. Ignoring Subprog get_severity.
WARNING: [XSIM 43-3499] "/proj/primebuilds/9999.0_PRIME_0428_0031/installs/data/system_verilog/uvm_1.2/xlnx_uvm_package.sv" Line 12804. Ignoring Subprog get_context.
WARNING: [XSIM 43-3499] "/proj/primebuilds/9999.0_PRIME_0428_0031/installs/data/system_verilog/uvm_1.2/xlnx_uvm_package.sv" Line 12817. Ignoring Subprog get_verbosity.
WARNING: [XSIM 43-3499] "/proj/primebuilds/9999.0_PRIME_0428_0031/installs/data/system_verilog/uvm_1.2/xlnx_uvm_package.sv" Line 12822. Ignoring Subprog get_id.
WARNING: [XSIM 43-3499] "/proj/primebuilds/9999.0_PRIME_0428_0031/installs/data/system_verilog/uvm_1.2/xlnx_uvm_package.sv" Line 12827. Ignoring Subprog get_message.
WARNING: [XSIM 43-3499] "/proj/primebuilds/9999.0_PRIME_0428_0031/installs/data/system_verilog/uvm_1.2/xlnx_uvm_package.sv" Line 12832. Ignoring Subprog get_action.
WARNING: [XSIM 43-3499] "/proj/primebuilds/9999.0_PRIME_0428_0031/installs/data/system_verilog/uvm_1.2/xlnx_uvm_package.sv" Line 12837. Ignoring Subprog get_fname.
WARNING: [XSIM 43-3499] "/proj/primebuilds/9999.0_PRIME_0428_0031/installs/data/system_verilog/uvm_1.2/xlnx_uvm_package.sv" Line 12842. Ignoring Subprog get_line.
WARNING: [XSIM 43-3499] "/proj/primebuilds/9999.0_PRIME_0428_0031/installs/data/system_verilog/uvm_1.2/xlnx_uvm_package.sv" Line 12847. Ignoring Subprog get_element_container.
WARNING: [XSIM 43-3499] "/proj/primebuilds/9999.0_PRIME_0428_0031/installs/data/system_verilog/uvm_1.2/xlnx_uvm_package.sv" Line 12854. Ignoring Subprog set_severity.
WARNING: [XSIM 43-3499] "/proj/primebuilds/9999.0_PRIME_0428_0031/installs/data/system_verilog/uvm_1.2/xlnx_uvm_package.sv" Line 12859. Ignoring Subprog set_verbosity.
WARNING: [XSIM 43-3499] "/proj/primebuilds/9999.0_PRIME_0428_0031/installs/data/system_verilog/uvm_1.2/xlnx_uvm_package.sv" Line 12864. Ignoring Subprog set_id.
WARNING: [XSIM 43-3499] "/proj/primebuilds/9999.0_PRIME_0428_0031/installs/data/system_verilog/uvm_1.2/xlnx_uvm_package.sv" Line 12869. Ignoring Subprog set_message.
WARNING: [XSIM 43-3499] "/proj/primebuilds/9999.0_PRIME_0428_0031/installs/data/system_verilog/uvm_1.2/xlnx_uvm_package.sv" Line 12874. Ignoring Subprog set_action.
WARNING: [XSIM 43-3499] "/proj/primebuilds/9999.0_PRIME_0428_0031/installs/data/system_verilog/uvm_1.2/xlnx_uvm_package.sv" Line 12880. Ignoring Subprog set_context.
WARNING: [XSIM 43-3499] "/proj/primebuilds/9999.0_PRIME_0428_0031/installs/data/system_verilog/uvm_1.2/xlnx_uvm_package.sv" Line 12885. Ignoring Subprog add_int.
WARNING: [XSIM 43-3499] "/proj/primebuilds/9999.0_PRIME_0428_0031/installs/data/system_verilog/uvm_1.2/xlnx_uvm_package.sv" Line 12891. Ignoring Subprog add_string.
WARNING: [XSIM 43-3499] "/proj/primebuilds/9999.0_PRIME_0428_0031/installs/data/system_verilog/uvm_1.2/xlnx_uvm_package.sv" Line 12897. Ignoring Subprog add_object.
WARNING: [XSIM 43-3499] "/proj/primebuilds/9999.0_PRIME_0428_0031/installs/data/system_verilog/uvm_1.2/xlnx_uvm_package.sv" Line 12904. Ignoring Subprog get_report_catcher.
WARNING: [XSIM 43-3499] "/proj/primebuilds/9999.0_PRIME_0428_0031/installs/data/system_verilog/uvm_1.2/xlnx_uvm_package.sv" Line 12917. Ignoring Subprog print_catcher.
WARNING: [XSIM 43-3499] "/proj/primebuilds/9999.0_PRIME_0428_0031/installs/data/system_verilog/uvm_1.2/xlnx_uvm_package.sv" Line 12942. Ignoring Subprog debug_report_catcher.
WARNING: [XSIM 43-3499] "/proj/primebuilds/9999.0_PRIME_0428_0031/installs/data/system_verilog/uvm_1.2/xlnx_uvm_package.sv" Line 12953. Ignoring Subprog uvm_report_fatal.
WARNING: [XSIM 43-3499] "/proj/primebuilds/9999.0_PRIME_0428_0031/installs/data/system_verilog/uvm_1.2/xlnx_uvm_package.sv" Line 12967. Ignoring Subprog uvm_report_warning.
WARNING: [XSIM 43-3499] "/proj/primebuilds/9999.0_PRIME_0428_0031/installs/data/system_verilog/uvm_1.2/xlnx_uvm_package.sv" Line 12974. Ignoring Subprog uvm_report_info.
WARNING: [XSIM 43-3499] "/proj/primebuilds/9999.0_PRIME_0428_0031/installs/data/system_verilog/uvm_1.2/xlnx_uvm_package.sv" Line 13015. Ignoring Subprog issue.
WARNING: [XSIM 43-3499] "/proj/primebuilds/9999.0_PRIME_0428_0031/installs/data/system_verilog/uvm_1.2/xlnx_uvm_package.sv" Line 13245. Ignoring Subprog set_server.
WARNING: [XSIM 43-3499] "/proj/primebuilds/9999.0_PRIME_0428_0031/installs/data/system_verilog/uvm_1.2/xlnx_uvm_package.sv" Line 13749. Ignoring Subprog get_type.
WARNING: [XSIM 43-3499] "/proj/primebuilds/9999.0_PRIME_0428_0031/installs/data/system_verilog/uvm_1.2/xlnx_uvm_package.sv" Line 14323. Ignoring Subprog uvm_get_report_object.
WARNING: [XSIM 43-3499] "/proj/primebuilds/9999.0_PRIME_0428_0031/installs/data/system_verilog/uvm_1.2/xlnx_uvm_package.sv" Line 14377. Ignoring Subprog get_report_verbosity_level.
WARNING: [XSIM 43-3499] "/proj/primebuilds/9999.0_PRIME_0428_0031/installs/data/system_verilog/uvm_1.2/xlnx_uvm_package.sv" Line 14383. Ignoring Subprog get_report_max_verbosity_level.
WARNING: [XSIM 43-3499] "/proj/primebuilds/9999.0_PRIME_0428_0031/installs/data/system_verilog/uvm_1.2/xlnx_uvm_package.sv" Line 14465. Ignoring Subprog set_report_handler.
WARNING: [XSIM 43-3499] "/proj/primebuilds/9999.0_PRIME_0428_0031/installs/data/system_verilog/uvm_1.2/xlnx_uvm_package.sv" Line 14471. Ignoring Subprog get_report_handler.
WARNING: [XSIM 43-3499] "/proj/primebuilds/9999.0_PRIME_0428_0031/installs/data/system_verilog/uvm_1.2/xlnx_uvm_package.sv" Line 14477. Ignoring Subprog reset_report_handler.
WARNING: [XSIM 43-3499] "/proj/primebuilds/9999.0_PRIME_0428_0031/installs/data/system_verilog/uvm_1.2/xlnx_uvm_package.sv" Line 14541. Ignoring Subprog set_report_max_quit_count.
WARNING: [XSIM 43-3499] "/proj/primebuilds/9999.0_PRIME_0428_0031/installs/data/system_verilog/uvm_1.2/xlnx_uvm_package.sv" Line 14548. Ignoring Subprog get_report_server.
WARNING: [XSIM 43-3499] "/proj/primebuilds/9999.0_PRIME_0428_0031/installs/data/system_verilog/uvm_1.2/xlnx_uvm_package.sv" Line 14555. Ignoring Subprog dump_report_state.
WARNING: [XSIM 43-3499] "/proj/primebuilds/9999.0_PRIME_0428_0031/installs/data/system_verilog/uvm_1.2/xlnx_uvm_package.sv" Line 14820. Ignoring Subprog get_objection.
WARNING: [XSIM 43-3499] "/proj/primebuilds/9999.0_PRIME_0428_0031/installs/data/system_verilog/uvm_1.2/xlnx_uvm_package.sv" Line 14840. Ignoring Subprog get_begin_node.
WARNING: [XSIM 43-3499] "/proj/primebuilds/9999.0_PRIME_0428_0031/installs/data/system_verilog/uvm_1.2/xlnx_uvm_package.sv" Line 14841. Ignoring Subprog get_end_node.
WARNING: [XSIM 43-3499] "/proj/primebuilds/9999.0_PRIME_0428_0031/installs/data/system_verilog/uvm_1.2/xlnx_uvm_package.sv" Line 14846. Ignoring Subprog get_ready_to_end_count.
WARNING: [XSIM 43-3499] "/proj/primebuilds/9999.0_PRIME_0428_0031/installs/data/system_verilog/uvm_1.2/xlnx_uvm_package.sv" Line 15056. Ignoring Subprog get_parent.
WARNING: [XSIM 43-3499] "/proj/primebuilds/9999.0_PRIME_0428_0031/installs/data/system_verilog/uvm_1.2/xlnx_uvm_package.sv" Line 15062. Ignoring Subprog get_imp.
WARNING: [XSIM 43-3499] "/proj/primebuilds/9999.0_PRIME_0428_0031/installs/data/system_verilog/uvm_1.2/xlnx_uvm_package.sv" Line 15150. Ignoring Subprog get_run_count.
WARNING: [XSIM 43-3499] "/proj/primebuilds/9999.0_PRIME_0428_0031/installs/data/system_verilog/uvm_1.2/xlnx_uvm_package.sv" Line 15280. Ignoring Subprog is.
WARNING: [XSIM 43-3499] "/proj/primebuilds/9999.0_PRIME_0428_0031/installs/data/system_verilog/uvm_1.2/xlnx_uvm_package.sv" Line 15286. Ignoring Subprog is_before.
WARNING: [XSIM 43-3499] "/proj/primebuilds/9999.0_PRIME_0428_0031/installs/data/system_verilog/uvm_1.2/xlnx_uvm_package.sv" Line 15587. Ignoring Subprog get_adjacent_predecessor_nodes.
WARNING: [XSIM 43-3499] "/proj/primebuilds/9999.0_PRIME_0428_0031/installs/data/system_verilog/uvm_1.2/xlnx_uvm_package.sv" Line 15905. Ignoring Subprog jump_all.
WARNING: [XSIM 43-3499] "/proj/primebuilds/9999.0_PRIME_0428_0031/installs/data/system_verilog/uvm_1.2/xlnx_uvm_package.sv" Line 15911. Ignoring Subprog get_jump_target.
WARNING: [XSIM 43-3499] "/proj/primebuilds/9999.0_PRIME_0428_0031/installs/data/system_verilog/uvm_1.2/xlnx_uvm_package.sv" Line 16016. Ignoring Subprog m_terminate_phase.
WARNING: [XSIM 43-3499] "/proj/primebuilds/9999.0_PRIME_0428_0031/installs/data/system_verilog/uvm_1.2/xlnx_uvm_package.sv" Line 16023. Ignoring Subprog m_print_termination_state.
WARNING: [XSIM 43-3499] "/proj/primebuilds/9999.0_PRIME_0428_0031/installs/data/system_verilog/uvm_1.2/xlnx_uvm_package.sv" Line 16042. Ignoring Subprog get_type.
WARNING: [XSIM 43-3499] "/proj/primebuilds/9999.0_PRIME_0428_0031/installs/data/system_verilog/uvm_1.2/xlnx_uvm_package.sv" Line 16060. Ignoring Subprog jump_to.
WARNING: [XSIM 43-3499] "/proj/primebuilds/9999.0_PRIME_0428_0031/installs/data/system_verilog/uvm_1.2/xlnx_uvm_package.sv" Line 16128. Ignoring Subprog get_uvm_schedule.
WARNING: [XSIM 43-3499] "/proj/primebuilds/9999.0_PRIME_0428_0031/installs/data/system_verilog/uvm_1.2/xlnx_uvm_package.sv" Line 16221. Ignoring Subprog jump_all.
WARNING: [XSIM 43-3499] "/proj/primebuilds/9999.0_PRIME_0428_0031/installs/data/system_verilog/uvm_1.2/xlnx_uvm_package.sv" Line 17269. Ignoring Subprog set_type_override.
WARNING: [XSIM 43-3499] "/proj/primebuilds/9999.0_PRIME_0428_0031/installs/data/system_verilog/uvm_1.2/xlnx_uvm_package.sv" Line 17277. Ignoring Subprog set_type_override_by_type.
WARNING: [XSIM 43-3499] "/proj/primebuilds/9999.0_PRIME_0428_0031/installs/data/system_verilog/uvm_1.2/xlnx_uvm_package.sv" Line 18514. Ignoring Subprog stop_request.
WARNING: [XSIM 43-3499] "/proj/primebuilds/9999.0_PRIME_0428_0031/installs/data/system_verilog/uvm_1.2/xlnx_uvm_package.sv" Line 19241. Ignoring Subprog trace_mode.
WARNING: [XSIM 43-3499] "/proj/primebuilds/9999.0_PRIME_0428_0031/installs/data/system_verilog/uvm_1.2/xlnx_uvm_package.sv" Line 19304. Ignoring Subprog set_propagate_mode.
WARNING: [XSIM 43-3499] "/proj/primebuilds/9999.0_PRIME_0428_0031/installs/data/system_verilog/uvm_1.2/xlnx_uvm_package.sv" Line 19313. Ignoring Subprog get_propagate_mode.
WARNING: [XSIM 43-3499] "/proj/primebuilds/9999.0_PRIME_0428_0031/installs/data/system_verilog/uvm_1.2/xlnx_uvm_package.sv" Line 19626. Ignoring Subprog set_drain_time.
WARNING: [XSIM 43-3499] "/proj/primebuilds/9999.0_PRIME_0428_0031/installs/data/system_verilog/uvm_1.2/xlnx_uvm_package.sv" Line 19671. Ignoring Subprog get_objectors.
WARNING: [XSIM 43-3499] "/proj/primebuilds/9999.0_PRIME_0428_0031/installs/data/system_verilog/uvm_1.2/xlnx_uvm_package.sv" Line 19740. Ignoring Subprog get_drain_time.
WARNING: [XSIM 43-3499] "/proj/primebuilds/9999.0_PRIME_0428_0031/installs/data/system_verilog/uvm_1.2/xlnx_uvm_package.sv" Line 19827. Ignoring Subprog display_objections.
WARNING: [XSIM 43-3499] "/proj/primebuilds/9999.0_PRIME_0428_0031/installs/data/system_verilog/uvm_1.2/xlnx_uvm_package.sv" Line 19835. Ignoring Subprog get_type.
WARNING: [XSIM 43-3499] "/proj/primebuilds/9999.0_PRIME_0428_0031/installs/data/system_verilog/uvm_1.2/xlnx_uvm_package.sv" Line 20018. Ignoring Subprog get_type.
WARNING: [XSIM 43-3499] "/proj/primebuilds/9999.0_PRIME_0428_0031/installs/data/system_verilog/uvm_1.2/xlnx_uvm_package.sv" Line 20307. Ignoring Subprog reset_counts.
WARNING: [XSIM 43-3499] "/proj/primebuilds/9999.0_PRIME_0428_0031/installs/data/system_verilog/uvm_1.2/xlnx_uvm_package.sv" Line 20311. Ignoring Subprog objects_triggered.
WARNING: [XSIM 43-3499] "/proj/primebuilds/9999.0_PRIME_0428_0031/installs/data/system_verilog/uvm_1.2/xlnx_uvm_package.sv" Line 20334. Ignoring Subprog global_stop_request.
WARNING: [XSIM 43-3499] "/proj/primebuilds/9999.0_PRIME_0428_0031/installs/data/system_verilog/uvm_1.2/xlnx_uvm_package.sv" Line 20340. Ignoring Subprog set_global_timeout.
WARNING: [XSIM 43-3499] "/proj/primebuilds/9999.0_PRIME_0428_0031/installs/data/system_verilog/uvm_1.2/xlnx_uvm_package.sv" Line 20348. Ignoring Subprog set_global_stop_timeout.
WARNING: [XSIM 43-3499] "/proj/primebuilds/9999.0_PRIME_0428_0031/installs/data/system_verilog/uvm_1.2/xlnx_uvm_package.sv" Line 20355. Ignoring Subprog uvm_get_report_object.
WARNING: [XSIM 43-3499] "/proj/primebuilds/9999.0_PRIME_0428_0031/installs/data/system_verilog/uvm_1.2/xlnx_uvm_package.sv" Line 20418. Ignoring Subprog uvm_process_report_message.
WARNING: [XSIM 43-3499] "/proj/primebuilds/9999.0_PRIME_0428_0031/installs/data/system_verilog/uvm_1.2/xlnx_uvm_package.sv" Line 20461. Ignoring Subprog set_config_int.
WARNING: [XSIM 43-3499] "/proj/primebuilds/9999.0_PRIME_0428_0031/installs/data/system_verilog/uvm_1.2/xlnx_uvm_package.sv" Line 20473. Ignoring Subprog set_config_object.
WARNING: [XSIM 43-3499] "/proj/primebuilds/9999.0_PRIME_0428_0031/installs/data/system_verilog/uvm_1.2/xlnx_uvm_package.sv" Line 20485. Ignoring Subprog set_config_string.
WARNING: [XSIM 43-3499] "/proj/primebuilds/9999.0_PRIME_0428_0031/installs/data/system_verilog/uvm_1.2/xlnx_uvm_package.sv" Line 20513. Ignoring Subprog uvm_bits_to_string.
WARNING: [XSIM 43-3499] "/proj/primebuilds/9999.0_PRIME_0428_0031/installs/data/system_verilog/uvm_1.2/xlnx_uvm_package.sv" Line 20603. Ignoring Subprog get_plusargs.
WARNING: [XSIM 43-3499] "/proj/primebuilds/9999.0_PRIME_0428_0031/installs/data/system_verilog/uvm_1.2/xlnx_uvm_package.sv" Line 20607. Ignoring Subprog get_uvm_args.
WARNING: [XSIM 43-3499] "/proj/primebuilds/9999.0_PRIME_0428_0031/installs/data/system_verilog/uvm_1.2/xlnx_uvm_package.sv" Line 20611. Ignoring Subprog get_arg_matches.
WARNING: [XSIM 43-3499] "/proj/primebuilds/9999.0_PRIME_0428_0031/installs/data/system_verilog/uvm_1.2/xlnx_uvm_package.sv" Line 20668. Ignoring Subprog get_tool_name.
WARNING: [XSIM 43-3499] "/proj/primebuilds/9999.0_PRIME_0428_0031/installs/data/system_verilog/uvm_1.2/xlnx_uvm_package.sv" Line 20672. Ignoring Subprog get_tool_version.
WARNING: [XSIM 43-3499] "/proj/primebuilds/9999.0_PRIME_0428_0031/installs/data/system_verilog/uvm_1.2/xlnx_uvm_package.sv" Line 20907. Ignoring Subprog get_type.
WARNING: [XSIM 43-3499] "/proj/primebuilds/9999.0_PRIME_0428_0031/installs/data/system_verilog/uvm_1.2/xlnx_uvm_package.sv" Line 20954. Ignoring Subprog is_locked.
WARNING: [XSIM 43-3499] "/proj/primebuilds/9999.0_PRIME_0428_0031/installs/data/system_verilog/uvm_1.2/xlnx_uvm_package.sv" Line 20990. Ignoring Subprog get_type.
WARNING: [XSIM 43-3499] "/proj/primebuilds/9999.0_PRIME_0428_0031/installs/data/system_verilog/uvm_1.2/xlnx_uvm_package.sv" Line 20990. Ignoring Subprog get_type.
WARNING: [XSIM 43-3499] "/proj/primebuilds/9999.0_PRIME_0428_0031/installs/data/system_verilog/uvm_1.2/xlnx_uvm_package.sv" Line 21063. Ignoring Subprog get_type.
WARNING: [XSIM 43-3499] "/proj/primebuilds/9999.0_PRIME_0428_0031/installs/data/system_verilog/uvm_1.2/xlnx_uvm_package.sv" Line 21063. Ignoring Subprog get_type.
WARNING: [XSIM 43-3499] "/proj/primebuilds/9999.0_PRIME_0428_0031/installs/data/system_verilog/uvm_1.2/xlnx_uvm_package.sv" Line 21302. Ignoring Subprog get_port.
WARNING: [XSIM 43-3499] "/proj/primebuilds/9999.0_PRIME_0428_0031/installs/data/system_verilog/uvm_1.2/xlnx_uvm_package.sv" Line 21302. Ignoring Subprog get_port.
WARNING: [XSIM 43-3499] "/proj/primebuilds/9999.0_PRIME_0428_0031/installs/data/system_verilog/uvm_1.2/xlnx_uvm_package.sv" Line 21302. Ignoring Subprog get_port.
WARNING: [XSIM 43-3499] "/proj/primebuilds/9999.0_PRIME_0428_0031/installs/data/system_verilog/uvm_1.2/xlnx_uvm_package.sv" Line 21302. Ignoring Subprog get_port.
WARNING: [XSIM 43-3499] "/proj/primebuilds/9999.0_PRIME_0428_0031/installs/data/system_verilog/uvm_1.2/xlnx_uvm_package.sv" Line 21302. Ignoring Subprog get_port.
WARNING: [XSIM 43-3499] "/proj/primebuilds/9999.0_PRIME_0428_0031/installs/data/system_verilog/uvm_1.2/xlnx_uvm_package.sv" Line 21302. Ignoring Subprog get_port.
WARNING: [XSIM 43-3499] "/proj/primebuilds/9999.0_PRIME_0428_0031/installs/data/system_verilog/uvm_1.2/xlnx_uvm_package.sv" Line 21358. Ignoring Subprog get_name.
WARNING: [XSIM 43-3499] "/proj/primebuilds/9999.0_PRIME_0428_0031/installs/data/system_verilog/uvm_1.2/xlnx_uvm_package.sv" Line 21390. Ignoring Subprog is_unbounded.
WARNING: [XSIM 43-3499] "/proj/primebuilds/9999.0_PRIME_0428_0031/installs/data/system_verilog/uvm_1.2/xlnx_uvm_package.sv" Line 21416. Ignoring Subprog m_get_if_mask.
WARNING: [XSIM 43-3499] "/proj/primebuilds/9999.0_PRIME_0428_0031/installs/data/system_verilog/uvm_1.2/xlnx_uvm_package.sv" Line 21420. Ignoring Subprog set_default_index.
WARNING: [XSIM 43-3499] "/proj/primebuilds/9999.0_PRIME_0428_0031/installs/data/system_verilog/uvm_1.2/xlnx_uvm_package.sv" Line 21358. Ignoring Subprog get_name.
WARNING: [XSIM 43-3499] "/proj/primebuilds/9999.0_PRIME_0428_0031/installs/data/system_verilog/uvm_1.2/xlnx_uvm_package.sv" Line 21390. Ignoring Subprog is_unbounded.
WARNING: [XSIM 43-3499] "/proj/primebuilds/9999.0_PRIME_0428_0031/installs/data/system_verilog/uvm_1.2/xlnx_uvm_package.sv" Line 21416. Ignoring Subprog m_get_if_mask.
WARNING: [XSIM 43-3499] "/proj/primebuilds/9999.0_PRIME_0428_0031/installs/data/system_verilog/uvm_1.2/xlnx_uvm_package.sv" Line 21420. Ignoring Subprog set_default_index.
WARNING: [XSIM 43-3499] "/proj/primebuilds/9999.0_PRIME_0428_0031/installs/data/system_verilog/uvm_1.2/xlnx_uvm_package.sv" Line 21358. Ignoring Subprog get_name.
WARNING: [XSIM 43-3499] "/proj/primebuilds/9999.0_PRIME_0428_0031/installs/data/system_verilog/uvm_1.2/xlnx_uvm_package.sv" Line 21390. Ignoring Subprog is_unbounded.
WARNING: [XSIM 43-3499] "/proj/primebuilds/9999.0_PRIME_0428_0031/installs/data/system_verilog/uvm_1.2/xlnx_uvm_package.sv" Line 21416. Ignoring Subprog m_get_if_mask.
WARNING: [XSIM 43-3499] "/proj/primebuilds/9999.0_PRIME_0428_0031/installs/data/system_verilog/uvm_1.2/xlnx_uvm_package.sv" Line 21420. Ignoring Subprog set_default_index.
WARNING: [XSIM 43-3499] "/proj/primebuilds/9999.0_PRIME_0428_0031/installs/data/system_verilog/uvm_1.2/xlnx_uvm_package.sv" Line 21358. Ignoring Subprog get_name.
WARNING: [XSIM 43-3499] "/proj/primebuilds/9999.0_PRIME_0428_0031/installs/data/system_verilog/uvm_1.2/xlnx_uvm_package.sv" Line 21390. Ignoring Subprog is_unbounded.
WARNING: [XSIM 43-3499] "/proj/primebuilds/9999.0_PRIME_0428_0031/installs/data/system_verilog/uvm_1.2/xlnx_uvm_package.sv" Line 21416. Ignoring Subprog m_get_if_mask.
WARNING: [XSIM 43-3499] "/proj/primebuilds/9999.0_PRIME_0428_0031/installs/data/system_verilog/uvm_1.2/xlnx_uvm_package.sv" Line 21420. Ignoring Subprog set_default_index.
WARNING: [XSIM 43-3499] "/proj/primebuilds/9999.0_PRIME_0428_0031/installs/data/system_verilog/uvm_1.2/xlnx_uvm_package.sv" Line 21358. Ignoring Subprog get_name.
WARNING: [XSIM 43-3499] "/proj/primebuilds/9999.0_PRIME_0428_0031/installs/data/system_verilog/uvm_1.2/xlnx_uvm_package.sv" Line 21390. Ignoring Subprog is_unbounded.
WARNING: [XSIM 43-3499] "/proj/primebuilds/9999.0_PRIME_0428_0031/installs/data/system_verilog/uvm_1.2/xlnx_uvm_package.sv" Line 21416. Ignoring Subprog m_get_if_mask.
WARNING: [XSIM 43-3499] "/proj/primebuilds/9999.0_PRIME_0428_0031/installs/data/system_verilog/uvm_1.2/xlnx_uvm_package.sv" Line 21420. Ignoring Subprog set_default_index.
WARNING: [XSIM 43-3499] "/proj/primebuilds/9999.0_PRIME_0428_0031/installs/data/system_verilog/uvm_1.2/xlnx_uvm_package.sv" Line 21358. Ignoring Subprog get_name.
WARNING: [XSIM 43-3499] "/proj/primebuilds/9999.0_PRIME_0428_0031/installs/data/system_verilog/uvm_1.2/xlnx_uvm_package.sv" Line 21390. Ignoring Subprog is_unbounded.
WARNING: [XSIM 43-3499] "/proj/primebuilds/9999.0_PRIME_0428_0031/installs/data/system_verilog/uvm_1.2/xlnx_uvm_package.sv" Line 21416. Ignoring Subprog m_get_if_mask.
WARNING: [XSIM 43-3499] "/proj/primebuilds/9999.0_PRIME_0428_0031/installs/data/system_verilog/uvm_1.2/xlnx_uvm_package.sv" Line 21420. Ignoring Subprog set_default_index.
WARNING: [XSIM 43-3499] "/proj/primebuilds/9999.0_PRIME_0428_0031/installs/data/system_verilog/uvm_1.2/xlnx_uvm_package.sv" Line 23227. Ignoring Subprog get_type.
WARNING: [XSIM 43-3499] "/proj/primebuilds/9999.0_PRIME_0428_0031/installs/data/system_verilog/uvm_1.2/xlnx_uvm_package.sv" Line 23250. Ignoring Subprog get_use_sequence_info.
WARNING: [XSIM 43-3499] "/proj/primebuilds/9999.0_PRIME_0428_0031/installs/data/system_verilog/uvm_1.2/xlnx_uvm_package.sv" Line 23254. Ignoring Subprog set_id_info.
WARNING: [XSIM 43-3499] "/proj/primebuilds/9999.0_PRIME_0428_0031/installs/data/system_verilog/uvm_1.2/xlnx_uvm_package.sv" Line 23267. Ignoring Subprog get_sequencer.
WARNING: [XSIM 43-3499] "/proj/primebuilds/9999.0_PRIME_0428_0031/installs/data/system_verilog/uvm_1.2/xlnx_uvm_package.sv" Line 24143. Ignoring Subprog set_arbitration.
WARNING: [XSIM 43-3499] "/proj/primebuilds/9999.0_PRIME_0428_0031/installs/data/system_verilog/uvm_1.2/xlnx_uvm_package.sv" Line 24147. Ignoring Subprog get_arbitration.
WARNING: [XSIM 43-3499] "/proj/primebuilds/9999.0_PRIME_0428_0031/installs/data/system_verilog/uvm_1.2/xlnx_uvm_package.sv" Line 24260. Ignoring Subprog remove_sequence.
WARNING: [XSIM 43-3499] "/proj/primebuilds/9999.0_PRIME_0428_0031/installs/data/system_verilog/uvm_1.2/xlnx_uvm_package.sv" Line 24268. Ignoring Subprog set_sequences_queue.
WARNING: [XSIM 43-3499] "/proj/primebuilds/9999.0_PRIME_0428_0031/installs/data/system_verilog/uvm_1.2/xlnx_uvm_package.sv" Line 24336. Ignoring Subprog get_sequence.
WARNING: [XSIM 43-3499] "/proj/primebuilds/9999.0_PRIME_0428_0031/installs/data/system_verilog/uvm_1.2/xlnx_uvm_package.sv" Line 24435. Ignoring Subprog last_req.
WARNING: [XSIM 43-3499] "/proj/primebuilds/9999.0_PRIME_0428_0031/installs/data/system_verilog/uvm_1.2/xlnx_uvm_package.sv" Line 24571. Ignoring Subprog get_num_reqs_sent.
WARNING: [XSIM 43-3499] "/proj/primebuilds/9999.0_PRIME_0428_0031/installs/data/system_verilog/uvm_1.2/xlnx_uvm_package.sv" Line 24575. Ignoring Subprog get_num_rsps_received.
WARNING: [XSIM 43-3499] "/proj/primebuilds/9999.0_PRIME_0428_0031/installs/data/system_verilog/uvm_1.2/xlnx_uvm_package.sv" Line 24579. Ignoring Subprog set_num_last_reqs.
WARNING: [XSIM 43-3499] "/proj/primebuilds/9999.0_PRIME_0428_0031/installs/data/system_verilog/uvm_1.2/xlnx_uvm_package.sv" Line 24594. Ignoring Subprog get_num_last_reqs.
WARNING: [XSIM 43-3499] "/proj/primebuilds/9999.0_PRIME_0428_0031/installs/data/system_verilog/uvm_1.2/xlnx_uvm_package.sv" Line 24608. Ignoring Subprog set_num_last_rsps.
WARNING: [XSIM 43-3499] "/proj/primebuilds/9999.0_PRIME_0428_0031/installs/data/system_verilog/uvm_1.2/xlnx_uvm_package.sv" Line 24623. Ignoring Subprog get_num_last_rsps.
WARNING: [XSIM 43-3499] "/proj/primebuilds/9999.0_PRIME_0428_0031/installs/data/system_verilog/uvm_1.2/xlnx_uvm_package.sv" Line 24435. Ignoring Subprog last_req.
WARNING: [XSIM 43-3499] "/proj/primebuilds/9999.0_PRIME_0428_0031/installs/data/system_verilog/uvm_1.2/xlnx_uvm_package.sv" Line 24571. Ignoring Subprog get_num_reqs_sent.
WARNING: [XSIM 43-3499] "/proj/primebuilds/9999.0_PRIME_0428_0031/installs/data/system_verilog/uvm_1.2/xlnx_uvm_package.sv" Line 24575. Ignoring Subprog get_num_rsps_received.
WARNING: [XSIM 43-3499] "/proj/primebuilds/9999.0_PRIME_0428_0031/installs/data/system_verilog/uvm_1.2/xlnx_uvm_package.sv" Line 24579. Ignoring Subprog set_num_last_reqs.
WARNING: [XSIM 43-3499] "/proj/primebuilds/9999.0_PRIME_0428_0031/installs/data/system_verilog/uvm_1.2/xlnx_uvm_package.sv" Line 24594. Ignoring Subprog get_num_last_reqs.
WARNING: [XSIM 43-3499] "/proj/primebuilds/9999.0_PRIME_0428_0031/installs/data/system_verilog/uvm_1.2/xlnx_uvm_package.sv" Line 24608. Ignoring Subprog set_num_last_rsps.
WARNING: [XSIM 43-3499] "/proj/primebuilds/9999.0_PRIME_0428_0031/installs/data/system_verilog/uvm_1.2/xlnx_uvm_package.sv" Line 24623. Ignoring Subprog get_num_last_rsps.
WARNING: [XSIM 43-3499] "/proj/primebuilds/9999.0_PRIME_0428_0031/installs/data/system_verilog/uvm_1.2/xlnx_uvm_package.sv" Line 24428. Ignoring Subprog get_current_item.
WARNING: [XSIM 43-3499] "/proj/primebuilds/9999.0_PRIME_0428_0031/installs/data/system_verilog/uvm_1.2/xlnx_uvm_package.sv" Line 24435. Ignoring Subprog last_req.
WARNING: [XSIM 43-3499] "/proj/primebuilds/9999.0_PRIME_0428_0031/installs/data/system_verilog/uvm_1.2/xlnx_uvm_package.sv" Line 24571. Ignoring Subprog get_num_reqs_sent.
WARNING: [XSIM 43-3499] "/proj/primebuilds/9999.0_PRIME_0428_0031/installs/data/system_verilog/uvm_1.2/xlnx_uvm_package.sv" Line 24575. Ignoring Subprog get_num_rsps_received.
WARNING: [XSIM 43-3499] "/proj/primebuilds/9999.0_PRIME_0428_0031/installs/data/system_verilog/uvm_1.2/xlnx_uvm_package.sv" Line 24579. Ignoring Subprog set_num_last_reqs.
WARNING: [XSIM 43-3499] "/proj/primebuilds/9999.0_PRIME_0428_0031/installs/data/system_verilog/uvm_1.2/xlnx_uvm_package.sv" Line 24594. Ignoring Subprog get_num_last_reqs.
WARNING: [XSIM 43-3499] "/proj/primebuilds/9999.0_PRIME_0428_0031/installs/data/system_verilog/uvm_1.2/xlnx_uvm_package.sv" Line 24608. Ignoring Subprog set_num_last_rsps.
WARNING: [XSIM 43-3499] "/proj/primebuilds/9999.0_PRIME_0428_0031/installs/data/system_verilog/uvm_1.2/xlnx_uvm_package.sv" Line 24623. Ignoring Subprog get_num_last_rsps.
WARNING: [XSIM 43-3499] "/proj/primebuilds/9999.0_PRIME_0428_0031/installs/data/system_verilog/uvm_1.2/xlnx_uvm_package.sv" Line 24647. Ignoring Subprog get_type.
WARNING: [XSIM 43-3499] "/proj/primebuilds/9999.0_PRIME_0428_0031/installs/data/system_verilog/uvm_1.2/xlnx_uvm_package.sv" Line 24651. Ignoring Subprog item_done_get_trigger_data.
WARNING: [XSIM 43-3499] "/proj/primebuilds/9999.0_PRIME_0428_0031/installs/data/system_verilog/uvm_1.2/xlnx_uvm_package.sv" Line 24779. Ignoring Subprog item_done_trigger.
WARNING: [XSIM 43-3499] "/proj/primebuilds/9999.0_PRIME_0428_0031/installs/data/system_verilog/uvm_1.2/xlnx_uvm_package.sv" Line 24647. Ignoring Subprog get_type.
WARNING: [XSIM 43-3499] "/proj/primebuilds/9999.0_PRIME_0428_0031/installs/data/system_verilog/uvm_1.2/xlnx_uvm_package.sv" Line 24651. Ignoring Subprog item_done_get_trigger_data.
WARNING: [XSIM 43-3499] "/proj/primebuilds/9999.0_PRIME_0428_0031/installs/data/system_verilog/uvm_1.2/xlnx_uvm_package.sv" Line 24779. Ignoring Subprog item_done_trigger.
WARNING: [XSIM 43-3499] "/proj/primebuilds/9999.0_PRIME_0428_0031/installs/data/system_verilog/uvm_1.2/xlnx_uvm_package.sv" Line 24647. Ignoring Subprog get_type.
WARNING: [XSIM 43-3499] "/proj/primebuilds/9999.0_PRIME_0428_0031/installs/data/system_verilog/uvm_1.2/xlnx_uvm_package.sv" Line 24651. Ignoring Subprog item_done_get_trigger_data.
WARNING: [XSIM 43-3499] "/proj/primebuilds/9999.0_PRIME_0428_0031/installs/data/system_verilog/uvm_1.2/xlnx_uvm_package.sv" Line 24779. Ignoring Subprog item_done_trigger.
WARNING: [XSIM 43-3499] "/proj/primebuilds/9999.0_PRIME_0428_0031/installs/data/system_verilog/uvm_1.2/xlnx_uvm_package.sv" Line 24860. Ignoring Subprog get_sequence_state.
WARNING: [XSIM 43-3499] "/proj/primebuilds/9999.0_PRIME_0428_0031/installs/data/system_verilog/uvm_1.2/xlnx_uvm_package.sv" Line 25110. Ignoring Subprog get_automatic_phase_objection.
WARNING: [XSIM 43-3499] "/proj/primebuilds/9999.0_PRIME_0428_0031/installs/data/system_verilog/uvm_1.2/xlnx_uvm_package.sv" Line 25126. Ignoring Subprog set_priority.
WARNING: [XSIM 43-3499] "/proj/primebuilds/9999.0_PRIME_0428_0031/installs/data/system_verilog/uvm_1.2/xlnx_uvm_package.sv" Line 25130. Ignoring Subprog get_priority.
WARNING: [XSIM 43-3499] "/proj/primebuilds/9999.0_PRIME_0428_0031/installs/data/system_verilog/uvm_1.2/xlnx_uvm_package.sv" Line 25181. Ignoring Subprog ungrab.
WARNING: [XSIM 43-3499] "/proj/primebuilds/9999.0_PRIME_0428_0031/installs/data/system_verilog/uvm_1.2/xlnx_uvm_package.sv" Line 25185. Ignoring Subprog is_blocked.
WARNING: [XSIM 43-3499] "/proj/primebuilds/9999.0_PRIME_0428_0031/installs/data/system_verilog/uvm_1.2/xlnx_uvm_package.sv" Line 25189. Ignoring Subprog has_lock.
WARNING: [XSIM 43-3499] "/proj/primebuilds/9999.0_PRIME_0428_0031/installs/data/system_verilog/uvm_1.2/xlnx_uvm_package.sv" Line 25228. Ignoring Subprog create_item.
WARNING: [XSIM 43-3499] "/proj/primebuilds/9999.0_PRIME_0428_0031/installs/data/system_verilog/uvm_1.2/xlnx_uvm_package.sv" Line 25325. Ignoring Subprog use_response_handler.
WARNING: [XSIM 43-3499] "/proj/primebuilds/9999.0_PRIME_0428_0031/installs/data/system_verilog/uvm_1.2/xlnx_uvm_package.sv" Line 25329. Ignoring Subprog get_use_response_handler.
WARNING: [XSIM 43-3499] "/proj/primebuilds/9999.0_PRIME_0428_0031/installs/data/system_verilog/uvm_1.2/xlnx_uvm_package.sv" Line 25337. Ignoring Subprog set_response_queue_error_report_disabled.
WARNING: [XSIM 43-3499] "/proj/primebuilds/9999.0_PRIME_0428_0031/installs/data/system_verilog/uvm_1.2/xlnx_uvm_package.sv" Line 25341. Ignoring Subprog get_response_queue_error_report_disabled.
WARNING: [XSIM 43-3499] "/proj/primebuilds/9999.0_PRIME_0428_0031/installs/data/system_verilog/uvm_1.2/xlnx_uvm_package.sv" Line 25345. Ignoring Subprog set_response_queue_depth.
WARNING: [XSIM 43-3499] "/proj/primebuilds/9999.0_PRIME_0428_0031/installs/data/system_verilog/uvm_1.2/xlnx_uvm_package.sv" Line 25349. Ignoring Subprog get_response_queue_depth.
WARNING: [XSIM 43-3499] "/proj/primebuilds/9999.0_PRIME_0428_0031/installs/data/system_verilog/uvm_1.2/xlnx_uvm_package.sv" Line 25412. Ignoring Subprog get_seq_kind.
WARNING: [XSIM 43-3499] "/proj/primebuilds/9999.0_PRIME_0428_0031/installs/data/system_verilog/uvm_1.2/xlnx_uvm_package.sv" Line 25420. Ignoring Subprog get_sequence.
WARNING: [XSIM 43-3499] "/proj/primebuilds/9999.0_PRIME_0428_0031/installs/data/system_verilog/uvm_1.2/xlnx_uvm_package.sv" Line 25523. Ignoring Subprog get_current_item.
WARNING: [XSIM 43-3499] "/proj/primebuilds/9999.0_PRIME_0428_0031/installs/data/system_verilog/uvm_1.2/xlnx_uvm_package.sv" Line 25523. Ignoring Subprog get_current_item.
WARNING: [XSIM 43-3499] "/proj/primebuilds/9999.0_PRIME_0428_0031/installs/data/system_verilog/uvm_1.2/xlnx_uvm_package.sv" Line 26203. Ignoring Subprog get_type.
WARNING: [XSIM 43-3499] "/proj/primebuilds/9999.0_PRIME_0428_0031/installs/data/system_verilog/uvm_1.2/xlnx_uvm_package.sv" Line 26545. Ignoring Subprog set_extension.
WARNING: [XSIM 43-3499] "/proj/primebuilds/9999.0_PRIME_0428_0031/installs/data/system_verilog/uvm_1.2/xlnx_uvm_package.sv" Line 26556. Ignoring Subprog get_num_extensions.
WARNING: [XSIM 43-3499] "/proj/primebuilds/9999.0_PRIME_0428_0031/installs/data/system_verilog/uvm_1.2/xlnx_uvm_package.sv" Line 26562. Ignoring Subprog get_extension.
WARNING: [XSIM 43-3499] "/proj/primebuilds/9999.0_PRIME_0428_0031/installs/data/system_verilog/uvm_1.2/xlnx_uvm_package.sv" Line 26570. Ignoring Subprog clear_extension.
WARNING: [XSIM 43-3499] "/proj/primebuilds/9999.0_PRIME_0428_0031/installs/data/system_verilog/uvm_1.2/xlnx_uvm_package.sv" Line 26579. Ignoring Subprog clear_extensions.
WARNING: [XSIM 43-3499] "/proj/primebuilds/9999.0_PRIME_0428_0031/installs/data/system_verilog/uvm_1.2/xlnx_uvm_package.sv" Line 27278. Ignoring Subprog get_type.
WARNING: [XSIM 43-3499] "/proj/primebuilds/9999.0_PRIME_0428_0031/installs/data/system_verilog/uvm_1.2/xlnx_uvm_package.sv" Line 27596. Ignoring Subprog get_type.
WARNING: [XSIM 43-3499] "/proj/primebuilds/9999.0_PRIME_0428_0031/installs/data/system_verilog/uvm_1.2/xlnx_uvm_package.sv" Line 27783. Ignoring Subprog get_type.
WARNING: [XSIM 43-3499] "/proj/primebuilds/9999.0_PRIME_0428_0031/installs/data/system_verilog/uvm_1.2/xlnx_uvm_package.sv" Line 27844. Ignoring Subprog get_type.
WARNING: [XSIM 43-3499] "/proj/primebuilds/9999.0_PRIME_0428_0031/installs/data/system_verilog/uvm_1.2/xlnx_uvm_package.sv" Line 27948. Ignoring Subprog get_type.
WARNING: [XSIM 43-3499] "/proj/primebuilds/9999.0_PRIME_0428_0031/installs/data/system_verilog/uvm_1.2/xlnx_uvm_package.sv" Line 27959. Ignoring Subprog start_update_thread.
WARNING: [XSIM 43-3499] "/proj/primebuilds/9999.0_PRIME_0428_0031/installs/data/system_verilog/uvm_1.2/xlnx_uvm_package.sv" Line 28067. Ignoring Subprog get_type.
WARNING: [XSIM 43-3499] "/proj/primebuilds/9999.0_PRIME_0428_0031/installs/data/system_verilog/uvm_1.2/xlnx_uvm_package.sv" Line 28083. Ignoring Subprog configure.
WARNING: [XSIM 43-3499] "/proj/primebuilds/9999.0_PRIME_0428_0031/installs/data/system_verilog/uvm_1.2/xlnx_uvm_package.sv" Line 28126. Ignoring Subprog get_parent.
WARNING: [XSIM 43-3499] "/proj/primebuilds/9999.0_PRIME_0428_0031/installs/data/system_verilog/uvm_1.2/xlnx_uvm_package.sv" Line 28150. Ignoring Subprog is_known_access.
WARNING: [XSIM 43-3499] "/proj/primebuilds/9999.0_PRIME_0428_0031/installs/data/system_verilog/uvm_1.2/xlnx_uvm_package.sv" Line 28209. Ignoring Subprog set_access.
WARNING: [XSIM 43-3499] "/proj/primebuilds/9999.0_PRIME_0428_0031/installs/data/system_verilog/uvm_1.2/xlnx_uvm_package.sv" Line 28262. Ignoring Subprog set_volatility.
WARNING: [XSIM 43-3499] "/proj/primebuilds/9999.0_PRIME_0428_0031/installs/data/system_verilog/uvm_1.2/xlnx_uvm_package.sv" Line 28266. Ignoring Subprog is_volatile.
WARNING: [XSIM 43-3499] "/proj/primebuilds/9999.0_PRIME_0428_0031/installs/data/system_verilog/uvm_1.2/xlnx_uvm_package.sv" Line 28307. Ignoring Subprog predict.
WARNING: [XSIM 43-3499] "/proj/primebuilds/9999.0_PRIME_0428_0031/installs/data/system_verilog/uvm_1.2/xlnx_uvm_package.sv" Line 28940. Ignoring Subprog set_compare.
WARNING: [XSIM 43-3499] "/proj/primebuilds/9999.0_PRIME_0428_0031/installs/data/system_verilog/uvm_1.2/xlnx_uvm_package.sv" Line 29014. Ignoring Subprog get_type.
WARNING: [XSIM 43-3499] "/proj/primebuilds/9999.0_PRIME_0428_0031/installs/data/system_verilog/uvm_1.2/xlnx_uvm_package.sv" Line 29041. Ignoring Subprog configure.
WARNING: [XSIM 43-3499] "/proj/primebuilds/9999.0_PRIME_0428_0031/installs/data/system_verilog/uvm_1.2/xlnx_uvm_package.sv" Line 29522. Ignoring Subprog XsampleX.
WARNING: [XSIM 43-3499] "/proj/primebuilds/9999.0_PRIME_0428_0031/installs/data/system_verilog/uvm_1.2/xlnx_uvm_package.sv" Line 29553. Ignoring Subprog configure.
WARNING: [XSIM 43-3499] "/proj/primebuilds/9999.0_PRIME_0428_0031/installs/data/system_verilog/uvm_1.2/xlnx_uvm_package.sv" Line 30041. Ignoring Subprog include_coverage.
WARNING: [XSIM 43-3499] "/proj/primebuilds/9999.0_PRIME_0428_0031/installs/data/system_verilog/uvm_1.2/xlnx_uvm_package.sv" Line 30045. Ignoring Subprog build_coverage.
WARNING: [XSIM 43-3499] "/proj/primebuilds/9999.0_PRIME_0428_0031/installs/data/system_verilog/uvm_1.2/xlnx_uvm_package.sv" Line 31320. Ignoring Subprog configure.
WARNING: [XSIM 43-3499] "/proj/primebuilds/9999.0_PRIME_0428_0031/installs/data/system_verilog/uvm_1.2/xlnx_uvm_package.sv" Line 31339. Ignoring Subprog clear_hdl_path.
WARNING: [XSIM 43-3499] "/proj/primebuilds/9999.0_PRIME_0428_0031/installs/data/system_verilog/uvm_1.2/xlnx_uvm_package.sv" Line 31381. Ignoring Subprog get_hdl_path.
WARNING: [XSIM 43-3499] "/proj/primebuilds/9999.0_PRIME_0428_0031/installs/data/system_verilog/uvm_1.2/xlnx_uvm_package.sv" Line 31455. Ignoring Subprog set_default_hdl_path.
WARNING: [XSIM 43-3499] "/proj/primebuilds/9999.0_PRIME_0428_0031/installs/data/system_verilog/uvm_1.2/xlnx_uvm_package.sv" Line 31551. Ignoring Subprog reconfigure.
WARNING: [XSIM 43-3499] "/proj/primebuilds/9999.0_PRIME_0428_0031/installs/data/system_verilog/uvm_1.2/xlnx_uvm_package.sv" Line 31655. Ignoring Subprog release_all_regions.
WARNING: [XSIM 43-3499] "/proj/primebuilds/9999.0_PRIME_0428_0031/installs/data/system_verilog/uvm_1.2/xlnx_uvm_package.sv" Line 31660. Ignoring Subprog convert2string.
WARNING: [XSIM 43-3499] "/proj/primebuilds/9999.0_PRIME_0428_0031/installs/data/system_verilog/uvm_1.2/xlnx_uvm_package.sv" Line 31668. Ignoring Subprog for_each.
WARNING: [XSIM 43-3499] "/proj/primebuilds/9999.0_PRIME_0428_0031/installs/data/system_verilog/uvm_1.2/xlnx_uvm_package.sv" Line 31722. Ignoring Subprog get_len.
WARNING: [XSIM 43-3499] "/proj/primebuilds/9999.0_PRIME_0428_0031/installs/data/system_verilog/uvm_1.2/xlnx_uvm_package.sv" Line 31727. Ignoring Subprog get_n_bytes.
WARNING: [XSIM 43-3499] "/proj/primebuilds/9999.0_PRIME_0428_0031/installs/data/system_verilog/uvm_1.2/xlnx_uvm_package.sv" Line 31732. Ignoring Subprog convert2string.
WARNING: [XSIM 43-3499] "/proj/primebuilds/9999.0_PRIME_0428_0031/installs/data/system_verilog/uvm_1.2/xlnx_uvm_package.sv" Line 31742. Ignoring Subprog get_memory.
WARNING: [XSIM 43-3499] "/proj/primebuilds/9999.0_PRIME_0428_0031/installs/data/system_verilog/uvm_1.2/xlnx_uvm_package.sv" Line 31747. Ignoring Subprog get_virtual_registers.
WARNING: [XSIM 43-3499] "/proj/primebuilds/9999.0_PRIME_0428_0031/installs/data/system_verilog/uvm_1.2/xlnx_uvm_package.sv" Line 31993. Ignoring Subprog configure.
WARNING: [XSIM 43-3499] "/proj/primebuilds/9999.0_PRIME_0428_0031/installs/data/system_verilog/uvm_1.2/xlnx_uvm_package.sv" Line 32011. Ignoring Subprog Xlock_modelX.
WARNING: [XSIM 43-3499] "/proj/primebuilds/9999.0_PRIME_0428_0031/installs/data/system_verilog/uvm_1.2/xlnx_uvm_package.sv" Line 32332. Ignoring Subprog is_in_map.
WARNING: [XSIM 43-3499] "/proj/primebuilds/9999.0_PRIME_0428_0031/installs/data/system_verilog/uvm_1.2/xlnx_uvm_package.sv" Line 32768. Ignoring Subprog configure.
WARNING: [XSIM 43-3499] "/proj/primebuilds/9999.0_PRIME_0428_0031/installs/data/system_verilog/uvm_1.2/xlnx_uvm_package.sv" Line 34006. Ignoring Subprog get_type.
WARNING: [XSIM 43-3499] "/proj/primebuilds/9999.0_PRIME_0428_0031/installs/data/system_verilog/uvm_1.2/xlnx_uvm_package.sv" Line 34141. Ignoring Subprog set_auto_predict.
WARNING: [XSIM 43-3499] "/proj/primebuilds/9999.0_PRIME_0428_0031/installs/data/system_verilog/uvm_1.2/xlnx_uvm_package.sv" Line 34144. Ignoring Subprog get_auto_predict.
WARNING: [XSIM 43-3499] "/proj/primebuilds/9999.0_PRIME_0428_0031/installs/data/system_verilog/uvm_1.2/xlnx_uvm_package.sv" Line 34155. Ignoring Subprog get_check_on_read.
WARNING: [XSIM 43-3499] "/proj/primebuilds/9999.0_PRIME_0428_0031/installs/data/system_verilog/uvm_1.2/xlnx_uvm_package.sv" Line 35321. Ignoring Subprog check_data_width.
WARNING: [XSIM 43-3499] "/proj/primebuilds/9999.0_PRIME_0428_0031/installs/data/system_verilog/uvm_1.2/xlnx_uvm_package.sv" Line 35336. Ignoring Subprog configure.
WARNING: [XSIM 43-3499] "/proj/primebuilds/9999.0_PRIME_0428_0031/installs/data/system_verilog/uvm_1.2/xlnx_uvm_package.sv" Line 35410. Ignoring Subprog is_locked.
WARNING: [XSIM 43-3499] "/proj/primebuilds/9999.0_PRIME_0428_0031/installs/data/system_verilog/uvm_1.2/xlnx_uvm_package.sv" Line 35568. Ignoring Subprog get_root_blocks.
WARNING: [XSIM 43-3499] "/proj/primebuilds/9999.0_PRIME_0428_0031/installs/data/system_verilog/uvm_1.2/xlnx_uvm_package.sv" Line 35597. Ignoring Subprog find_block.
WARNING: [XSIM 43-3499] "/proj/primebuilds/9999.0_PRIME_0428_0031/installs/data/system_verilog/uvm_1.2/xlnx_uvm_package.sv" Line 35766. Ignoring Subprog get_vfield_by_name.
WARNING: [XSIM 43-3499] "/proj/primebuilds/9999.0_PRIME_0428_0031/installs/data/system_verilog/uvm_1.2/xlnx_uvm_package.sv" Line 35845. Ignoring Subprog build_coverage.
WARNING: [XSIM 43-3499] "/proj/primebuilds/9999.0_PRIME_0428_0031/installs/data/system_verilog/uvm_1.2/xlnx_uvm_package.sv" Line 36040. Ignoring Subprog add_map.
WARNING: [XSIM 43-3499] "/proj/primebuilds/9999.0_PRIME_0428_0031/installs/data/system_verilog/uvm_1.2/xlnx_uvm_package.sv" Line 36085. Ignoring Subprog set_default_map.
WARNING: [XSIM 43-3499] "/proj/primebuilds/9999.0_PRIME_0428_0031/installs/data/system_verilog/uvm_1.2/xlnx_uvm_package.sv" Line 36121. Ignoring Subprog set_backdoor.
WARNING: [XSIM 43-3499] "/proj/primebuilds/9999.0_PRIME_0428_0031/installs/data/system_verilog/uvm_1.2/xlnx_uvm_package.sv" Line 36147. Ignoring Subprog clear_hdl_path.
WARNING: [XSIM 43-3499] "/proj/primebuilds/9999.0_PRIME_0428_0031/installs/data/system_verilog/uvm_1.2/xlnx_uvm_package.sv" Line 36185. Ignoring Subprog get_hdl_path.
WARNING: [XSIM 43-3499] "/proj/primebuilds/9999.0_PRIME_0428_0031/installs/data/system_verilog/uvm_1.2/xlnx_uvm_package.sv" Line 36261. Ignoring Subprog set_default_hdl_path.
WARNING: [XSIM 43-3499] "/proj/primebuilds/9999.0_PRIME_0428_0031/installs/data/system_verilog/uvm_1.2/xlnx_uvm_package.sv" Line 36275. Ignoring Subprog set_hdl_path_root.
WARNING: [XSIM 43-3499] "/proj/primebuilds/9999.0_PRIME_1102_2129/installs/data/verilog/src/std.sv" Line 64. Ignoring Subprog num.
WARNING: [XSIM 43-3499] "/proj/primebuilds/9999.0_PRIME_1102_2129/installs/data/verilog/src/std.sv" Line 91. Ignoring Subprog try_get.
WARNING: [XSIM 43-3499] "/proj/primebuilds/9999.0_PRIME_1102_2129/installs/data/verilog/src/std.sv" Line 107. Ignoring Subprog try_peek.
WARNING: [XSIM 43-3499] "/proj/primebuilds/9999.0_PRIME_1102_2129/installs/data/verilog/src/std.sv" Line 117. Ignoring Subprog randomize.
WARNING: [XSIM 43-3499] "/proj/primebuilds/9999.0_PRIME_1102_2129/installs/data/verilog/src/std.sv" Line 126. Ignoring Subprog new.
WARNING: [XSIM 43-3499] "/proj/primebuilds/9999.0_PRIME_1102_2129/installs/data/verilog/src/std.sv" Line 156. Ignoring Subprog num.
WARNING: [XSIM 43-3499] "/proj/primebuilds/9999.0_PRIME_1102_2129/installs/data/verilog/src/std.sv" Line 192. Ignoring Subprog try_put.
WARNING: [XSIM 43-3499] "/proj/primebuilds/9999.0_PRIME_1102_2129/installs/data/verilog/src/std.sv" Line 202. Ignoring Subprog try_put_string.
WARNING: [XSIM 43-3499] "/proj/primebuilds/9999.0_PRIME_1102_2129/installs/data/verilog/src/std.sv" Line 213. Ignoring Subprog try_put_real.
WARNING: [XSIM 43-3499] "/proj/primebuilds/9999.0_PRIME_1102_2129/installs/data/verilog/src/std.sv" Line 223. Ignoring Subprog try_put_generic_item.
WARNING: [XSIM 43-3499] "/proj/primebuilds/9999.0_PRIME_1102_2129/installs/data/verilog/src/std.sv" Line 312. Ignoring Subprog try_get.
WARNING: [XSIM 43-3499] "/proj/primebuilds/9999.0_PRIME_1102_2129/installs/data/verilog/src/std.sv" Line 328. Ignoring Subprog try_get_string.
WARNING: [XSIM 43-3499] "/proj/primebuilds/9999.0_PRIME_1102_2129/installs/data/verilog/src/std.sv" Line 343. Ignoring Subprog try_get_real.
WARNING: [XSIM 43-3499] "/proj/primebuilds/9999.0_PRIME_1102_2129/installs/data/verilog/src/std.sv" Line 358. Ignoring Subprog try_get_generic_item.
WARNING: [XSIM 43-3499] "/proj/primebuilds/9999.0_PRIME_1102_2129/installs/data/verilog/src/std.sv" Line 429. Ignoring Subprog try_peek.
WARNING: [XSIM 43-3499] "/proj/primebuilds/9999.0_PRIME_1102_2129/installs/data/verilog/src/std.sv" Line 442. Ignoring Subprog try_peek_string.
WARNING: [XSIM 43-3499] "/proj/primebuilds/9999.0_PRIME_1102_2129/installs/data/verilog/src/std.sv" Line 455. Ignoring Subprog try_peek_real.
WARNING: [XSIM 43-3499] "/proj/primebuilds/9999.0_PRIME_1102_2129/installs/data/verilog/src/std.sv" Line 468. Ignoring Subprog try_peek_generic_item.
WARNING: [XSIM 43-3499] "../src/test/uvm/alu_seq_item.sv" Line 19. Ignoring Subprog get_type.
WARNING: [XSIM 43-3499] "../src/test/uvm/alu_sequence.sv" Line 12. Ignoring Subprog get_type.
WARNING: [XSIM 43-3499] "../src/test/uvm/alu_driver.sv" Line 13. Ignoring Subprog get_type.
WARNING: [XSIM 43-3499] "../src/test/uvm/alu_monitor.sv" Line 13. Ignoring Subprog get_type.
WARNING: [XSIM 43-3499] "../src/test/uvm/alu_agent.sv" Line 13. Ignoring Subprog get_type.
WARNING: [XSIM 43-3499] "../src/test/uvm/alu_scoreboard.sv" Line 13. Ignoring Subprog get_type.
WARNING: [XSIM 43-3499] "../src/test/uvm/alu_env.sv" Line 13. Ignoring Subprog get_type.
WARNING: [XSIM 43-3499] "../src/test/uvm/alu_test.sv" Line 11. Ignoring Subprog get_type.
WARNING: [XSIM 43-3499] "/proj/primebuilds/9999.0_PRIME_0428_0031/installs/data/system_verilog/uvm_1.2/xlnx_uvm_package.sv" Line 4419. Ignoring Subprog uvm_hdl_check_path.
WARNING: [XSIM 43-3499] "/proj/primebuilds/9999.0_PRIME_0428_0031/installs/data/system_verilog/uvm_1.2/xlnx_uvm_package.sv" Line 4431. Ignoring Subprog uvm_hdl_force.
WARNING: [XSIM 43-3499] "/proj/primebuilds/9999.0_PRIME_0428_0031/installs/data/system_verilog/uvm_1.2/xlnx_uvm_package.sv" Line 4437. Ignoring Subprog uvm_hdl_force_time.
WARNING: [XSIM 43-3499] "/proj/primebuilds/9999.0_PRIME_0428_0031/installs/data/system_verilog/uvm_1.2/xlnx_uvm_package.sv" Line 4442. Ignoring Subprog uvm_hdl_release.
WARNING: [XSIM 43-3499] "/proj/primebuilds/9999.0_PRIME_0428_0031/installs/data/system_verilog/uvm_1.2/xlnx_uvm_package.sv" Line 4483. Ignoring Subprog uvm_dpi_get_next_arg.
WARNING: [XSIM 43-3499] "/proj/primebuilds/9999.0_PRIME_0428_0031/installs/data/system_verilog/uvm_1.2/xlnx_uvm_package.sv" Line 4487. Ignoring Subprog uvm_dpi_get_tool_name.
WARNING: [XSIM 43-3499] "/proj/primebuilds/9999.0_PRIME_0428_0031/installs/data/system_verilog/uvm_1.2/xlnx_uvm_package.sv" Line 4491. Ignoring Subprog uvm_dpi_get_tool_version.
WARNING: [XSIM 43-3499] "/proj/primebuilds/9999.0_PRIME_0428_0031/installs/data/system_verilog/uvm_1.2/xlnx_uvm_package.sv" Line 4496. Ignoring Subprog uvm_dpi_regcomp.
WARNING: [XSIM 43-3499] "/proj/primebuilds/9999.0_PRIME_0428_0031/installs/data/system_verilog/uvm_1.2/xlnx_uvm_package.sv" Line 4497. Ignoring Subprog uvm_dpi_regexec.
WARNING: [XSIM 43-3499] "/proj/primebuilds/9999.0_PRIME_0428_0031/installs/data/system_verilog/uvm_1.2/xlnx_uvm_package.sv" Line 4498. Ignoring Subprog uvm_dpi_regfree.
WARNING: [XSIM 43-3499] "/proj/primebuilds/9999.0_PRIME_0428_0031/installs/data/system_verilog/uvm_1.2/xlnx_uvm_package.sv" Line 4556. Ignoring Subprog uvm_dump_re_cache.
WARNING: [XSIM 43-3499] "/proj/primebuilds/9999.0_PRIME_0428_0031/installs/data/system_verilog/uvm_1.2/xlnx_uvm_package.sv" Line 4559. Ignoring Subprog uvm_glob_to_re.
WARNING: [XSIM 43-3499] "/proj/primebuilds/9999.0_PRIME_0428_0031/installs/data/system_verilog/uvm_1.2/xlnx_uvm_package.sv" Line 4725. Ignoring Subprog uvm_radix_to_string.
WARNING: [XSIM 43-3499] "/proj/primebuilds/9999.0_PRIME_0428_0031/installs/data/system_verilog/uvm_1.2/xlnx_uvm_package.sv" Line 4970. Ignoring Subprog get_arg.
WARNING: [XSIM 43-3499] "/proj/primebuilds/9999.0_PRIME_0428_0031/installs/data/system_verilog/uvm_1.2/xlnx_uvm_package.sv" Line 4974. Ignoring Subprog set.
WARNING: [XSIM 43-3499] "/proj/primebuilds/9999.0_PRIME_0428_0031/installs/data/system_verilog/uvm_1.2/xlnx_uvm_package.sv" Line 4986. Ignoring Subprog down_element.
WARNING: [XSIM 43-3499] "/proj/primebuilds/9999.0_PRIME_0428_0031/installs/data/system_verilog/uvm_1.2/xlnx_uvm_package.sv" Line 4991. Ignoring Subprog up_element.
WARNING: [XSIM 43-3499] "/proj/primebuilds/9999.0_PRIME_0428_0031/installs/data/system_verilog/uvm_1.2/xlnx_uvm_package.sv" Line 5022. Ignoring Subprog set_arg_element.
WARNING: [XSIM 43-3499] "/proj/primebuilds/9999.0_PRIME_0428_0031/installs/data/system_verilog/uvm_1.2/xlnx_uvm_package.sv" Line 5060. Ignoring Subprog get_function_type.
WARNING: [XSIM 43-3499] "/proj/primebuilds/9999.0_PRIME_0428_0031/installs/data/system_verilog/uvm_1.2/xlnx_uvm_package.sv" Line 5283. Ignoring Subprog uvm_vector_to_string.
WARNING: [XSIM 43-3499] "/proj/primebuilds/9999.0_PRIME_0428_0031/installs/data/system_verilog/uvm_1.2/xlnx_uvm_package.sv" Line 5287. Ignoring Subprog uvm_get_array_index_int.
WARNING: [XSIM 43-3499] "/proj/primebuilds/9999.0_PRIME_0428_0031/installs/data/system_verilog/uvm_1.2/xlnx_uvm_package.sv" Line 5313. Ignoring Subprog uvm_get_array_index_string.
WARNING: [XSIM 43-3499] "/proj/primebuilds/9999.0_PRIME_0428_0031/installs/data/system_verilog/uvm_1.2/xlnx_uvm_package.sv" Line 5330. Ignoring Subprog uvm_is_array.
WARNING: [XSIM 43-3499] "/proj/primebuilds/9999.0_PRIME_0428_0031/installs/data/system_verilog/uvm_1.2/xlnx_uvm_package.sv" Line 5335. Ignoring Subprog uvm_has_wildcard.
WARNING: [XSIM 43-3499] "/proj/primebuilds/9999.0_PRIME_0428_0031/installs/data/system_verilog/uvm_1.2/xlnx_uvm_package.sv" Line 5431. Ignoring Subprog m_uvm_string_queue_join.
WARNING: [XSIM 43-3499] "/proj/primebuilds/9999.0_PRIME_0428_0031/installs/data/system_verilog/uvm_1.2/xlnx_uvm_package.sv" Line 5472. Ignoring Subprog get_type.
WARNING: [XSIM 43-3499] "/proj/primebuilds/9999.0_PRIME_0428_0031/installs/data/system_verilog/uvm_1.2/xlnx_uvm_package.sv" Line 5488. Ignoring Subprog get_inst_count.
WARNING: [XSIM 43-3499] "/proj/primebuilds/9999.0_PRIME_0428_0031/installs/data/system_verilog/uvm_1.2/xlnx_uvm_package.sv" Line 5722. Ignoring Subprog pack.
WARNING: [XSIM 43-3499] "/proj/primebuilds/9999.0_PRIME_0428_0031/installs/data/system_verilog/uvm_1.2/xlnx_uvm_package.sv" Line 5728. Ignoring Subprog pack_bytes.
WARNING: [XSIM 43-3499] "/proj/primebuilds/9999.0_PRIME_0428_0031/installs/data/system_verilog/uvm_1.2/xlnx_uvm_package.sv" Line 5734. Ignoring Subprog pack_ints.
WARNING: [XSIM 43-3499] "/proj/primebuilds/9999.0_PRIME_0428_0031/installs/data/system_verilog/uvm_1.2/xlnx_uvm_package.sv" Line 5773. Ignoring Subprog unpack.
WARNING: [XSIM 43-3499] "/proj/primebuilds/9999.0_PRIME_0428_0031/installs/data/system_verilog/uvm_1.2/xlnx_uvm_package.sv" Line 5781. Ignoring Subprog unpack_bytes.
WARNING: [XSIM 43-3499] "/proj/primebuilds/9999.0_PRIME_0428_0031/installs/data/system_verilog/uvm_1.2/xlnx_uvm_package.sv" Line 5789. Ignoring Subprog unpack_ints.
WARNING: [XSIM 43-3499] "/proj/primebuilds/9999.0_PRIME_0428_0031/installs/data/system_verilog/uvm_1.2/xlnx_uvm_package.sv" Line 5842. Ignoring Subprog get_global.
WARNING: [XSIM 43-3499] "/proj/primebuilds/9999.0_PRIME_0428_0031/installs/data/system_verilog/uvm_1.2/xlnx_uvm_package.sv" Line 5842. Ignoring Subprog get_global.
WARNING: [XSIM 43-3499] "/proj/primebuilds/9999.0_PRIME_0428_0031/installs/data/system_verilog/uvm_1.2/xlnx_uvm_package.sv" Line 5842. Ignoring Subprog get_global.
WARNING: [XSIM 43-3499] "/proj/primebuilds/9999.0_PRIME_0428_0031/installs/data/system_verilog/uvm_1.2/xlnx_uvm_package.sv" Line 5842. Ignoring Subprog get_global.
WARNING: [XSIM 43-3499] "/proj/primebuilds/9999.0_PRIME_0428_0031/installs/data/system_verilog/uvm_1.2/xlnx_uvm_package.sv" Line 5842. Ignoring Subprog get_global.
WARNING: [XSIM 43-3499] "/proj/primebuilds/9999.0_PRIME_0428_0031/installs/data/system_verilog/uvm_1.2/xlnx_uvm_package.sv" Line 5842. Ignoring Subprog get_global.
WARNING: [XSIM 43-3499] "/proj/primebuilds/9999.0_PRIME_0428_0031/installs/data/system_verilog/uvm_1.2/xlnx_uvm_package.sv" Line 5842. Ignoring Subprog get_global.
WARNING: [XSIM 43-3499] "/proj/primebuilds/9999.0_PRIME_0428_0031/installs/data/system_verilog/uvm_1.2/xlnx_uvm_package.sv" Line 5842. Ignoring Subprog get_global.
WARNING: [XSIM 43-3499] "/proj/primebuilds/9999.0_PRIME_0428_0031/installs/data/system_verilog/uvm_1.2/xlnx_uvm_package.sv" Line 5842. Ignoring Subprog get_global.
WARNING: [XSIM 43-3499] "/proj/primebuilds/9999.0_PRIME_0428_0031/installs/data/system_verilog/uvm_1.2/xlnx_uvm_package.sv" Line 5842. Ignoring Subprog get_global.
WARNING: [XSIM 43-3499] "/proj/primebuilds/9999.0_PRIME_0428_0031/installs/data/system_verilog/uvm_1.2/xlnx_uvm_package.sv" Line 5842. Ignoring Subprog get_global.
WARNING: [XSIM 43-3499] "/proj/primebuilds/9999.0_PRIME_0428_0031/installs/data/system_verilog/uvm_1.2/xlnx_uvm_package.sv" Line 5842. Ignoring Subprog get_global.
WARNING: [XSIM 43-3499] "/proj/primebuilds/9999.0_PRIME_0428_0031/installs/data/system_verilog/uvm_1.2/xlnx_uvm_package.sv" Line 5842. Ignoring Subprog get_global.
WARNING: [XSIM 43-3499] "/proj/primebuilds/9999.0_PRIME_0428_0031/installs/data/system_verilog/uvm_1.2/xlnx_uvm_package.sv" Line 5842. Ignoring Subprog get_global.
WARNING: [XSIM 43-3499] "/proj/primebuilds/9999.0_PRIME_0428_0031/installs/data/system_verilog/uvm_1.2/xlnx_uvm_package.sv" Line 5842. Ignoring Subprog get_global.
WARNING: [XSIM 43-3499] "/proj/primebuilds/9999.0_PRIME_0428_0031/installs/data/system_verilog/uvm_1.2/xlnx_uvm_package.sv" Line 5950. Ignoring Subprog get_global.
WARNING: [XSIM 43-3499] "/proj/primebuilds/9999.0_PRIME_0428_0031/installs/data/system_verilog/uvm_1.2/xlnx_uvm_package.sv" Line 5950. Ignoring Subprog get_global.
WARNING: [XSIM 43-3499] "/proj/primebuilds/9999.0_PRIME_0428_0031/installs/data/system_verilog/uvm_1.2/xlnx_uvm_package.sv" Line 5950. Ignoring Subprog get_global.
WARNING: [XSIM 43-3499] "/proj/primebuilds/9999.0_PRIME_0428_0031/installs/data/system_verilog/uvm_1.2/xlnx_uvm_package.sv" Line 5950. Ignoring Subprog get_global.
WARNING: [XSIM 43-3499] "/proj/primebuilds/9999.0_PRIME_0428_0031/installs/data/system_verilog/uvm_1.2/xlnx_uvm_package.sv" Line 6008. Ignoring Subprog get_global.
WARNING: [XSIM 43-3499] "/proj/primebuilds/9999.0_PRIME_0428_0031/installs/data/system_verilog/uvm_1.2/xlnx_uvm_package.sv" Line 6008. Ignoring Subprog get_global.
WARNING: [XSIM 43-3499] "/proj/primebuilds/9999.0_PRIME_0428_0031/installs/data/system_verilog/uvm_1.2/xlnx_uvm_package.sv" Line 6008. Ignoring Subprog get_global.
WARNING: [XSIM 43-3499] "/proj/primebuilds/9999.0_PRIME_0428_0031/installs/data/system_verilog/uvm_1.2/xlnx_uvm_package.sv" Line 6008. Ignoring Subprog get_global.
WARNING: [XSIM 43-3499] "/proj/primebuilds/9999.0_PRIME_0428_0031/installs/data/system_verilog/uvm_1.2/xlnx_uvm_package.sv" Line 6008. Ignoring Subprog get_global.
WARNING: [XSIM 43-3499] "/proj/primebuilds/9999.0_PRIME_0428_0031/installs/data/system_verilog/uvm_1.2/xlnx_uvm_package.sv" Line 6099. Ignoring Subprog get.
WARNING: [XSIM 43-3499] "/proj/primebuilds/9999.0_PRIME_0428_0031/installs/data/system_verilog/uvm_1.2/xlnx_uvm_package.sv" Line 6899. Ignoring Subprog create.
WARNING: [XSIM 43-3499] "/proj/primebuilds/9999.0_PRIME_0428_0031/installs/data/system_verilog/uvm_1.2/xlnx_uvm_package.sv" Line 6913. Ignoring Subprog set_type_override.
WARNING: [XSIM 43-3499] "/proj/primebuilds/9999.0_PRIME_0428_0031/installs/data/system_verilog/uvm_1.2/xlnx_uvm_package.sv" Line 6919. Ignoring Subprog set_inst_override.
WARNING: [XSIM 43-3499] "/proj/primebuilds/9999.0_PRIME_0428_0031/installs/data/system_verilog/uvm_1.2/xlnx_uvm_package.sv" Line 6899. Ignoring Subprog create.
WARNING: [XSIM 43-3499] "/proj/primebuilds/9999.0_PRIME_0428_0031/installs/data/system_verilog/uvm_1.2/xlnx_uvm_package.sv" Line 6913. Ignoring Subprog set_type_override.
WARNING: [XSIM 43-3499] "/proj/primebuilds/9999.0_PRIME_0428_0031/installs/data/system_verilog/uvm_1.2/xlnx_uvm_package.sv" Line 6919. Ignoring Subprog set_inst_override.
WARNING: [XSIM 43-3499] "/proj/primebuilds/9999.0_PRIME_0428_0031/installs/data/system_verilog/uvm_1.2/xlnx_uvm_package.sv" Line 6913. Ignoring Subprog set_type_override.
WARNING: [XSIM 43-3499] "/proj/primebuilds/9999.0_PRIME_0428_0031/installs/data/system_verilog/uvm_1.2/xlnx_uvm_package.sv" Line 6919. Ignoring Subprog set_inst_override.
WARNING: [XSIM 43-3499] "/proj/primebuilds/9999.0_PRIME_0428_0031/installs/data/system_verilog/uvm_1.2/xlnx_uvm_package.sv" Line 6913. Ignoring Subprog set_type_override.
WARNING: [XSIM 43-3499] "/proj/primebuilds/9999.0_PRIME_0428_0031/installs/data/system_verilog/uvm_1.2/xlnx_uvm_package.sv" Line 6919. Ignoring Subprog set_inst_override.
WARNING: [XSIM 43-3499] "/proj/primebuilds/9999.0_PRIME_0428_0031/installs/data/system_verilog/uvm_1.2/xlnx_uvm_package.sv" Line 6913. Ignoring Subprog set_type_override.
WARNING: [XSIM 43-3499] "/proj/primebuilds/9999.0_PRIME_0428_0031/installs/data/system_verilog/uvm_1.2/xlnx_uvm_package.sv" Line 6919. Ignoring Subprog set_inst_override.
WARNING: [XSIM 43-3499] "/proj/primebuilds/9999.0_PRIME_0428_0031/installs/data/system_verilog/uvm_1.2/xlnx_uvm_package.sv" Line 6913. Ignoring Subprog set_type_override.
WARNING: [XSIM 43-3499] "/proj/primebuilds/9999.0_PRIME_0428_0031/installs/data/system_verilog/uvm_1.2/xlnx_uvm_package.sv" Line 6919. Ignoring Subprog set_inst_override.
WARNING: [XSIM 43-3499] "/proj/primebuilds/9999.0_PRIME_0428_0031/installs/data/system_verilog/uvm_1.2/xlnx_uvm_package.sv" Line 6913. Ignoring Subprog set_type_override.
WARNING: [XSIM 43-3499] "/proj/primebuilds/9999.0_PRIME_0428_0031/installs/data/system_verilog/uvm_1.2/xlnx_uvm_package.sv" Line 6919. Ignoring Subprog set_inst_override.
WARNING: [XSIM 43-3499] "/proj/primebuilds/9999.0_PRIME_0428_0031/installs/data/system_verilog/uvm_1.2/xlnx_uvm_package.sv" Line 6913. Ignoring Subprog set_type_override.
WARNING: [XSIM 43-3499] "/proj/primebuilds/9999.0_PRIME_0428_0031/installs/data/system_verilog/uvm_1.2/xlnx_uvm_package.sv" Line 6919. Ignoring Subprog set_inst_override.
WARNING: [XSIM 43-3499] "/proj/primebuilds/9999.0_PRIME_0428_0031/installs/data/system_verilog/uvm_1.2/xlnx_uvm_package.sv" Line 6899. Ignoring Subprog create.
WARNING: [XSIM 43-3499] "/proj/primebuilds/9999.0_PRIME_0428_0031/installs/data/system_verilog/uvm_1.2/xlnx_uvm_package.sv" Line 6913. Ignoring Subprog set_type_override.
WARNING: [XSIM 43-3499] "/proj/primebuilds/9999.0_PRIME_0428_0031/installs/data/system_verilog/uvm_1.2/xlnx_uvm_package.sv" Line 6919. Ignoring Subprog set_inst_override.
WARNING: [XSIM 43-3499] "/proj/primebuilds/9999.0_PRIME_0428_0031/installs/data/system_verilog/uvm_1.2/xlnx_uvm_package.sv" Line 6983. Ignoring Subprog set_type_override.
WARNING: [XSIM 43-3499] "/proj/primebuilds/9999.0_PRIME_0428_0031/installs/data/system_verilog/uvm_1.2/xlnx_uvm_package.sv" Line 6991. Ignoring Subprog set_inst_override.
WARNING: [XSIM 43-3499] "/proj/primebuilds/9999.0_PRIME_0428_0031/installs/data/system_verilog/uvm_1.2/xlnx_uvm_package.sv" Line 6968. Ignoring Subprog create.
WARNING: [XSIM 43-3499] "/proj/primebuilds/9999.0_PRIME_0428_0031/installs/data/system_verilog/uvm_1.2/xlnx_uvm_package.sv" Line 6983. Ignoring Subprog set_type_override.
WARNING: [XSIM 43-3499] "/proj/primebuilds/9999.0_PRIME_0428_0031/installs/data/system_verilog/uvm_1.2/xlnx_uvm_package.sv" Line 6991. Ignoring Subprog set_inst_override.
WARNING: [XSIM 43-3499] "/proj/primebuilds/9999.0_PRIME_0428_0031/installs/data/system_verilog/uvm_1.2/xlnx_uvm_package.sv" Line 6968. Ignoring Subprog create.
WARNING: [XSIM 43-3499] "/proj/primebuilds/9999.0_PRIME_0428_0031/installs/data/system_verilog/uvm_1.2/xlnx_uvm_package.sv" Line 6983. Ignoring Subprog set_type_override.
WARNING: [XSIM 43-3499] "/proj/primebuilds/9999.0_PRIME_0428_0031/installs/data/system_verilog/uvm_1.2/xlnx_uvm_package.sv" Line 6991. Ignoring Subprog set_inst_override.
WARNING: [XSIM 43-3499] "/proj/primebuilds/9999.0_PRIME_0428_0031/installs/data/system_verilog/uvm_1.2/xlnx_uvm_package.sv" Line 6968. Ignoring Subprog create.
WARNING: [XSIM 43-3499] "/proj/primebuilds/9999.0_PRIME_0428_0031/installs/data/system_verilog/uvm_1.2/xlnx_uvm_package.sv" Line 6983. Ignoring Subprog set_type_override.
WARNING: [XSIM 43-3499] "/proj/primebuilds/9999.0_PRIME_0428_0031/installs/data/system_verilog/uvm_1.2/xlnx_uvm_package.sv" Line 6991. Ignoring Subprog set_inst_override.
WARNING: [XSIM 43-3499] "/proj/primebuilds/9999.0_PRIME_0428_0031/installs/data/system_verilog/uvm_1.2/xlnx_uvm_package.sv" Line 6968. Ignoring Subprog create.
WARNING: [XSIM 43-3499] "/proj/primebuilds/9999.0_PRIME_0428_0031/installs/data/system_verilog/uvm_1.2/xlnx_uvm_package.sv" Line 6983. Ignoring Subprog set_type_override.
WARNING: [XSIM 43-3499] "/proj/primebuilds/9999.0_PRIME_0428_0031/installs/data/system_verilog/uvm_1.2/xlnx_uvm_package.sv" Line 6991. Ignoring Subprog set_inst_override.
WARNING: [XSIM 43-3499] "/proj/primebuilds/9999.0_PRIME_0428_0031/installs/data/system_verilog/uvm_1.2/xlnx_uvm_package.sv" Line 6968. Ignoring Subprog create.
WARNING: [XSIM 43-3499] "/proj/primebuilds/9999.0_PRIME_0428_0031/installs/data/system_verilog/uvm_1.2/xlnx_uvm_package.sv" Line 6983. Ignoring Subprog set_type_override.
WARNING: [XSIM 43-3499] "/proj/primebuilds/9999.0_PRIME_0428_0031/installs/data/system_verilog/uvm_1.2/xlnx_uvm_package.sv" Line 6991. Ignoring Subprog set_inst_override.
WARNING: [XSIM 43-3499] "/proj/primebuilds/9999.0_PRIME_0428_0031/installs/data/system_verilog/uvm_1.2/xlnx_uvm_package.sv" Line 6968. Ignoring Subprog create.
WARNING: [XSIM 43-3499] "/proj/primebuilds/9999.0_PRIME_0428_0031/installs/data/system_verilog/uvm_1.2/xlnx_uvm_package.sv" Line 6983. Ignoring Subprog set_type_override.
WARNING: [XSIM 43-3499] "/proj/primebuilds/9999.0_PRIME_0428_0031/installs/data/system_verilog/uvm_1.2/xlnx_uvm_package.sv" Line 6991. Ignoring Subprog set_inst_override.
WARNING: [XSIM 43-3499] "/proj/primebuilds/9999.0_PRIME_0428_0031/installs/data/system_verilog/uvm_1.2/xlnx_uvm_package.sv" Line 6983. Ignoring Subprog set_type_override.
WARNING: [XSIM 43-3499] "/proj/primebuilds/9999.0_PRIME_0428_0031/installs/data/system_verilog/uvm_1.2/xlnx_uvm_package.sv" Line 6991. Ignoring Subprog set_inst_override.
WARNING: [XSIM 43-3499] "/proj/primebuilds/9999.0_PRIME_0428_0031/installs/data/system_verilog/uvm_1.2/xlnx_uvm_package.sv" Line 6983. Ignoring Subprog set_type_override.
WARNING: [XSIM 43-3499] "/proj/primebuilds/9999.0_PRIME_0428_0031/installs/data/system_verilog/uvm_1.2/xlnx_uvm_package.sv" Line 6991. Ignoring Subprog set_inst_override.
WARNING: [XSIM 43-3499] "/proj/primebuilds/9999.0_PRIME_0428_0031/installs/data/system_verilog/uvm_1.2/xlnx_uvm_package.sv" Line 6968. Ignoring Subprog create.
WARNING: [XSIM 43-3499] "/proj/primebuilds/9999.0_PRIME_0428_0031/installs/data/system_verilog/uvm_1.2/xlnx_uvm_package.sv" Line 6983. Ignoring Subprog set_type_override.
WARNING: [XSIM 43-3499] "/proj/primebuilds/9999.0_PRIME_0428_0031/installs/data/system_verilog/uvm_1.2/xlnx_uvm_package.sv" Line 6991. Ignoring Subprog set_inst_override.
WARNING: [XSIM 43-3499] "/proj/primebuilds/9999.0_PRIME_0428_0031/installs/data/system_verilog/uvm_1.2/xlnx_uvm_package.sv" Line 6968. Ignoring Subprog create.
WARNING: [XSIM 43-3499] "/proj/primebuilds/9999.0_PRIME_0428_0031/installs/data/system_verilog/uvm_1.2/xlnx_uvm_package.sv" Line 6983. Ignoring Subprog set_type_override.
WARNING: [XSIM 43-3499] "/proj/primebuilds/9999.0_PRIME_0428_0031/installs/data/system_verilog/uvm_1.2/xlnx_uvm_package.sv" Line 6991. Ignoring Subprog set_inst_override.
WARNING: [XSIM 43-3499] "/proj/primebuilds/9999.0_PRIME_0428_0031/installs/data/system_verilog/uvm_1.2/xlnx_uvm_package.sv" Line 6983. Ignoring Subprog set_type_override.
WARNING: [XSIM 43-3499] "/proj/primebuilds/9999.0_PRIME_0428_0031/installs/data/system_verilog/uvm_1.2/xlnx_uvm_package.sv" Line 6991. Ignoring Subprog set_inst_override.
WARNING: [XSIM 43-3499] "/proj/primebuilds/9999.0_PRIME_0428_0031/installs/data/system_verilog/uvm_1.2/xlnx_uvm_package.sv" Line 6983. Ignoring Subprog set_type_override.
WARNING: [XSIM 43-3499] "/proj/primebuilds/9999.0_PRIME_0428_0031/installs/data/system_verilog/uvm_1.2/xlnx_uvm_package.sv" Line 6991. Ignoring Subprog set_inst_override.
WARNING: [XSIM 43-3499] "/proj/primebuilds/9999.0_PRIME_0428_0031/installs/data/system_verilog/uvm_1.2/xlnx_uvm_package.sv" Line 6968. Ignoring Subprog create.
WARNING: [XSIM 43-3499] "/proj/primebuilds/9999.0_PRIME_0428_0031/installs/data/system_verilog/uvm_1.2/xlnx_uvm_package.sv" Line 6983. Ignoring Subprog set_type_override.
WARNING: [XSIM 43-3499] "/proj/primebuilds/9999.0_PRIME_0428_0031/installs/data/system_verilog/uvm_1.2/xlnx_uvm_package.sv" Line 6991. Ignoring Subprog set_inst_override.
WARNING: [XSIM 43-3499] "/proj/primebuilds/9999.0_PRIME_0428_0031/installs/data/system_verilog/uvm_1.2/xlnx_uvm_package.sv" Line 6983. Ignoring Subprog set_type_override.
WARNING: [XSIM 43-3499] "/proj/primebuilds/9999.0_PRIME_0428_0031/installs/data/system_verilog/uvm_1.2/xlnx_uvm_package.sv" Line 6991. Ignoring Subprog set_inst_override.
WARNING: [XSIM 43-3499] "/proj/primebuilds/9999.0_PRIME_0428_0031/installs/data/system_verilog/uvm_1.2/xlnx_uvm_package.sv" Line 6983. Ignoring Subprog set_type_override.
WARNING: [XSIM 43-3499] "/proj/primebuilds/9999.0_PRIME_0428_0031/installs/data/system_verilog/uvm_1.2/xlnx_uvm_package.sv" Line 6991. Ignoring Subprog set_inst_override.
WARNING: [XSIM 43-3499] "/proj/primebuilds/9999.0_PRIME_0428_0031/installs/data/system_verilog/uvm_1.2/xlnx_uvm_package.sv" Line 6983. Ignoring Subprog set_type_override.
WARNING: [XSIM 43-3499] "/proj/primebuilds/9999.0_PRIME_0428_0031/installs/data/system_verilog/uvm_1.2/xlnx_uvm_package.sv" Line 6991. Ignoring Subprog set_inst_override.
WARNING: [XSIM 43-3499] "/proj/primebuilds/9999.0_PRIME_0428_0031/installs/data/system_verilog/uvm_1.2/xlnx_uvm_package.sv" Line 6968. Ignoring Subprog create.
WARNING: [XSIM 43-3499] "/proj/primebuilds/9999.0_PRIME_0428_0031/installs/data/system_verilog/uvm_1.2/xlnx_uvm_package.sv" Line 6983. Ignoring Subprog set_type_override.
WARNING: [XSIM 43-3499] "/proj/primebuilds/9999.0_PRIME_0428_0031/installs/data/system_verilog/uvm_1.2/xlnx_uvm_package.sv" Line 6991. Ignoring Subprog set_inst_override.
WARNING: [XSIM 43-3499] "/proj/primebuilds/9999.0_PRIME_0428_0031/installs/data/system_verilog/uvm_1.2/xlnx_uvm_package.sv" Line 6983. Ignoring Subprog set_type_override.
WARNING: [XSIM 43-3499] "/proj/primebuilds/9999.0_PRIME_0428_0031/installs/data/system_verilog/uvm_1.2/xlnx_uvm_package.sv" Line 6991. Ignoring Subprog set_inst_override.
WARNING: [XSIM 43-3499] "/proj/primebuilds/9999.0_PRIME_0428_0031/installs/data/system_verilog/uvm_1.2/xlnx_uvm_package.sv" Line 6983. Ignoring Subprog set_type_override.
WARNING: [XSIM 43-3499] "/proj/primebuilds/9999.0_PRIME_0428_0031/installs/data/system_verilog/uvm_1.2/xlnx_uvm_package.sv" Line 6991. Ignoring Subprog set_inst_override.
WARNING: [XSIM 43-3499] "/proj/primebuilds/9999.0_PRIME_0428_0031/installs/data/system_verilog/uvm_1.2/xlnx_uvm_package.sv" Line 6968. Ignoring Subprog create.
WARNING: [XSIM 43-3499] "/proj/primebuilds/9999.0_PRIME_0428_0031/installs/data/system_verilog/uvm_1.2/xlnx_uvm_package.sv" Line 6983. Ignoring Subprog set_type_override.
WARNING: [XSIM 43-3499] "/proj/primebuilds/9999.0_PRIME_0428_0031/installs/data/system_verilog/uvm_1.2/xlnx_uvm_package.sv" Line 6991. Ignoring Subprog set_inst_override.
WARNING: [XSIM 43-3499] "/proj/primebuilds/9999.0_PRIME_0428_0031/installs/data/system_verilog/uvm_1.2/xlnx_uvm_package.sv" Line 6968. Ignoring Subprog create.
WARNING: [XSIM 43-3499] "/proj/primebuilds/9999.0_PRIME_0428_0031/installs/data/system_verilog/uvm_1.2/xlnx_uvm_package.sv" Line 6983. Ignoring Subprog set_type_override.
WARNING: [XSIM 43-3499] "/proj/primebuilds/9999.0_PRIME_0428_0031/installs/data/system_verilog/uvm_1.2/xlnx_uvm_package.sv" Line 6991. Ignoring Subprog set_inst_override.
WARNING: [XSIM 43-3499] "/proj/primebuilds/9999.0_PRIME_0428_0031/installs/data/system_verilog/uvm_1.2/xlnx_uvm_package.sv" Line 6968. Ignoring Subprog create.
WARNING: [XSIM 43-3499] "/proj/primebuilds/9999.0_PRIME_0428_0031/installs/data/system_verilog/uvm_1.2/xlnx_uvm_package.sv" Line 6983. Ignoring Subprog set_type_override.
WARNING: [XSIM 43-3499] "/proj/primebuilds/9999.0_PRIME_0428_0031/installs/data/system_verilog/uvm_1.2/xlnx_uvm_package.sv" Line 6991. Ignoring Subprog set_inst_override.
WARNING: [XSIM 43-3499] "/proj/primebuilds/9999.0_PRIME_0428_0031/installs/data/system_verilog/uvm_1.2/xlnx_uvm_package.sv" Line 6968. Ignoring Subprog create.
WARNING: [XSIM 43-3499] "/proj/primebuilds/9999.0_PRIME_0428_0031/installs/data/system_verilog/uvm_1.2/xlnx_uvm_package.sv" Line 6983. Ignoring Subprog set_type_override.
WARNING: [XSIM 43-3499] "/proj/primebuilds/9999.0_PRIME_0428_0031/installs/data/system_verilog/uvm_1.2/xlnx_uvm_package.sv" Line 6991. Ignoring Subprog set_inst_override.
WARNING: [XSIM 43-3499] "/proj/primebuilds/9999.0_PRIME_0428_0031/installs/data/system_verilog/uvm_1.2/xlnx_uvm_package.sv" Line 6968. Ignoring Subprog create.
WARNING: [XSIM 43-3499] "/proj/primebuilds/9999.0_PRIME_0428_0031/installs/data/system_verilog/uvm_1.2/xlnx_uvm_package.sv" Line 6983. Ignoring Subprog set_type_override.
WARNING: [XSIM 43-3499] "/proj/primebuilds/9999.0_PRIME_0428_0031/installs/data/system_verilog/uvm_1.2/xlnx_uvm_package.sv" Line 6991. Ignoring Subprog set_inst_override.
WARNING: [XSIM 43-3499] "/proj/primebuilds/9999.0_PRIME_0428_0031/installs/data/system_verilog/uvm_1.2/xlnx_uvm_package.sv" Line 6968. Ignoring Subprog create.
WARNING: [XSIM 43-3499] "/proj/primebuilds/9999.0_PRIME_0428_0031/installs/data/system_verilog/uvm_1.2/xlnx_uvm_package.sv" Line 6983. Ignoring Subprog set_type_override.
WARNING: [XSIM 43-3499] "/proj/primebuilds/9999.0_PRIME_0428_0031/installs/data/system_verilog/uvm_1.2/xlnx_uvm_package.sv" Line 6991. Ignoring Subprog set_inst_override.
WARNING: [XSIM 43-3499] "/proj/primebuilds/9999.0_PRIME_0428_0031/installs/data/system_verilog/uvm_1.2/xlnx_uvm_package.sv" Line 6983. Ignoring Subprog set_type_override.
WARNING: [XSIM 43-3499] "/proj/primebuilds/9999.0_PRIME_0428_0031/installs/data/system_verilog/uvm_1.2/xlnx_uvm_package.sv" Line 6991. Ignoring Subprog set_inst_override.
WARNING: [XSIM 43-3499] "/proj/primebuilds/9999.0_PRIME_0428_0031/installs/data/system_verilog/uvm_1.2/xlnx_uvm_package.sv" Line 6983. Ignoring Subprog set_type_override.
WARNING: [XSIM 43-3499] "/proj/primebuilds/9999.0_PRIME_0428_0031/installs/data/system_verilog/uvm_1.2/xlnx_uvm_package.sv" Line 6991. Ignoring Subprog set_inst_override.
WARNING: [XSIM 43-3499] "/proj/primebuilds/9999.0_PRIME_0428_0031/installs/data/system_verilog/uvm_1.2/xlnx_uvm_package.sv" Line 7144. Ignoring Subprog turn_on_auditing.
WARNING: [XSIM 43-3499] "/proj/primebuilds/9999.0_PRIME_0428_0031/installs/data/system_verilog/uvm_1.2/xlnx_uvm_package.sv" Line 7149. Ignoring Subprog turn_off_auditing.
WARNING: [XSIM 43-3499] "/proj/primebuilds/9999.0_PRIME_0428_0031/installs/data/system_verilog/uvm_1.2/xlnx_uvm_package.sv" Line 7178. Ignoring Subprog set_read_only.
WARNING: [XSIM 43-3499] "/proj/primebuilds/9999.0_PRIME_0428_0031/installs/data/system_verilog/uvm_1.2/xlnx_uvm_package.sv" Line 7182. Ignoring Subprog set_read_write.
WARNING: [XSIM 43-3499] "/proj/primebuilds/9999.0_PRIME_0428_0031/installs/data/system_verilog/uvm_1.2/xlnx_uvm_package.sv" Line 7190. Ignoring Subprog wait_modified.
WARNING: [XSIM 43-3499] "/proj/primebuilds/9999.0_PRIME_0428_0031/installs/data/system_verilog/uvm_1.2/xlnx_uvm_package.sv" Line 7359. Ignoring Subprog set_override.
WARNING: [XSIM 43-3499] "/proj/primebuilds/9999.0_PRIME_0428_0031/installs/data/system_verilog/uvm_1.2/xlnx_uvm_package.sv" Line 7363. Ignoring Subprog set_name_override.
WARNING: [XSIM 43-3499] "/proj/primebuilds/9999.0_PRIME_0428_0031/installs/data/system_verilog/uvm_1.2/xlnx_uvm_package.sv" Line 7367. Ignoring Subprog set_type_override.
WARNING: [XSIM 43-3499] "/proj/primebuilds/9999.0_PRIME_0428_0031/installs/data/system_verilog/uvm_1.2/xlnx_uvm_package.sv" Line 7387. Ignoring Subprog dump_get_records.
WARNING: [XSIM 43-3499] "/proj/primebuilds/9999.0_PRIME_0428_0031/installs/data/system_verilog/uvm_1.2/xlnx_uvm_package.sv" Line 7806. Ignoring Subprog set.
WARNING: [XSIM 43-3499] "/proj/primebuilds/9999.0_PRIME_0428_0031/installs/data/system_verilog/uvm_1.2/xlnx_uvm_package.sv" Line 7811. Ignoring Subprog set_override.
WARNING: [XSIM 43-3499] "/proj/primebuilds/9999.0_PRIME_0428_0031/installs/data/system_verilog/uvm_1.2/xlnx_uvm_package.sv" Line 7817. Ignoring Subprog get_by_name.
WARNING: [XSIM 43-3499] "/proj/primebuilds/9999.0_PRIME_0428_0031/installs/data/system_verilog/uvm_1.2/xlnx_uvm_package.sv" Line 7841. Ignoring Subprog get_by_type.
WARNING: [XSIM 43-3499] "/proj/primebuilds/9999.0_PRIME_0428_0031/installs/data/system_verilog/uvm_1.2/xlnx_uvm_package.sv" Line 7873. Ignoring Subprog write.
WARNING: [XSIM 43-3499] "/proj/primebuilds/9999.0_PRIME_0428_0031/installs/data/system_verilog/uvm_1.2/xlnx_uvm_package.sv" Line 7897. Ignoring Subprog get_highest_precedence.
WARNING: [XSIM 43-3499] "/proj/primebuilds/9999.0_PRIME_0428_0031/installs/data/system_verilog/uvm_1.2/xlnx_uvm_package.sv" Line 7897. Ignoring Subprog get_highest_precedence.
WARNING: [XSIM 43-3499] "/proj/primebuilds/9999.0_PRIME_0428_0031/installs/data/system_verilog/uvm_1.2/xlnx_uvm_package.sv" Line 7806. Ignoring Subprog set.
WARNING: [XSIM 43-3499] "/proj/primebuilds/9999.0_PRIME_0428_0031/installs/data/system_verilog/uvm_1.2/xlnx_uvm_package.sv" Line 7811. Ignoring Subprog set_override.
WARNING: [XSIM 43-3499] "/proj/primebuilds/9999.0_PRIME_0428_0031/installs/data/system_verilog/uvm_1.2/xlnx_uvm_package.sv" Line 7817. Ignoring Subprog get_by_name.
WARNING: [XSIM 43-3499] "/proj/primebuilds/9999.0_PRIME_0428_0031/installs/data/system_verilog/uvm_1.2/xlnx_uvm_package.sv" Line 7841. Ignoring Subprog get_by_type.
WARNING: [XSIM 43-3499] "/proj/primebuilds/9999.0_PRIME_0428_0031/installs/data/system_verilog/uvm_1.2/xlnx_uvm_package.sv" Line 7873. Ignoring Subprog write.
WARNING: [XSIM 43-3499] "/proj/primebuilds/9999.0_PRIME_0428_0031/installs/data/system_verilog/uvm_1.2/xlnx_uvm_package.sv" Line 7897. Ignoring Subprog get_highest_precedence.
WARNING: [XSIM 43-3499] "/proj/primebuilds/9999.0_PRIME_0428_0031/installs/data/system_verilog/uvm_1.2/xlnx_uvm_package.sv" Line 7897. Ignoring Subprog get_highest_precedence.
WARNING: [XSIM 43-3499] "/proj/primebuilds/9999.0_PRIME_0428_0031/installs/data/system_verilog/uvm_1.2/xlnx_uvm_package.sv" Line 7897. Ignoring Subprog get_highest_precedence.
WARNING: [XSIM 43-3499] "/proj/primebuilds/9999.0_PRIME_0428_0031/installs/data/system_verilog/uvm_1.2/xlnx_uvm_package.sv" Line 8168. Ignoring Subprog set_default.
WARNING: [XSIM 43-3499] "/proj/primebuilds/9999.0_PRIME_0428_0031/installs/data/system_verilog/uvm_1.2/xlnx_uvm_package.sv" Line 8187. Ignoring Subprog set.
WARNING: [XSIM 43-3499] "/proj/primebuilds/9999.0_PRIME_0428_0031/installs/data/system_verilog/uvm_1.2/xlnx_uvm_package.sv" Line 8197. Ignoring Subprog set_anonymous.
WARNING: [XSIM 43-3499] "/proj/primebuilds/9999.0_PRIME_0428_0031/installs/data/system_verilog/uvm_1.2/xlnx_uvm_package.sv" Line 8208. Ignoring Subprog set_override.
WARNING: [XSIM 43-3499] "/proj/primebuilds/9999.0_PRIME_0428_0031/installs/data/system_verilog/uvm_1.2/xlnx_uvm_package.sv" Line 8217. Ignoring Subprog set_override_type.
WARNING: [XSIM 43-3499] "/proj/primebuilds/9999.0_PRIME_0428_0031/installs/data/system_verilog/uvm_1.2/xlnx_uvm_package.sv" Line 8227. Ignoring Subprog set_override_name.
WARNING: [XSIM 43-3499] "/proj/primebuilds/9999.0_PRIME_0428_0031/installs/data/system_verilog/uvm_1.2/xlnx_uvm_package.sv" Line 8236. Ignoring Subprog read_by_name.
WARNING: [XSIM 43-3499] "/proj/primebuilds/9999.0_PRIME_0428_0031/installs/data/system_verilog/uvm_1.2/xlnx_uvm_package.sv" Line 8252. Ignoring Subprog read_by_type.
WARNING: [XSIM 43-3499] "/proj/primebuilds/9999.0_PRIME_0428_0031/installs/data/system_verilog/uvm_1.2/xlnx_uvm_package.sv" Line 8268. Ignoring Subprog write_by_name.
WARNING: [XSIM 43-3499] "/proj/primebuilds/9999.0_PRIME_0428_0031/installs/data/system_verilog/uvm_1.2/xlnx_uvm_package.sv" Line 8284. Ignoring Subprog write_by_type.
WARNING: [XSIM 43-3499] "/proj/primebuilds/9999.0_PRIME_0428_0031/installs/data/system_verilog/uvm_1.2/xlnx_uvm_package.sv" Line 8300. Ignoring Subprog dump.
WARNING: [XSIM 43-3499] "/proj/primebuilds/9999.0_PRIME_0428_0031/installs/data/system_verilog/uvm_1.2/xlnx_uvm_package.sv" Line 8168. Ignoring Subprog set_default.
WARNING: [XSIM 43-3499] "/proj/primebuilds/9999.0_PRIME_0428_0031/installs/data/system_verilog/uvm_1.2/xlnx_uvm_package.sv" Line 8187. Ignoring Subprog set.
WARNING: [XSIM 43-3499] "/proj/primebuilds/9999.0_PRIME_0428_0031/installs/data/system_verilog/uvm_1.2/xlnx_uvm_package.sv" Line 8197. Ignoring Subprog set_anonymous.
WARNING: [XSIM 43-3499] "/proj/primebuilds/9999.0_PRIME_0428_0031/installs/data/system_verilog/uvm_1.2/xlnx_uvm_package.sv" Line 8208. Ignoring Subprog set_override.
WARNING: [XSIM 43-3499] "/proj/primebuilds/9999.0_PRIME_0428_0031/installs/data/system_verilog/uvm_1.2/xlnx_uvm_package.sv" Line 8217. Ignoring Subprog set_override_type.
WARNING: [XSIM 43-3499] "/proj/primebuilds/9999.0_PRIME_0428_0031/installs/data/system_verilog/uvm_1.2/xlnx_uvm_package.sv" Line 8227. Ignoring Subprog set_override_name.
WARNING: [XSIM 43-3499] "/proj/primebuilds/9999.0_PRIME_0428_0031/installs/data/system_verilog/uvm_1.2/xlnx_uvm_package.sv" Line 8236. Ignoring Subprog read_by_name.
WARNING: [XSIM 43-3499] "/proj/primebuilds/9999.0_PRIME_0428_0031/installs/data/system_verilog/uvm_1.2/xlnx_uvm_package.sv" Line 8252. Ignoring Subprog read_by_type.
WARNING: [XSIM 43-3499] "/proj/primebuilds/9999.0_PRIME_0428_0031/installs/data/system_verilog/uvm_1.2/xlnx_uvm_package.sv" Line 8268. Ignoring Subprog write_by_name.
WARNING: [XSIM 43-3499] "/proj/primebuilds/9999.0_PRIME_0428_0031/installs/data/system_verilog/uvm_1.2/xlnx_uvm_package.sv" Line 8284. Ignoring Subprog write_by_type.
WARNING: [XSIM 43-3499] "/proj/primebuilds/9999.0_PRIME_0428_0031/installs/data/system_verilog/uvm_1.2/xlnx_uvm_package.sv" Line 8300. Ignoring Subprog dump.
WARNING: [XSIM 43-3499] "/proj/primebuilds/9999.0_PRIME_0428_0031/installs/data/system_verilog/uvm_1.2/xlnx_uvm_package.sv" Line 8168. Ignoring Subprog set_default.
WARNING: [XSIM 43-3499] "/proj/primebuilds/9999.0_PRIME_0428_0031/installs/data/system_verilog/uvm_1.2/xlnx_uvm_package.sv" Line 8187. Ignoring Subprog set.
WARNING: [XSIM 43-3499] "/proj/primebuilds/9999.0_PRIME_0428_0031/installs/data/system_verilog/uvm_1.2/xlnx_uvm_package.sv" Line 8197. Ignoring Subprog set_anonymous.
WARNING: [XSIM 43-3499] "/proj/primebuilds/9999.0_PRIME_0428_0031/installs/data/system_verilog/uvm_1.2/xlnx_uvm_package.sv" Line 8208. Ignoring Subprog set_override.
WARNING: [XSIM 43-3499] "/proj/primebuilds/9999.0_PRIME_0428_0031/installs/data/system_verilog/uvm_1.2/xlnx_uvm_package.sv" Line 8217. Ignoring Subprog set_override_type.
WARNING: [XSIM 43-3499] "/proj/primebuilds/9999.0_PRIME_0428_0031/installs/data/system_verilog/uvm_1.2/xlnx_uvm_package.sv" Line 8227. Ignoring Subprog set_override_name.
WARNING: [XSIM 43-3499] "/proj/primebuilds/9999.0_PRIME_0428_0031/installs/data/system_verilog/uvm_1.2/xlnx_uvm_package.sv" Line 8236. Ignoring Subprog read_by_name.
WARNING: [XSIM 43-3499] "/proj/primebuilds/9999.0_PRIME_0428_0031/installs/data/system_verilog/uvm_1.2/xlnx_uvm_package.sv" Line 8252. Ignoring Subprog read_by_type.
WARNING: [XSIM 43-3499] "/proj/primebuilds/9999.0_PRIME_0428_0031/installs/data/system_verilog/uvm_1.2/xlnx_uvm_package.sv" Line 8268. Ignoring Subprog write_by_name.
WARNING: [XSIM 43-3499] "/proj/primebuilds/9999.0_PRIME_0428_0031/installs/data/system_verilog/uvm_1.2/xlnx_uvm_package.sv" Line 8284. Ignoring Subprog write_by_type.
WARNING: [XSIM 43-3499] "/proj/primebuilds/9999.0_PRIME_0428_0031/installs/data/system_verilog/uvm_1.2/xlnx_uvm_package.sv" Line 8300. Ignoring Subprog dump.
WARNING: [XSIM 43-3499] "/proj/primebuilds/9999.0_PRIME_0428_0031/installs/data/system_verilog/uvm_1.2/xlnx_uvm_package.sv" Line 8168. Ignoring Subprog set_default.
WARNING: [XSIM 43-3499] "/proj/primebuilds/9999.0_PRIME_0428_0031/installs/data/system_verilog/uvm_1.2/xlnx_uvm_package.sv" Line 8187. Ignoring Subprog set.
WARNING: [XSIM 43-3499] "/proj/primebuilds/9999.0_PRIME_0428_0031/installs/data/system_verilog/uvm_1.2/xlnx_uvm_package.sv" Line 8197. Ignoring Subprog set_anonymous.
WARNING: [XSIM 43-3499] "/proj/primebuilds/9999.0_PRIME_0428_0031/installs/data/system_verilog/uvm_1.2/xlnx_uvm_package.sv" Line 8208. Ignoring Subprog set_override.
WARNING: [XSIM 43-3499] "/proj/primebuilds/9999.0_PRIME_0428_0031/installs/data/system_verilog/uvm_1.2/xlnx_uvm_package.sv" Line 8217. Ignoring Subprog set_override_type.
WARNING: [XSIM 43-3499] "/proj/primebuilds/9999.0_PRIME_0428_0031/installs/data/system_verilog/uvm_1.2/xlnx_uvm_package.sv" Line 8227. Ignoring Subprog set_override_name.
WARNING: [XSIM 43-3499] "/proj/primebuilds/9999.0_PRIME_0428_0031/installs/data/system_verilog/uvm_1.2/xlnx_uvm_package.sv" Line 8236. Ignoring Subprog read_by_name.
WARNING: [XSIM 43-3499] "/proj/primebuilds/9999.0_PRIME_0428_0031/installs/data/system_verilog/uvm_1.2/xlnx_uvm_package.sv" Line 8252. Ignoring Subprog read_by_type.
WARNING: [XSIM 43-3499] "/proj/primebuilds/9999.0_PRIME_0428_0031/installs/data/system_verilog/uvm_1.2/xlnx_uvm_package.sv" Line 8268. Ignoring Subprog write_by_name.
WARNING: [XSIM 43-3499] "/proj/primebuilds/9999.0_PRIME_0428_0031/installs/data/system_verilog/uvm_1.2/xlnx_uvm_package.sv" Line 8284. Ignoring Subprog write_by_type.
WARNING: [XSIM 43-3499] "/proj/primebuilds/9999.0_PRIME_0428_0031/installs/data/system_verilog/uvm_1.2/xlnx_uvm_package.sv" Line 8300. Ignoring Subprog dump.
WARNING: [XSIM 43-3499] "/proj/primebuilds/9999.0_PRIME_0428_0031/installs/data/system_verilog/uvm_1.2/xlnx_uvm_package.sv" Line 8168. Ignoring Subprog set_default.
WARNING: [XSIM 43-3499] "/proj/primebuilds/9999.0_PRIME_0428_0031/installs/data/system_verilog/uvm_1.2/xlnx_uvm_package.sv" Line 8187. Ignoring Subprog set.
WARNING: [XSIM 43-3499] "/proj/primebuilds/9999.0_PRIME_0428_0031/installs/data/system_verilog/uvm_1.2/xlnx_uvm_package.sv" Line 8197. Ignoring Subprog set_anonymous.
WARNING: [XSIM 43-3499] "/proj/primebuilds/9999.0_PRIME_0428_0031/installs/data/system_verilog/uvm_1.2/xlnx_uvm_package.sv" Line 8208. Ignoring Subprog set_override.
WARNING: [XSIM 43-3499] "/proj/primebuilds/9999.0_PRIME_0428_0031/installs/data/system_verilog/uvm_1.2/xlnx_uvm_package.sv" Line 8217. Ignoring Subprog set_override_type.
WARNING: [XSIM 43-3499] "/proj/primebuilds/9999.0_PRIME_0428_0031/installs/data/system_verilog/uvm_1.2/xlnx_uvm_package.sv" Line 8227. Ignoring Subprog set_override_name.
WARNING: [XSIM 43-3499] "/proj/primebuilds/9999.0_PRIME_0428_0031/installs/data/system_verilog/uvm_1.2/xlnx_uvm_package.sv" Line 8236. Ignoring Subprog read_by_name.
WARNING: [XSIM 43-3499] "/proj/primebuilds/9999.0_PRIME_0428_0031/installs/data/system_verilog/uvm_1.2/xlnx_uvm_package.sv" Line 8252. Ignoring Subprog read_by_type.
WARNING: [XSIM 43-3499] "/proj/primebuilds/9999.0_PRIME_0428_0031/installs/data/system_verilog/uvm_1.2/xlnx_uvm_package.sv" Line 8268. Ignoring Subprog write_by_name.
WARNING: [XSIM 43-3499] "/proj/primebuilds/9999.0_PRIME_0428_0031/installs/data/system_verilog/uvm_1.2/xlnx_uvm_package.sv" Line 8284. Ignoring Subprog write_by_type.
WARNING: [XSIM 43-3499] "/proj/primebuilds/9999.0_PRIME_0428_0031/installs/data/system_verilog/uvm_1.2/xlnx_uvm_package.sv" Line 8300. Ignoring Subprog dump.
WARNING: [XSIM 43-3499] "/proj/primebuilds/9999.0_PRIME_0428_0031/installs/data/system_verilog/uvm_1.2/xlnx_uvm_package.sv" Line 8168. Ignoring Subprog set_default.
WARNING: [XSIM 43-3499] "/proj/primebuilds/9999.0_PRIME_0428_0031/installs/data/system_verilog/uvm_1.2/xlnx_uvm_package.sv" Line 8187. Ignoring Subprog set.
WARNING: [XSIM 43-3499] "/proj/primebuilds/9999.0_PRIME_0428_0031/installs/data/system_verilog/uvm_1.2/xlnx_uvm_package.sv" Line 8197. Ignoring Subprog set_anonymous.
WARNING: [XSIM 43-3499] "/proj/primebuilds/9999.0_PRIME_0428_0031/installs/data/system_verilog/uvm_1.2/xlnx_uvm_package.sv" Line 8208. Ignoring Subprog set_override.
WARNING: [XSIM 43-3499] "/proj/primebuilds/9999.0_PRIME_0428_0031/installs/data/system_verilog/uvm_1.2/xlnx_uvm_package.sv" Line 8217. Ignoring Subprog set_override_type.
WARNING: [XSIM 43-3499] "/proj/primebuilds/9999.0_PRIME_0428_0031/installs/data/system_verilog/uvm_1.2/xlnx_uvm_package.sv" Line 8227. Ignoring Subprog set_override_name.
WARNING: [XSIM 43-3499] "/proj/primebuilds/9999.0_PRIME_0428_0031/installs/data/system_verilog/uvm_1.2/xlnx_uvm_package.sv" Line 8236. Ignoring Subprog read_by_name.
WARNING: [XSIM 43-3499] "/proj/primebuilds/9999.0_PRIME_0428_0031/installs/data/system_verilog/uvm_1.2/xlnx_uvm_package.sv" Line 8252. Ignoring Subprog read_by_type.
WARNING: [XSIM 43-3499] "/proj/primebuilds/9999.0_PRIME_0428_0031/installs/data/system_verilog/uvm_1.2/xlnx_uvm_package.sv" Line 8268. Ignoring Subprog write_by_name.
WARNING: [XSIM 43-3499] "/proj/primebuilds/9999.0_PRIME_0428_0031/installs/data/system_verilog/uvm_1.2/xlnx_uvm_package.sv" Line 8284. Ignoring Subprog write_by_type.
WARNING: [XSIM 43-3499] "/proj/primebuilds/9999.0_PRIME_0428_0031/installs/data/system_verilog/uvm_1.2/xlnx_uvm_package.sv" Line 8300. Ignoring Subprog dump.
WARNING: [XSIM 43-3499] "/proj/primebuilds/9999.0_PRIME_0428_0031/installs/data/system_verilog/uvm_1.2/xlnx_uvm_package.sv" Line 8168. Ignoring Subprog set_default.
WARNING: [XSIM 43-3499] "/proj/primebuilds/9999.0_PRIME_0428_0031/installs/data/system_verilog/uvm_1.2/xlnx_uvm_package.sv" Line 8187. Ignoring Subprog set.
WARNING: [XSIM 43-3499] "/proj/primebuilds/9999.0_PRIME_0428_0031/installs/data/system_verilog/uvm_1.2/xlnx_uvm_package.sv" Line 8197. Ignoring Subprog set_anonymous.
WARNING: [XSIM 43-3499] "/proj/primebuilds/9999.0_PRIME_0428_0031/installs/data/system_verilog/uvm_1.2/xlnx_uvm_package.sv" Line 8208. Ignoring Subprog set_override.
WARNING: [XSIM 43-3499] "/proj/primebuilds/9999.0_PRIME_0428_0031/installs/data/system_verilog/uvm_1.2/xlnx_uvm_package.sv" Line 8217. Ignoring Subprog set_override_type.
WARNING: [XSIM 43-3499] "/proj/primebuilds/9999.0_PRIME_0428_0031/installs/data/system_verilog/uvm_1.2/xlnx_uvm_package.sv" Line 8227. Ignoring Subprog set_override_name.
WARNING: [XSIM 43-3499] "/proj/primebuilds/9999.0_PRIME_0428_0031/installs/data/system_verilog/uvm_1.2/xlnx_uvm_package.sv" Line 8236. Ignoring Subprog read_by_name.
WARNING: [XSIM 43-3499] "/proj/primebuilds/9999.0_PRIME_0428_0031/installs/data/system_verilog/uvm_1.2/xlnx_uvm_package.sv" Line 8252. Ignoring Subprog read_by_type.
WARNING: [XSIM 43-3499] "/proj/primebuilds/9999.0_PRIME_0428_0031/installs/data/system_verilog/uvm_1.2/xlnx_uvm_package.sv" Line 8268. Ignoring Subprog write_by_name.
WARNING: [XSIM 43-3499] "/proj/primebuilds/9999.0_PRIME_0428_0031/installs/data/system_verilog/uvm_1.2/xlnx_uvm_package.sv" Line 8284. Ignoring Subprog write_by_type.
WARNING: [XSIM 43-3499] "/proj/primebuilds/9999.0_PRIME_0428_0031/installs/data/system_verilog/uvm_1.2/xlnx_uvm_package.sv" Line 8300. Ignoring Subprog dump.
WARNING: [XSIM 43-3499] "/proj/primebuilds/9999.0_PRIME_0428_0031/installs/data/system_verilog/uvm_1.2/xlnx_uvm_package.sv" Line 8168. Ignoring Subprog set_default.
WARNING: [XSIM 43-3499] "/proj/primebuilds/9999.0_PRIME_0428_0031/installs/data/system_verilog/uvm_1.2/xlnx_uvm_package.sv" Line 8197. Ignoring Subprog set_anonymous.
WARNING: [XSIM 43-3499] "/proj/primebuilds/9999.0_PRIME_0428_0031/installs/data/system_verilog/uvm_1.2/xlnx_uvm_package.sv" Line 8208. Ignoring Subprog set_override.
WARNING: [XSIM 43-3499] "/proj/primebuilds/9999.0_PRIME_0428_0031/installs/data/system_verilog/uvm_1.2/xlnx_uvm_package.sv" Line 8217. Ignoring Subprog set_override_type.
WARNING: [XSIM 43-3499] "/proj/primebuilds/9999.0_PRIME_0428_0031/installs/data/system_verilog/uvm_1.2/xlnx_uvm_package.sv" Line 8227. Ignoring Subprog set_override_name.
WARNING: [XSIM 43-3499] "/proj/primebuilds/9999.0_PRIME_0428_0031/installs/data/system_verilog/uvm_1.2/xlnx_uvm_package.sv" Line 8252. Ignoring Subprog read_by_type.
WARNING: [XSIM 43-3499] "/proj/primebuilds/9999.0_PRIME_0428_0031/installs/data/system_verilog/uvm_1.2/xlnx_uvm_package.sv" Line 8268. Ignoring Subprog write_by_name.
WARNING: [XSIM 43-3499] "/proj/primebuilds/9999.0_PRIME_0428_0031/installs/data/system_verilog/uvm_1.2/xlnx_uvm_package.sv" Line 8284. Ignoring Subprog write_by_type.
WARNING: [XSIM 43-3499] "/proj/primebuilds/9999.0_PRIME_0428_0031/installs/data/system_verilog/uvm_1.2/xlnx_uvm_package.sv" Line 8300. Ignoring Subprog dump.
WARNING: [XSIM 43-3499] "/proj/primebuilds/9999.0_PRIME_0428_0031/installs/data/system_verilog/uvm_1.2/xlnx_uvm_package.sv" Line 8168. Ignoring Subprog set_default.
WARNING: [XSIM 43-3499] "/proj/primebuilds/9999.0_PRIME_0428_0031/installs/data/system_verilog/uvm_1.2/xlnx_uvm_package.sv" Line 8197. Ignoring Subprog set_anonymous.
WARNING: [XSIM 43-3499] "/proj/primebuilds/9999.0_PRIME_0428_0031/installs/data/system_verilog/uvm_1.2/xlnx_uvm_package.sv" Line 8208. Ignoring Subprog set_override.
WARNING: [XSIM 43-3499] "/proj/primebuilds/9999.0_PRIME_0428_0031/installs/data/system_verilog/uvm_1.2/xlnx_uvm_package.sv" Line 8217. Ignoring Subprog set_override_type.
WARNING: [XSIM 43-3499] "/proj/primebuilds/9999.0_PRIME_0428_0031/installs/data/system_verilog/uvm_1.2/xlnx_uvm_package.sv" Line 8227. Ignoring Subprog set_override_name.
WARNING: [XSIM 43-3499] "/proj/primebuilds/9999.0_PRIME_0428_0031/installs/data/system_verilog/uvm_1.2/xlnx_uvm_package.sv" Line 8236. Ignoring Subprog read_by_name.
WARNING: [XSIM 43-3499] "/proj/primebuilds/9999.0_PRIME_0428_0031/installs/data/system_verilog/uvm_1.2/xlnx_uvm_package.sv" Line 8252. Ignoring Subprog read_by_type.
WARNING: [XSIM 43-3499] "/proj/primebuilds/9999.0_PRIME_0428_0031/installs/data/system_verilog/uvm_1.2/xlnx_uvm_package.sv" Line 8268. Ignoring Subprog write_by_name.
WARNING: [XSIM 43-3499] "/proj/primebuilds/9999.0_PRIME_0428_0031/installs/data/system_verilog/uvm_1.2/xlnx_uvm_package.sv" Line 8284. Ignoring Subprog write_by_type.
WARNING: [XSIM 43-3499] "/proj/primebuilds/9999.0_PRIME_0428_0031/installs/data/system_verilog/uvm_1.2/xlnx_uvm_package.sv" Line 8300. Ignoring Subprog dump.
WARNING: [XSIM 43-3499] "/proj/primebuilds/9999.0_PRIME_0428_0031/installs/data/system_verilog/uvm_1.2/xlnx_uvm_package.sv" Line 8168. Ignoring Subprog set_default.
WARNING: [XSIM 43-3499] "/proj/primebuilds/9999.0_PRIME_0428_0031/installs/data/system_verilog/uvm_1.2/xlnx_uvm_package.sv" Line 8197. Ignoring Subprog set_anonymous.
WARNING: [XSIM 43-3499] "/proj/primebuilds/9999.0_PRIME_0428_0031/installs/data/system_verilog/uvm_1.2/xlnx_uvm_package.sv" Line 8208. Ignoring Subprog set_override.
WARNING: [XSIM 43-3499] "/proj/primebuilds/9999.0_PRIME_0428_0031/installs/data/system_verilog/uvm_1.2/xlnx_uvm_package.sv" Line 8217. Ignoring Subprog set_override_type.
WARNING: [XSIM 43-3499] "/proj/primebuilds/9999.0_PRIME_0428_0031/installs/data/system_verilog/uvm_1.2/xlnx_uvm_package.sv" Line 8227. Ignoring Subprog set_override_name.
WARNING: [XSIM 43-3499] "/proj/primebuilds/9999.0_PRIME_0428_0031/installs/data/system_verilog/uvm_1.2/xlnx_uvm_package.sv" Line 8236. Ignoring Subprog read_by_name.
WARNING: [XSIM 43-3499] "/proj/primebuilds/9999.0_PRIME_0428_0031/installs/data/system_verilog/uvm_1.2/xlnx_uvm_package.sv" Line 8252. Ignoring Subprog read_by_type.
WARNING: [XSIM 43-3499] "/proj/primebuilds/9999.0_PRIME_0428_0031/installs/data/system_verilog/uvm_1.2/xlnx_uvm_package.sv" Line 8268. Ignoring Subprog write_by_name.
WARNING: [XSIM 43-3499] "/proj/primebuilds/9999.0_PRIME_0428_0031/installs/data/system_verilog/uvm_1.2/xlnx_uvm_package.sv" Line 8284. Ignoring Subprog write_by_type.
WARNING: [XSIM 43-3499] "/proj/primebuilds/9999.0_PRIME_0428_0031/installs/data/system_verilog/uvm_1.2/xlnx_uvm_package.sv" Line 8300. Ignoring Subprog dump.
WARNING: [XSIM 43-3499] "/proj/primebuilds/9999.0_PRIME_0428_0031/installs/data/system_verilog/uvm_1.2/xlnx_uvm_package.sv" Line 8168. Ignoring Subprog set_default.
WARNING: [XSIM 43-3499] "/proj/primebuilds/9999.0_PRIME_0428_0031/installs/data/system_verilog/uvm_1.2/xlnx_uvm_package.sv" Line 8187. Ignoring Subprog set.
WARNING: [XSIM 43-3499] "/proj/primebuilds/9999.0_PRIME_0428_0031/installs/data/system_verilog/uvm_1.2/xlnx_uvm_package.sv" Line 8197. Ignoring Subprog set_anonymous.
WARNING: [XSIM 43-3499] "/proj/primebuilds/9999.0_PRIME_0428_0031/installs/data/system_verilog/uvm_1.2/xlnx_uvm_package.sv" Line 8208. Ignoring Subprog set_override.
WARNING: [XSIM 43-3499] "/proj/primebuilds/9999.0_PRIME_0428_0031/installs/data/system_verilog/uvm_1.2/xlnx_uvm_package.sv" Line 8217. Ignoring Subprog set_override_type.
WARNING: [XSIM 43-3499] "/proj/primebuilds/9999.0_PRIME_0428_0031/installs/data/system_verilog/uvm_1.2/xlnx_uvm_package.sv" Line 8227. Ignoring Subprog set_override_name.
WARNING: [XSIM 43-3499] "/proj/primebuilds/9999.0_PRIME_0428_0031/installs/data/system_verilog/uvm_1.2/xlnx_uvm_package.sv" Line 8236. Ignoring Subprog read_by_name.
WARNING: [XSIM 43-3499] "/proj/primebuilds/9999.0_PRIME_0428_0031/installs/data/system_verilog/uvm_1.2/xlnx_uvm_package.sv" Line 8252. Ignoring Subprog read_by_type.
WARNING: [XSIM 43-3499] "/proj/primebuilds/9999.0_PRIME_0428_0031/installs/data/system_verilog/uvm_1.2/xlnx_uvm_package.sv" Line 8268. Ignoring Subprog write_by_name.
WARNING: [XSIM 43-3499] "/proj/primebuilds/9999.0_PRIME_0428_0031/installs/data/system_verilog/uvm_1.2/xlnx_uvm_package.sv" Line 8284. Ignoring Subprog write_by_type.
WARNING: [XSIM 43-3499] "/proj/primebuilds/9999.0_PRIME_0428_0031/installs/data/system_verilog/uvm_1.2/xlnx_uvm_package.sv" Line 8300. Ignoring Subprog dump.
WARNING: [XSIM 43-3499] "/proj/primebuilds/9999.0_PRIME_0428_0031/installs/data/system_verilog/uvm_1.2/xlnx_uvm_package.sv" Line 8315. Ignoring Subprog turn_on_tracing.
WARNING: [XSIM 43-3499] "/proj/primebuilds/9999.0_PRIME_0428_0031/installs/data/system_verilog/uvm_1.2/xlnx_uvm_package.sv" Line 8321. Ignoring Subprog turn_off_tracing.
WARNING: [XSIM 43-3499] "/proj/primebuilds/9999.0_PRIME_0428_0031/installs/data/system_verilog/uvm_1.2/xlnx_uvm_package.sv" Line 8473. Ignoring Subprog exists.
WARNING: [XSIM 43-3499] "/proj/primebuilds/9999.0_PRIME_0428_0031/installs/data/system_verilog/uvm_1.2/xlnx_uvm_package.sv" Line 8488. Ignoring Subprog wait_modified.
WARNING: [XSIM 43-3499] "/proj/primebuilds/9999.0_PRIME_0428_0031/installs/data/system_verilog/uvm_1.2/xlnx_uvm_package.sv" Line 8473. Ignoring Subprog exists.
WARNING: [XSIM 43-3499] "/proj/primebuilds/9999.0_PRIME_0428_0031/installs/data/system_verilog/uvm_1.2/xlnx_uvm_package.sv" Line 8488. Ignoring Subprog wait_modified.
WARNING: [XSIM 43-3499] "/proj/primebuilds/9999.0_PRIME_0428_0031/installs/data/system_verilog/uvm_1.2/xlnx_uvm_package.sv" Line 8369. Ignoring Subprog get.
WARNING: [XSIM 43-3499] "/proj/primebuilds/9999.0_PRIME_0428_0031/installs/data/system_verilog/uvm_1.2/xlnx_uvm_package.sv" Line 8398. Ignoring Subprog set.
WARNING: [XSIM 43-3499] "/proj/primebuilds/9999.0_PRIME_0428_0031/installs/data/system_verilog/uvm_1.2/xlnx_uvm_package.sv" Line 8488. Ignoring Subprog wait_modified.
WARNING: [XSIM 43-3499] "/proj/primebuilds/9999.0_PRIME_0428_0031/installs/data/system_verilog/uvm_1.2/xlnx_uvm_package.sv" Line 8369. Ignoring Subprog get.
WARNING: [XSIM 43-3499] "/proj/primebuilds/9999.0_PRIME_0428_0031/installs/data/system_verilog/uvm_1.2/xlnx_uvm_package.sv" Line 8488. Ignoring Subprog wait_modified.
WARNING: [XSIM 43-3499] "/proj/primebuilds/9999.0_PRIME_0428_0031/installs/data/system_verilog/uvm_1.2/xlnx_uvm_package.sv" Line 8398. Ignoring Subprog set.
WARNING: [XSIM 43-3499] "/proj/primebuilds/9999.0_PRIME_0428_0031/installs/data/system_verilog/uvm_1.2/xlnx_uvm_package.sv" Line 8473. Ignoring Subprog exists.
WARNING: [XSIM 43-3499] "/proj/primebuilds/9999.0_PRIME_0428_0031/installs/data/system_verilog/uvm_1.2/xlnx_uvm_package.sv" Line 8488. Ignoring Subprog wait_modified.
WARNING: [XSIM 43-3499] "/proj/primebuilds/9999.0_PRIME_0428_0031/installs/data/system_verilog/uvm_1.2/xlnx_uvm_package.sv" Line 8473. Ignoring Subprog exists.
WARNING: [XSIM 43-3499] "/proj/primebuilds/9999.0_PRIME_0428_0031/installs/data/system_verilog/uvm_1.2/xlnx_uvm_package.sv" Line 8488. Ignoring Subprog wait_modified.
WARNING: [XSIM 43-3499] "/proj/primebuilds/9999.0_PRIME_0428_0031/installs/data/system_verilog/uvm_1.2/xlnx_uvm_package.sv" Line 8369. Ignoring Subprog get.
WARNING: [XSIM 43-3499] "/proj/primebuilds/9999.0_PRIME_0428_0031/installs/data/system_verilog/uvm_1.2/xlnx_uvm_package.sv" Line 8473. Ignoring Subprog exists.
WARNING: [XSIM 43-3499] "/proj/primebuilds/9999.0_PRIME_0428_0031/installs/data/system_verilog/uvm_1.2/xlnx_uvm_package.sv" Line 8488. Ignoring Subprog wait_modified.
WARNING: [XSIM 43-3499] "/proj/primebuilds/9999.0_PRIME_0428_0031/installs/data/system_verilog/uvm_1.2/xlnx_uvm_package.sv" Line 8473. Ignoring Subprog exists.
WARNING: [XSIM 43-3499] "/proj/primebuilds/9999.0_PRIME_0428_0031/installs/data/system_verilog/uvm_1.2/xlnx_uvm_package.sv" Line 8488. Ignoring Subprog wait_modified.
WARNING: [XSIM 43-3499] "/proj/primebuilds/9999.0_PRIME_0428_0031/installs/data/system_verilog/uvm_1.2/xlnx_uvm_package.sv" Line 8541. Ignoring Subprog turn_on_tracing.
WARNING: [XSIM 43-3499] "/proj/primebuilds/9999.0_PRIME_0428_0031/installs/data/system_verilog/uvm_1.2/xlnx_uvm_package.sv" Line 8547. Ignoring Subprog turn_off_tracing.
WARNING: [XSIM 43-3499] "/proj/primebuilds/9999.0_PRIME_0428_0031/installs/data/system_verilog/uvm_1.2/xlnx_uvm_package.sv" Line 9383. Ignoring Subprog init.
WARNING: [XSIM 43-3499] "/proj/primebuilds/9999.0_PRIME_0428_0031/installs/data/system_verilog/uvm_1.2/xlnx_uvm_package.sv" Line 9883. Ignoring Subprog set_lhs.
WARNING: [XSIM 43-3499] "/proj/primebuilds/9999.0_PRIME_0428_0031/installs/data/system_verilog/uvm_1.2/xlnx_uvm_package.sv" Line 9891. Ignoring Subprog set_rhs.
WARNING: [XSIM 43-3499] "/proj/primebuilds/9999.0_PRIME_0428_0031/installs/data/system_verilog/uvm_1.2/xlnx_uvm_package.sv" Line 9917. Ignoring Subprog get_type.
WARNING: [XSIM 43-3499] "/proj/primebuilds/9999.0_PRIME_0428_0031/installs/data/system_verilog/uvm_1.2/xlnx_uvm_package.sv" Line 9991. Ignoring Subprog get_type.
WARNING: [XSIM 43-3499] "/proj/primebuilds/9999.0_PRIME_0428_0031/installs/data/system_verilog/uvm_1.2/xlnx_uvm_package.sv" Line 10043. Ignoring Subprog close_db.
WARNING: [XSIM 43-3499] "/proj/primebuilds/9999.0_PRIME_0428_0031/installs/data/system_verilog/uvm_1.2/xlnx_uvm_package.sv" Line 10051. Ignoring Subprog is_open.
WARNING: [XSIM 43-3499] "/proj/primebuilds/9999.0_PRIME_0428_0031/installs/data/system_verilog/uvm_1.2/xlnx_uvm_package.sv" Line 10085. Ignoring Subprog get_streams.
WARNING: [XSIM 43-3499] "/proj/primebuilds/9999.0_PRIME_0428_0031/installs/data/system_verilog/uvm_1.2/xlnx_uvm_package.sv" Line 10157. Ignoring Subprog get_type.
WARNING: [XSIM 43-3499] "/proj/primebuilds/9999.0_PRIME_0428_0031/installs/data/system_verilog/uvm_1.2/xlnx_uvm_package.sv" Line 10360. Ignoring Subprog is_open.
WARNING: [XSIM 43-3499] "/proj/primebuilds/9999.0_PRIME_0428_0031/installs/data/system_verilog/uvm_1.2/xlnx_uvm_package.sv" Line 10399. Ignoring Subprog get_recorders.
WARNING: [XSIM 43-3499] "/proj/primebuilds/9999.0_PRIME_0428_0031/installs/data/system_verilog/uvm_1.2/xlnx_uvm_package.sv" Line 10472. Ignoring Subprog get_type.
WARNING: [XSIM 43-3499] "/proj/primebuilds/9999.0_PRIME_0428_0031/installs/data/system_verilog/uvm_1.2/xlnx_uvm_package.sv" Line 10592. Ignoring Subprog get_open_time.
WARNING: [XSIM 43-3499] "/proj/primebuilds/9999.0_PRIME_0428_0031/installs/data/system_verilog/uvm_1.2/xlnx_uvm_package.sv" Line 10600. Ignoring Subprog get_close_time.
WARNING: [XSIM 43-3499] "/proj/primebuilds/9999.0_PRIME_0428_0031/installs/data/system_verilog/uvm_1.2/xlnx_uvm_package.sv" Line 10682. Ignoring Subprog record_field_real.
WARNING: [XSIM 43-3499] "/proj/primebuilds/9999.0_PRIME_0428_0031/installs/data/system_verilog/uvm_1.2/xlnx_uvm_package.sv" Line 10705. Ignoring Subprog record_time.
WARNING: [XSIM 43-3499] "/proj/primebuilds/9999.0_PRIME_0428_0031/installs/data/system_verilog/uvm_1.2/xlnx_uvm_package.sv" Line 10797. Ignoring Subprog get_type.
WARNING: [XSIM 43-3499] "/proj/primebuilds/9999.0_PRIME_0428_0031/installs/data/system_verilog/uvm_1.2/xlnx_uvm_package.sv" Line 11838. Ignoring Subprog add_by_name.
WARNING: [XSIM 43-3499] "/proj/primebuilds/9999.0_PRIME_0428_0031/installs/data/system_verilog/uvm_1.2/xlnx_uvm_package.sv" Line 11892. Ignoring Subprog delete_by_name.
WARNING: [XSIM 43-3499] "/proj/primebuilds/9999.0_PRIME_0428_0031/installs/data/system_verilog/uvm_1.2/xlnx_uvm_package.sv" Line 11971. Ignoring Subprog display.
WARNING: [XSIM 43-3499] "/proj/primebuilds/9999.0_PRIME_0428_0031/installs/data/system_verilog/uvm_1.2/xlnx_uvm_package.sv" Line 11717. Ignoring Subprog m_register_pair.
WARNING: [XSIM 43-3499] "/proj/primebuilds/9999.0_PRIME_0428_0031/installs/data/system_verilog/uvm_1.2/xlnx_uvm_package.sv" Line 11838. Ignoring Subprog add_by_name.
WARNING: [XSIM 43-3499] "/proj/primebuilds/9999.0_PRIME_0428_0031/installs/data/system_verilog/uvm_1.2/xlnx_uvm_package.sv" Line 11892. Ignoring Subprog delete_by_name.
WARNING: [XSIM 43-3499] "/proj/primebuilds/9999.0_PRIME_0428_0031/installs/data/system_verilog/uvm_1.2/xlnx_uvm_package.sv" Line 11927. Ignoring Subprog get_first.
WARNING: [XSIM 43-3499] "/proj/primebuilds/9999.0_PRIME_0428_0031/installs/data/system_verilog/uvm_1.2/xlnx_uvm_package.sv" Line 11938. Ignoring Subprog get_last.
WARNING: [XSIM 43-3499] "/proj/primebuilds/9999.0_PRIME_0428_0031/installs/data/system_verilog/uvm_1.2/xlnx_uvm_package.sv" Line 11949. Ignoring Subprog get_next.
WARNING: [XSIM 43-3499] "/proj/primebuilds/9999.0_PRIME_0428_0031/installs/data/system_verilog/uvm_1.2/xlnx_uvm_package.sv" Line 11960. Ignoring Subprog get_prev.
WARNING: [XSIM 43-3499] "/proj/primebuilds/9999.0_PRIME_0428_0031/installs/data/system_verilog/uvm_1.2/xlnx_uvm_package.sv" Line 11971. Ignoring Subprog display.
WARNING: [XSIM 43-3499] "/proj/primebuilds/9999.0_PRIME_0428_0031/installs/data/system_verilog/uvm_1.2/xlnx_uvm_package.sv" Line 11838. Ignoring Subprog add_by_name.
WARNING: [XSIM 43-3499] "/proj/primebuilds/9999.0_PRIME_0428_0031/installs/data/system_verilog/uvm_1.2/xlnx_uvm_package.sv" Line 11892. Ignoring Subprog delete_by_name.
WARNING: [XSIM 43-3499] "/proj/primebuilds/9999.0_PRIME_0428_0031/installs/data/system_verilog/uvm_1.2/xlnx_uvm_package.sv" Line 11971. Ignoring Subprog display.
WARNING: [XSIM 43-3499] "/proj/primebuilds/9999.0_PRIME_0428_0031/installs/data/system_verilog/uvm_1.2/xlnx_uvm_package.sv" Line 11717. Ignoring Subprog m_register_pair.
WARNING: [XSIM 43-3499] "/proj/primebuilds/9999.0_PRIME_0428_0031/installs/data/system_verilog/uvm_1.2/xlnx_uvm_package.sv" Line 11838. Ignoring Subprog add_by_name.
WARNING: [XSIM 43-3499] "/proj/primebuilds/9999.0_PRIME_0428_0031/installs/data/system_verilog/uvm_1.2/xlnx_uvm_package.sv" Line 11892. Ignoring Subprog delete_by_name.
WARNING: [XSIM 43-3499] "/proj/primebuilds/9999.0_PRIME_0428_0031/installs/data/system_verilog/uvm_1.2/xlnx_uvm_package.sv" Line 11927. Ignoring Subprog get_first.
WARNING: [XSIM 43-3499] "/proj/primebuilds/9999.0_PRIME_0428_0031/installs/data/system_verilog/uvm_1.2/xlnx_uvm_package.sv" Line 11938. Ignoring Subprog get_last.
WARNING: [XSIM 43-3499] "/proj/primebuilds/9999.0_PRIME_0428_0031/installs/data/system_verilog/uvm_1.2/xlnx_uvm_package.sv" Line 11949. Ignoring Subprog get_next.
WARNING: [XSIM 43-3499] "/proj/primebuilds/9999.0_PRIME_0428_0031/installs/data/system_verilog/uvm_1.2/xlnx_uvm_package.sv" Line 11960. Ignoring Subprog get_prev.
WARNING: [XSIM 43-3499] "/proj/primebuilds/9999.0_PRIME_0428_0031/installs/data/system_verilog/uvm_1.2/xlnx_uvm_package.sv" Line 11971. Ignoring Subprog display.
WARNING: [XSIM 43-3499] "/proj/primebuilds/9999.0_PRIME_0428_0031/installs/data/system_verilog/uvm_1.2/xlnx_uvm_package.sv" Line 11838. Ignoring Subprog add_by_name.
WARNING: [XSIM 43-3499] "/proj/primebuilds/9999.0_PRIME_0428_0031/installs/data/system_verilog/uvm_1.2/xlnx_uvm_package.sv" Line 11892. Ignoring Subprog delete_by_name.
WARNING: [XSIM 43-3499] "/proj/primebuilds/9999.0_PRIME_0428_0031/installs/data/system_verilog/uvm_1.2/xlnx_uvm_package.sv" Line 11971. Ignoring Subprog display.
WARNING: [XSIM 43-3499] "/proj/primebuilds/9999.0_PRIME_0428_0031/installs/data/system_verilog/uvm_1.2/xlnx_uvm_package.sv" Line 11717. Ignoring Subprog m_register_pair.
WARNING: [XSIM 43-3499] "/proj/primebuilds/9999.0_PRIME_0428_0031/installs/data/system_verilog/uvm_1.2/xlnx_uvm_package.sv" Line 11838. Ignoring Subprog add_by_name.
WARNING: [XSIM 43-3499] "/proj/primebuilds/9999.0_PRIME_0428_0031/installs/data/system_verilog/uvm_1.2/xlnx_uvm_package.sv" Line 11892. Ignoring Subprog delete_by_name.
WARNING: [XSIM 43-3499] "/proj/primebuilds/9999.0_PRIME_0428_0031/installs/data/system_verilog/uvm_1.2/xlnx_uvm_package.sv" Line 11927. Ignoring Subprog get_first.
WARNING: [XSIM 43-3499] "/proj/primebuilds/9999.0_PRIME_0428_0031/installs/data/system_verilog/uvm_1.2/xlnx_uvm_package.sv" Line 11938. Ignoring Subprog get_last.
WARNING: [XSIM 43-3499] "/proj/primebuilds/9999.0_PRIME_0428_0031/installs/data/system_verilog/uvm_1.2/xlnx_uvm_package.sv" Line 11949. Ignoring Subprog get_next.
WARNING: [XSIM 43-3499] "/proj/primebuilds/9999.0_PRIME_0428_0031/installs/data/system_verilog/uvm_1.2/xlnx_uvm_package.sv" Line 11960. Ignoring Subprog get_prev.
WARNING: [XSIM 43-3499] "/proj/primebuilds/9999.0_PRIME_0428_0031/installs/data/system_verilog/uvm_1.2/xlnx_uvm_package.sv" Line 11971. Ignoring Subprog display.
WARNING: [XSIM 43-3499] "/proj/primebuilds/9999.0_PRIME_0428_0031/installs/data/system_verilog/uvm_1.2/xlnx_uvm_package.sv" Line 11717. Ignoring Subprog m_register_pair.
WARNING: [XSIM 43-3499] "/proj/primebuilds/9999.0_PRIME_0428_0031/installs/data/system_verilog/uvm_1.2/xlnx_uvm_package.sv" Line 11838. Ignoring Subprog add_by_name.
WARNING: [XSIM 43-3499] "/proj/primebuilds/9999.0_PRIME_0428_0031/installs/data/system_verilog/uvm_1.2/xlnx_uvm_package.sv" Line 11892. Ignoring Subprog delete_by_name.
WARNING: [XSIM 43-3499] "/proj/primebuilds/9999.0_PRIME_0428_0031/installs/data/system_verilog/uvm_1.2/xlnx_uvm_package.sv" Line 11927. Ignoring Subprog get_first.
WARNING: [XSIM 43-3499] "/proj/primebuilds/9999.0_PRIME_0428_0031/installs/data/system_verilog/uvm_1.2/xlnx_uvm_package.sv" Line 11938. Ignoring Subprog get_last.
WARNING: [XSIM 43-3499] "/proj/primebuilds/9999.0_PRIME_0428_0031/installs/data/system_verilog/uvm_1.2/xlnx_uvm_package.sv" Line 11949. Ignoring Subprog get_next.
WARNING: [XSIM 43-3499] "/proj/primebuilds/9999.0_PRIME_0428_0031/installs/data/system_verilog/uvm_1.2/xlnx_uvm_package.sv" Line 11960. Ignoring Subprog get_prev.
WARNING: [XSIM 43-3499] "/proj/primebuilds/9999.0_PRIME_0428_0031/installs/data/system_verilog/uvm_1.2/xlnx_uvm_package.sv" Line 11971. Ignoring Subprog display.
WARNING: [XSIM 43-3499] "/proj/primebuilds/9999.0_PRIME_0428_0031/installs/data/system_verilog/uvm_1.2/xlnx_uvm_package.sv" Line 11838. Ignoring Subprog add_by_name.
WARNING: [XSIM 43-3499] "/proj/primebuilds/9999.0_PRIME_0428_0031/installs/data/system_verilog/uvm_1.2/xlnx_uvm_package.sv" Line 11892. Ignoring Subprog delete_by_name.
WARNING: [XSIM 43-3499] "/proj/primebuilds/9999.0_PRIME_0428_0031/installs/data/system_verilog/uvm_1.2/xlnx_uvm_package.sv" Line 11971. Ignoring Subprog display.
WARNING: [XSIM 43-3499] "/proj/primebuilds/9999.0_PRIME_0428_0031/installs/data/system_verilog/uvm_1.2/xlnx_uvm_package.sv" Line 11717. Ignoring Subprog m_register_pair.
WARNING: [XSIM 43-3499] "/proj/primebuilds/9999.0_PRIME_0428_0031/installs/data/system_verilog/uvm_1.2/xlnx_uvm_package.sv" Line 11838. Ignoring Subprog add_by_name.
WARNING: [XSIM 43-3499] "/proj/primebuilds/9999.0_PRIME_0428_0031/installs/data/system_verilog/uvm_1.2/xlnx_uvm_package.sv" Line 11892. Ignoring Subprog delete_by_name.
WARNING: [XSIM 43-3499] "/proj/primebuilds/9999.0_PRIME_0428_0031/installs/data/system_verilog/uvm_1.2/xlnx_uvm_package.sv" Line 11927. Ignoring Subprog get_first.
WARNING: [XSIM 43-3499] "/proj/primebuilds/9999.0_PRIME_0428_0031/installs/data/system_verilog/uvm_1.2/xlnx_uvm_package.sv" Line 11938. Ignoring Subprog get_last.
WARNING: [XSIM 43-3499] "/proj/primebuilds/9999.0_PRIME_0428_0031/installs/data/system_verilog/uvm_1.2/xlnx_uvm_package.sv" Line 11949. Ignoring Subprog get_next.
WARNING: [XSIM 43-3499] "/proj/primebuilds/9999.0_PRIME_0428_0031/installs/data/system_verilog/uvm_1.2/xlnx_uvm_package.sv" Line 11960. Ignoring Subprog get_prev.
WARNING: [XSIM 43-3499] "/proj/primebuilds/9999.0_PRIME_0428_0031/installs/data/system_verilog/uvm_1.2/xlnx_uvm_package.sv" Line 11971. Ignoring Subprog display.
WARNING: [XSIM 43-3499] "/proj/primebuilds/9999.0_PRIME_0428_0031/installs/data/system_verilog/uvm_1.2/xlnx_uvm_package.sv" Line 11838. Ignoring Subprog add_by_name.
WARNING: [XSIM 43-3499] "/proj/primebuilds/9999.0_PRIME_0428_0031/installs/data/system_verilog/uvm_1.2/xlnx_uvm_package.sv" Line 11892. Ignoring Subprog delete_by_name.
WARNING: [XSIM 43-3499] "/proj/primebuilds/9999.0_PRIME_0428_0031/installs/data/system_verilog/uvm_1.2/xlnx_uvm_package.sv" Line 11971. Ignoring Subprog display.
WARNING: [XSIM 43-3499] "/proj/primebuilds/9999.0_PRIME_0428_0031/installs/data/system_verilog/uvm_1.2/xlnx_uvm_package.sv" Line 11717. Ignoring Subprog m_register_pair.
WARNING: [XSIM 43-3499] "/proj/primebuilds/9999.0_PRIME_0428_0031/installs/data/system_verilog/uvm_1.2/xlnx_uvm_package.sv" Line 11838. Ignoring Subprog add_by_name.
WARNING: [XSIM 43-3499] "/proj/primebuilds/9999.0_PRIME_0428_0031/installs/data/system_verilog/uvm_1.2/xlnx_uvm_package.sv" Line 11892. Ignoring Subprog delete_by_name.
WARNING: [XSIM 43-3499] "/proj/primebuilds/9999.0_PRIME_0428_0031/installs/data/system_verilog/uvm_1.2/xlnx_uvm_package.sv" Line 11927. Ignoring Subprog get_first.
WARNING: [XSIM 43-3499] "/proj/primebuilds/9999.0_PRIME_0428_0031/installs/data/system_verilog/uvm_1.2/xlnx_uvm_package.sv" Line 11938. Ignoring Subprog get_last.
WARNING: [XSIM 43-3499] "/proj/primebuilds/9999.0_PRIME_0428_0031/installs/data/system_verilog/uvm_1.2/xlnx_uvm_package.sv" Line 11949. Ignoring Subprog get_next.
WARNING: [XSIM 43-3499] "/proj/primebuilds/9999.0_PRIME_0428_0031/installs/data/system_verilog/uvm_1.2/xlnx_uvm_package.sv" Line 11960. Ignoring Subprog get_prev.
WARNING: [XSIM 43-3499] "/proj/primebuilds/9999.0_PRIME_0428_0031/installs/data/system_verilog/uvm_1.2/xlnx_uvm_package.sv" Line 11971. Ignoring Subprog display.
WARNING: [XSIM 43-3499] "/proj/primebuilds/9999.0_PRIME_0428_0031/installs/data/system_verilog/uvm_1.2/xlnx_uvm_package.sv" Line 11838. Ignoring Subprog add_by_name.
WARNING: [XSIM 43-3499] "/proj/primebuilds/9999.0_PRIME_0428_0031/installs/data/system_verilog/uvm_1.2/xlnx_uvm_package.sv" Line 11892. Ignoring Subprog delete_by_name.
WARNING: [XSIM 43-3499] "/proj/primebuilds/9999.0_PRIME_0428_0031/installs/data/system_verilog/uvm_1.2/xlnx_uvm_package.sv" Line 11971. Ignoring Subprog display.
WARNING: [XSIM 43-3499] "/proj/primebuilds/9999.0_PRIME_0428_0031/installs/data/system_verilog/uvm_1.2/xlnx_uvm_package.sv" Line 11717. Ignoring Subprog m_register_pair.
WARNING: [XSIM 43-3499] "/proj/primebuilds/9999.0_PRIME_0428_0031/installs/data/system_verilog/uvm_1.2/xlnx_uvm_package.sv" Line 11838. Ignoring Subprog add_by_name.
WARNING: [XSIM 43-3499] "/proj/primebuilds/9999.0_PRIME_0428_0031/installs/data/system_verilog/uvm_1.2/xlnx_uvm_package.sv" Line 11892. Ignoring Subprog delete_by_name.
WARNING: [XSIM 43-3499] "/proj/primebuilds/9999.0_PRIME_0428_0031/installs/data/system_verilog/uvm_1.2/xlnx_uvm_package.sv" Line 11927. Ignoring Subprog get_first.
WARNING: [XSIM 43-3499] "/proj/primebuilds/9999.0_PRIME_0428_0031/installs/data/system_verilog/uvm_1.2/xlnx_uvm_package.sv" Line 11938. Ignoring Subprog get_last.
WARNING: [XSIM 43-3499] "/proj/primebuilds/9999.0_PRIME_0428_0031/installs/data/system_verilog/uvm_1.2/xlnx_uvm_package.sv" Line 11949. Ignoring Subprog get_next.
WARNING: [XSIM 43-3499] "/proj/primebuilds/9999.0_PRIME_0428_0031/installs/data/system_verilog/uvm_1.2/xlnx_uvm_package.sv" Line 11960. Ignoring Subprog get_prev.
WARNING: [XSIM 43-3499] "/proj/primebuilds/9999.0_PRIME_0428_0031/installs/data/system_verilog/uvm_1.2/xlnx_uvm_package.sv" Line 11971. Ignoring Subprog display.
WARNING: [XSIM 43-3499] "/proj/primebuilds/9999.0_PRIME_0428_0031/installs/data/system_verilog/uvm_1.2/xlnx_uvm_package.sv" Line 11838. Ignoring Subprog add_by_name.
WARNING: [XSIM 43-3499] "/proj/primebuilds/9999.0_PRIME_0428_0031/installs/data/system_verilog/uvm_1.2/xlnx_uvm_package.sv" Line 11892. Ignoring Subprog delete_by_name.
WARNING: [XSIM 43-3499] "/proj/primebuilds/9999.0_PRIME_0428_0031/installs/data/system_verilog/uvm_1.2/xlnx_uvm_package.sv" Line 11971. Ignoring Subprog display.
WARNING: [XSIM 43-3499] "/proj/primebuilds/9999.0_PRIME_0428_0031/installs/data/system_verilog/uvm_1.2/xlnx_uvm_package.sv" Line 11717. Ignoring Subprog m_register_pair.
WARNING: [XSIM 43-3499] "/proj/primebuilds/9999.0_PRIME_0428_0031/installs/data/system_verilog/uvm_1.2/xlnx_uvm_package.sv" Line 11838. Ignoring Subprog add_by_name.
WARNING: [XSIM 43-3499] "/proj/primebuilds/9999.0_PRIME_0428_0031/installs/data/system_verilog/uvm_1.2/xlnx_uvm_package.sv" Line 11892. Ignoring Subprog delete_by_name.
WARNING: [XSIM 43-3499] "/proj/primebuilds/9999.0_PRIME_0428_0031/installs/data/system_verilog/uvm_1.2/xlnx_uvm_package.sv" Line 11927. Ignoring Subprog get_first.
WARNING: [XSIM 43-3499] "/proj/primebuilds/9999.0_PRIME_0428_0031/installs/data/system_verilog/uvm_1.2/xlnx_uvm_package.sv" Line 11938. Ignoring Subprog get_last.
WARNING: [XSIM 43-3499] "/proj/primebuilds/9999.0_PRIME_0428_0031/installs/data/system_verilog/uvm_1.2/xlnx_uvm_package.sv" Line 11949. Ignoring Subprog get_next.
WARNING: [XSIM 43-3499] "/proj/primebuilds/9999.0_PRIME_0428_0031/installs/data/system_verilog/uvm_1.2/xlnx_uvm_package.sv" Line 11960. Ignoring Subprog get_prev.
WARNING: [XSIM 43-3499] "/proj/primebuilds/9999.0_PRIME_0428_0031/installs/data/system_verilog/uvm_1.2/xlnx_uvm_package.sv" Line 11971. Ignoring Subprog display.
WARNING: [XSIM 43-3499] "/proj/primebuilds/9999.0_PRIME_0428_0031/installs/data/system_verilog/uvm_1.2/xlnx_uvm_package.sv" Line 11838. Ignoring Subprog add_by_name.
WARNING: [XSIM 43-3499] "/proj/primebuilds/9999.0_PRIME_0428_0031/installs/data/system_verilog/uvm_1.2/xlnx_uvm_package.sv" Line 11892. Ignoring Subprog delete_by_name.
WARNING: [XSIM 43-3499] "/proj/primebuilds/9999.0_PRIME_0428_0031/installs/data/system_verilog/uvm_1.2/xlnx_uvm_package.sv" Line 11971. Ignoring Subprog display.
WARNING: [XSIM 43-3499] "/proj/primebuilds/9999.0_PRIME_0428_0031/installs/data/system_verilog/uvm_1.2/xlnx_uvm_package.sv" Line 11717. Ignoring Subprog m_register_pair.
WARNING: [XSIM 43-3499] "/proj/primebuilds/9999.0_PRIME_0428_0031/installs/data/system_verilog/uvm_1.2/xlnx_uvm_package.sv" Line 11838. Ignoring Subprog add_by_name.
WARNING: [XSIM 43-3499] "/proj/primebuilds/9999.0_PRIME_0428_0031/installs/data/system_verilog/uvm_1.2/xlnx_uvm_package.sv" Line 11892. Ignoring Subprog delete_by_name.
WARNING: [XSIM 43-3499] "/proj/primebuilds/9999.0_PRIME_0428_0031/installs/data/system_verilog/uvm_1.2/xlnx_uvm_package.sv" Line 11927. Ignoring Subprog get_first.
WARNING: [XSIM 43-3499] "/proj/primebuilds/9999.0_PRIME_0428_0031/installs/data/system_verilog/uvm_1.2/xlnx_uvm_package.sv" Line 11938. Ignoring Subprog get_last.
WARNING: [XSIM 43-3499] "/proj/primebuilds/9999.0_PRIME_0428_0031/installs/data/system_verilog/uvm_1.2/xlnx_uvm_package.sv" Line 11949. Ignoring Subprog get_next.
WARNING: [XSIM 43-3499] "/proj/primebuilds/9999.0_PRIME_0428_0031/installs/data/system_verilog/uvm_1.2/xlnx_uvm_package.sv" Line 11960. Ignoring Subprog get_prev.
WARNING: [XSIM 43-3499] "/proj/primebuilds/9999.0_PRIME_0428_0031/installs/data/system_verilog/uvm_1.2/xlnx_uvm_package.sv" Line 11971. Ignoring Subprog display.
WARNING: [XSIM 43-3499] "/proj/primebuilds/9999.0_PRIME_0428_0031/installs/data/system_verilog/uvm_1.2/xlnx_uvm_package.sv" Line 11838. Ignoring Subprog add_by_name.
WARNING: [XSIM 43-3499] "/proj/primebuilds/9999.0_PRIME_0428_0031/installs/data/system_verilog/uvm_1.2/xlnx_uvm_package.sv" Line 11892. Ignoring Subprog delete_by_name.
WARNING: [XSIM 43-3499] "/proj/primebuilds/9999.0_PRIME_0428_0031/installs/data/system_verilog/uvm_1.2/xlnx_uvm_package.sv" Line 11971. Ignoring Subprog display.
WARNING: [XSIM 43-3499] "/proj/primebuilds/9999.0_PRIME_0428_0031/installs/data/system_verilog/uvm_1.2/xlnx_uvm_package.sv" Line 11717. Ignoring Subprog m_register_pair.
WARNING: [XSIM 43-3499] "/proj/primebuilds/9999.0_PRIME_0428_0031/installs/data/system_verilog/uvm_1.2/xlnx_uvm_package.sv" Line 11838. Ignoring Subprog add_by_name.
WARNING: [XSIM 43-3499] "/proj/primebuilds/9999.0_PRIME_0428_0031/installs/data/system_verilog/uvm_1.2/xlnx_uvm_package.sv" Line 11892. Ignoring Subprog delete_by_name.
WARNING: [XSIM 43-3499] "/proj/primebuilds/9999.0_PRIME_0428_0031/installs/data/system_verilog/uvm_1.2/xlnx_uvm_package.sv" Line 11927. Ignoring Subprog get_first.
WARNING: [XSIM 43-3499] "/proj/primebuilds/9999.0_PRIME_0428_0031/installs/data/system_verilog/uvm_1.2/xlnx_uvm_package.sv" Line 11938. Ignoring Subprog get_last.
WARNING: [XSIM 43-3499] "/proj/primebuilds/9999.0_PRIME_0428_0031/installs/data/system_verilog/uvm_1.2/xlnx_uvm_package.sv" Line 11949. Ignoring Subprog get_next.
WARNING: [XSIM 43-3499] "/proj/primebuilds/9999.0_PRIME_0428_0031/installs/data/system_verilog/uvm_1.2/xlnx_uvm_package.sv" Line 11960. Ignoring Subprog get_prev.
WARNING: [XSIM 43-3499] "/proj/primebuilds/9999.0_PRIME_0428_0031/installs/data/system_verilog/uvm_1.2/xlnx_uvm_package.sv" Line 11971. Ignoring Subprog display.
WARNING: [XSIM 43-3499] "/proj/primebuilds/9999.0_PRIME_0428_0031/installs/data/system_verilog/uvm_1.2/xlnx_uvm_package.sv" Line 12043. Ignoring Subprog last.
WARNING: [XSIM 43-3499] "/proj/primebuilds/9999.0_PRIME_0428_0031/installs/data/system_verilog/uvm_1.2/xlnx_uvm_package.sv" Line 12055. Ignoring Subprog prev.
WARNING: [XSIM 43-3499] "/proj/primebuilds/9999.0_PRIME_0428_0031/installs/data/system_verilog/uvm_1.2/xlnx_uvm_package.sv" Line 12061. Ignoring Subprog get_cb.
WARNING: [XSIM 43-3499] "/proj/primebuilds/9999.0_PRIME_0428_0031/installs/data/system_verilog/uvm_1.2/xlnx_uvm_package.sv" Line 12043. Ignoring Subprog last.
WARNING: [XSIM 43-3499] "/proj/primebuilds/9999.0_PRIME_0428_0031/installs/data/system_verilog/uvm_1.2/xlnx_uvm_package.sv" Line 12055. Ignoring Subprog prev.
WARNING: [XSIM 43-3499] "/proj/primebuilds/9999.0_PRIME_0428_0031/installs/data/system_verilog/uvm_1.2/xlnx_uvm_package.sv" Line 12061. Ignoring Subprog get_cb.
WARNING: [XSIM 43-3499] "/proj/primebuilds/9999.0_PRIME_0428_0031/installs/data/system_verilog/uvm_1.2/xlnx_uvm_package.sv" Line 12043. Ignoring Subprog last.
WARNING: [XSIM 43-3499] "/proj/primebuilds/9999.0_PRIME_0428_0031/installs/data/system_verilog/uvm_1.2/xlnx_uvm_package.sv" Line 12055. Ignoring Subprog prev.
WARNING: [XSIM 43-3499] "/proj/primebuilds/9999.0_PRIME_0428_0031/installs/data/system_verilog/uvm_1.2/xlnx_uvm_package.sv" Line 12061. Ignoring Subprog get_cb.
WARNING: [XSIM 43-3499] "/proj/primebuilds/9999.0_PRIME_0428_0031/installs/data/system_verilog/uvm_1.2/xlnx_uvm_package.sv" Line 12043. Ignoring Subprog last.
WARNING: [XSIM 43-3499] "/proj/primebuilds/9999.0_PRIME_0428_0031/installs/data/system_verilog/uvm_1.2/xlnx_uvm_package.sv" Line 12055. Ignoring Subprog prev.
WARNING: [XSIM 43-3499] "/proj/primebuilds/9999.0_PRIME_0428_0031/installs/data/system_verilog/uvm_1.2/xlnx_uvm_package.sv" Line 12061. Ignoring Subprog get_cb.
WARNING: [XSIM 43-3499] "/proj/primebuilds/9999.0_PRIME_0428_0031/installs/data/system_verilog/uvm_1.2/xlnx_uvm_package.sv" Line 12061. Ignoring Subprog get_cb.
WARNING: [XSIM 43-3499] "/proj/primebuilds/9999.0_PRIME_0428_0031/installs/data/system_verilog/uvm_1.2/xlnx_uvm_package.sv" Line 12043. Ignoring Subprog last.
WARNING: [XSIM 43-3499] "/proj/primebuilds/9999.0_PRIME_0428_0031/installs/data/system_verilog/uvm_1.2/xlnx_uvm_package.sv" Line 12055. Ignoring Subprog prev.
WARNING: [XSIM 43-3499] "/proj/primebuilds/9999.0_PRIME_0428_0031/installs/data/system_verilog/uvm_1.2/xlnx_uvm_package.sv" Line 12061. Ignoring Subprog get_cb.
WARNING: [XSIM 43-3499] "/proj/primebuilds/9999.0_PRIME_0428_0031/installs/data/system_verilog/uvm_1.2/xlnx_uvm_package.sv" Line 12043. Ignoring Subprog last.
WARNING: [XSIM 43-3499] "/proj/primebuilds/9999.0_PRIME_0428_0031/installs/data/system_verilog/uvm_1.2/xlnx_uvm_package.sv" Line 12055. Ignoring Subprog prev.
WARNING: [XSIM 43-3499] "/proj/primebuilds/9999.0_PRIME_0428_0031/installs/data/system_verilog/uvm_1.2/xlnx_uvm_package.sv" Line 12061. Ignoring Subprog get_cb.
WARNING: [XSIM 43-3499] "/proj/primebuilds/9999.0_PRIME_0428_0031/installs/data/system_verilog/uvm_1.2/xlnx_uvm_package.sv" Line 12043. Ignoring Subprog last.
WARNING: [XSIM 43-3499] "/proj/primebuilds/9999.0_PRIME_0428_0031/installs/data/system_verilog/uvm_1.2/xlnx_uvm_package.sv" Line 12055. Ignoring Subprog prev.
WARNING: [XSIM 43-3499] "/proj/primebuilds/9999.0_PRIME_0428_0031/installs/data/system_verilog/uvm_1.2/xlnx_uvm_package.sv" Line 12043. Ignoring Subprog last.
WARNING: [XSIM 43-3499] "/proj/primebuilds/9999.0_PRIME_0428_0031/installs/data/system_verilog/uvm_1.2/xlnx_uvm_package.sv" Line 12055. Ignoring Subprog prev.
WARNING: [XSIM 43-3499] "/proj/primebuilds/9999.0_PRIME_0428_0031/installs/data/system_verilog/uvm_1.2/xlnx_uvm_package.sv" Line 12061. Ignoring Subprog get_cb.
WARNING: [XSIM 43-3499] "/proj/primebuilds/9999.0_PRIME_0428_0031/installs/data/system_verilog/uvm_1.2/xlnx_uvm_package.sv" Line 12095. Ignoring Subprog is_enabled.
WARNING: [XSIM 43-3499] "/proj/primebuilds/9999.0_PRIME_0428_0031/installs/data/system_verilog/uvm_1.2/xlnx_uvm_package.sv" Line 12304. Ignoring Subprog get_type.
WARNING: [XSIM 43-3499] "/proj/primebuilds/9999.0_PRIME_0428_0031/installs/data/system_verilog/uvm_1.2/xlnx_uvm_package.sv" Line 12494. Ignoring Subprog get_type.
WARNING: [XSIM 43-3499] "/proj/primebuilds/9999.0_PRIME_0428_0031/installs/data/system_verilog/uvm_1.2/xlnx_uvm_package.sv" Line 12794. Ignoring Subprog get_client.
WARNING: [XSIM 43-3499] "/proj/primebuilds/9999.0_PRIME_0428_0031/installs/data/system_verilog/uvm_1.2/xlnx_uvm_package.sv" Line 12799. Ignoring Subprog get_severity.
WARNING: [XSIM 43-3499] "/proj/primebuilds/9999.0_PRIME_0428_0031/installs/data/system_verilog/uvm_1.2/xlnx_uvm_package.sv" Line 12804. Ignoring Subprog get_context.
WARNING: [XSIM 43-3499] "/proj/primebuilds/9999.0_PRIME_0428_0031/installs/data/system_verilog/uvm_1.2/xlnx_uvm_package.sv" Line 12817. Ignoring Subprog get_verbosity.
WARNING: [XSIM 43-3499] "/proj/primebuilds/9999.0_PRIME_0428_0031/installs/data/system_verilog/uvm_1.2/xlnx_uvm_package.sv" Line 12822. Ignoring Subprog get_id.
WARNING: [XSIM 43-3499] "/proj/primebuilds/9999.0_PRIME_0428_0031/installs/data/system_verilog/uvm_1.2/xlnx_uvm_package.sv" Line 12827. Ignoring Subprog get_message.
WARNING: [XSIM 43-3499] "/proj/primebuilds/9999.0_PRIME_0428_0031/installs/data/system_verilog/uvm_1.2/xlnx_uvm_package.sv" Line 12832. Ignoring Subprog get_action.
WARNING: [XSIM 43-3499] "/proj/primebuilds/9999.0_PRIME_0428_0031/installs/data/system_verilog/uvm_1.2/xlnx_uvm_package.sv" Line 12837. Ignoring Subprog get_fname.
WARNING: [XSIM 43-3499] "/proj/primebuilds/9999.0_PRIME_0428_0031/installs/data/system_verilog/uvm_1.2/xlnx_uvm_package.sv" Line 12842. Ignoring Subprog get_line.
WARNING: [XSIM 43-3499] "/proj/primebuilds/9999.0_PRIME_0428_0031/installs/data/system_verilog/uvm_1.2/xlnx_uvm_package.sv" Line 12847. Ignoring Subprog get_element_container.
WARNING: [XSIM 43-3499] "/proj/primebuilds/9999.0_PRIME_0428_0031/installs/data/system_verilog/uvm_1.2/xlnx_uvm_package.sv" Line 12854. Ignoring Subprog set_severity.
WARNING: [XSIM 43-3499] "/proj/primebuilds/9999.0_PRIME_0428_0031/installs/data/system_verilog/uvm_1.2/xlnx_uvm_package.sv" Line 12859. Ignoring Subprog set_verbosity.
WARNING: [XSIM 43-3499] "/proj/primebuilds/9999.0_PRIME_0428_0031/installs/data/system_verilog/uvm_1.2/xlnx_uvm_package.sv" Line 12864. Ignoring Subprog set_id.
WARNING: [XSIM 43-3499] "/proj/primebuilds/9999.0_PRIME_0428_0031/installs/data/system_verilog/uvm_1.2/xlnx_uvm_package.sv" Line 12869. Ignoring Subprog set_message.
WARNING: [XSIM 43-3499] "/proj/primebuilds/9999.0_PRIME_0428_0031/installs/data/system_verilog/uvm_1.2/xlnx_uvm_package.sv" Line 12874. Ignoring Subprog set_action.
WARNING: [XSIM 43-3499] "/proj/primebuilds/9999.0_PRIME_0428_0031/installs/data/system_verilog/uvm_1.2/xlnx_uvm_package.sv" Line 12880. Ignoring Subprog set_context.
WARNING: [XSIM 43-3499] "/proj/primebuilds/9999.0_PRIME_0428_0031/installs/data/system_verilog/uvm_1.2/xlnx_uvm_package.sv" Line 12885. Ignoring Subprog add_int.
WARNING: [XSIM 43-3499] "/proj/primebuilds/9999.0_PRIME_0428_0031/installs/data/system_verilog/uvm_1.2/xlnx_uvm_package.sv" Line 12891. Ignoring Subprog add_string.
WARNING: [XSIM 43-3499] "/proj/primebuilds/9999.0_PRIME_0428_0031/installs/data/system_verilog/uvm_1.2/xlnx_uvm_package.sv" Line 12897. Ignoring Subprog add_object.
WARNING: [XSIM 43-3499] "/proj/primebuilds/9999.0_PRIME_0428_0031/installs/data/system_verilog/uvm_1.2/xlnx_uvm_package.sv" Line 12904. Ignoring Subprog get_report_catcher.
WARNING: [XSIM 43-3499] "/proj/primebuilds/9999.0_PRIME_0428_0031/installs/data/system_verilog/uvm_1.2/xlnx_uvm_package.sv" Line 12917. Ignoring Subprog print_catcher.
WARNING: [XSIM 43-3499] "/proj/primebuilds/9999.0_PRIME_0428_0031/installs/data/system_verilog/uvm_1.2/xlnx_uvm_package.sv" Line 12942. Ignoring Subprog debug_report_catcher.
WARNING: [XSIM 43-3499] "/proj/primebuilds/9999.0_PRIME_0428_0031/installs/data/system_verilog/uvm_1.2/xlnx_uvm_package.sv" Line 12953. Ignoring Subprog uvm_report_fatal.
WARNING: [XSIM 43-3499] "/proj/primebuilds/9999.0_PRIME_0428_0031/installs/data/system_verilog/uvm_1.2/xlnx_uvm_package.sv" Line 12967. Ignoring Subprog uvm_report_warning.
WARNING: [XSIM 43-3499] "/proj/primebuilds/9999.0_PRIME_0428_0031/installs/data/system_verilog/uvm_1.2/xlnx_uvm_package.sv" Line 12974. Ignoring Subprog uvm_report_info.
WARNING: [XSIM 43-3499] "/proj/primebuilds/9999.0_PRIME_0428_0031/installs/data/system_verilog/uvm_1.2/xlnx_uvm_package.sv" Line 13015. Ignoring Subprog issue.
WARNING: [XSIM 43-3499] "/proj/primebuilds/9999.0_PRIME_0428_0031/installs/data/system_verilog/uvm_1.2/xlnx_uvm_package.sv" Line 13245. Ignoring Subprog set_server.
WARNING: [XSIM 43-3499] "/proj/primebuilds/9999.0_PRIME_0428_0031/installs/data/system_verilog/uvm_1.2/xlnx_uvm_package.sv" Line 13749. Ignoring Subprog get_type.
WARNING: [XSIM 43-3499] "/proj/primebuilds/9999.0_PRIME_0428_0031/installs/data/system_verilog/uvm_1.2/xlnx_uvm_package.sv" Line 14323. Ignoring Subprog uvm_get_report_object.
WARNING: [XSIM 43-3499] "/proj/primebuilds/9999.0_PRIME_0428_0031/installs/data/system_verilog/uvm_1.2/xlnx_uvm_package.sv" Line 14377. Ignoring Subprog get_report_verbosity_level.
WARNING: [XSIM 43-3499] "/proj/primebuilds/9999.0_PRIME_0428_0031/installs/data/system_verilog/uvm_1.2/xlnx_uvm_package.sv" Line 14383. Ignoring Subprog get_report_max_verbosity_level.
WARNING: [XSIM 43-3499] "/proj/primebuilds/9999.0_PRIME_0428_0031/installs/data/system_verilog/uvm_1.2/xlnx_uvm_package.sv" Line 14465. Ignoring Subprog set_report_handler.
WARNING: [XSIM 43-3499] "/proj/primebuilds/9999.0_PRIME_0428_0031/installs/data/system_verilog/uvm_1.2/xlnx_uvm_package.sv" Line 14471. Ignoring Subprog get_report_handler.
WARNING: [XSIM 43-3499] "/proj/primebuilds/9999.0_PRIME_0428_0031/installs/data/system_verilog/uvm_1.2/xlnx_uvm_package.sv" Line 14477. Ignoring Subprog reset_report_handler.
WARNING: [XSIM 43-3499] "/proj/primebuilds/9999.0_PRIME_0428_0031/installs/data/system_verilog/uvm_1.2/xlnx_uvm_package.sv" Line 14541. Ignoring Subprog set_report_max_quit_count.
WARNING: [XSIM 43-3499] "/proj/primebuilds/9999.0_PRIME_0428_0031/installs/data/system_verilog/uvm_1.2/xlnx_uvm_package.sv" Line 14548. Ignoring Subprog get_report_server.
WARNING: [XSIM 43-3499] "/proj/primebuilds/9999.0_PRIME_0428_0031/installs/data/system_verilog/uvm_1.2/xlnx_uvm_package.sv" Line 14555. Ignoring Subprog dump_report_state.
WARNING: [XSIM 43-3499] "/proj/primebuilds/9999.0_PRIME_0428_0031/installs/data/system_verilog/uvm_1.2/xlnx_uvm_package.sv" Line 14820. Ignoring Subprog get_objection.
WARNING: [XSIM 43-3499] "/proj/primebuilds/9999.0_PRIME_0428_0031/installs/data/system_verilog/uvm_1.2/xlnx_uvm_package.sv" Line 14840. Ignoring Subprog get_begin_node.
WARNING: [XSIM 43-3499] "/proj/primebuilds/9999.0_PRIME_0428_0031/installs/data/system_verilog/uvm_1.2/xlnx_uvm_package.sv" Line 14841. Ignoring Subprog get_end_node.
WARNING: [XSIM 43-3499] "/proj/primebuilds/9999.0_PRIME_0428_0031/installs/data/system_verilog/uvm_1.2/xlnx_uvm_package.sv" Line 14846. Ignoring Subprog get_ready_to_end_count.
WARNING: [XSIM 43-3499] "/proj/primebuilds/9999.0_PRIME_0428_0031/installs/data/system_verilog/uvm_1.2/xlnx_uvm_package.sv" Line 15056. Ignoring Subprog get_parent.
WARNING: [XSIM 43-3499] "/proj/primebuilds/9999.0_PRIME_0428_0031/installs/data/system_verilog/uvm_1.2/xlnx_uvm_package.sv" Line 15062. Ignoring Subprog get_imp.
WARNING: [XSIM 43-3499] "/proj/primebuilds/9999.0_PRIME_0428_0031/installs/data/system_verilog/uvm_1.2/xlnx_uvm_package.sv" Line 15150. Ignoring Subprog get_run_count.
WARNING: [XSIM 43-3499] "/proj/primebuilds/9999.0_PRIME_0428_0031/installs/data/system_verilog/uvm_1.2/xlnx_uvm_package.sv" Line 15280. Ignoring Subprog is.
WARNING: [XSIM 43-3499] "/proj/primebuilds/9999.0_PRIME_0428_0031/installs/data/system_verilog/uvm_1.2/xlnx_uvm_package.sv" Line 15286. Ignoring Subprog is_before.
WARNING: [XSIM 43-3499] "/proj/primebuilds/9999.0_PRIME_0428_0031/installs/data/system_verilog/uvm_1.2/xlnx_uvm_package.sv" Line 15587. Ignoring Subprog get_adjacent_predecessor_nodes.
WARNING: [XSIM 43-3499] "/proj/primebuilds/9999.0_PRIME_0428_0031/installs/data/system_verilog/uvm_1.2/xlnx_uvm_package.sv" Line 15905. Ignoring Subprog jump_all.
WARNING: [XSIM 43-3499] "/proj/primebuilds/9999.0_PRIME_0428_0031/installs/data/system_verilog/uvm_1.2/xlnx_uvm_package.sv" Line 15911. Ignoring Subprog get_jump_target.
WARNING: [XSIM 43-3499] "/proj/primebuilds/9999.0_PRIME_0428_0031/installs/data/system_verilog/uvm_1.2/xlnx_uvm_package.sv" Line 16016. Ignoring Subprog m_terminate_phase.
WARNING: [XSIM 43-3499] "/proj/primebuilds/9999.0_PRIME_0428_0031/installs/data/system_verilog/uvm_1.2/xlnx_uvm_package.sv" Line 16023. Ignoring Subprog m_print_termination_state.
WARNING: [XSIM 43-3499] "/proj/primebuilds/9999.0_PRIME_0428_0031/installs/data/system_verilog/uvm_1.2/xlnx_uvm_package.sv" Line 16042. Ignoring Subprog get_type.
WARNING: [XSIM 43-3499] "/proj/primebuilds/9999.0_PRIME_0428_0031/installs/data/system_verilog/uvm_1.2/xlnx_uvm_package.sv" Line 16060. Ignoring Subprog jump_to.
WARNING: [XSIM 43-3499] "/proj/primebuilds/9999.0_PRIME_0428_0031/installs/data/system_verilog/uvm_1.2/xlnx_uvm_package.sv" Line 16128. Ignoring Subprog get_uvm_schedule.
WARNING: [XSIM 43-3499] "/proj/primebuilds/9999.0_PRIME_0428_0031/installs/data/system_verilog/uvm_1.2/xlnx_uvm_package.sv" Line 16221. Ignoring Subprog jump_all.
WARNING: [XSIM 43-3499] "/proj/primebuilds/9999.0_PRIME_0428_0031/installs/data/system_verilog/uvm_1.2/xlnx_uvm_package.sv" Line 17269. Ignoring Subprog set_type_override.
WARNING: [XSIM 43-3499] "/proj/primebuilds/9999.0_PRIME_0428_0031/installs/data/system_verilog/uvm_1.2/xlnx_uvm_package.sv" Line 17277. Ignoring Subprog set_type_override_by_type.
WARNING: [XSIM 43-3499] "/proj/primebuilds/9999.0_PRIME_0428_0031/installs/data/system_verilog/uvm_1.2/xlnx_uvm_package.sv" Line 18514. Ignoring Subprog stop_request.
WARNING: [XSIM 43-3499] "/proj/primebuilds/9999.0_PRIME_0428_0031/installs/data/system_verilog/uvm_1.2/xlnx_uvm_package.sv" Line 19241. Ignoring Subprog trace_mode.
WARNING: [XSIM 43-3499] "/proj/primebuilds/9999.0_PRIME_0428_0031/installs/data/system_verilog/uvm_1.2/xlnx_uvm_package.sv" Line 19304. Ignoring Subprog set_propagate_mode.
WARNING: [XSIM 43-3499] "/proj/primebuilds/9999.0_PRIME_0428_0031/installs/data/system_verilog/uvm_1.2/xlnx_uvm_package.sv" Line 19313. Ignoring Subprog get_propagate_mode.
WARNING: [XSIM 43-3499] "/proj/primebuilds/9999.0_PRIME_0428_0031/installs/data/system_verilog/uvm_1.2/xlnx_uvm_package.sv" Line 19626. Ignoring Subprog set_drain_time.
WARNING: [XSIM 43-3499] "/proj/primebuilds/9999.0_PRIME_0428_0031/installs/data/system_verilog/uvm_1.2/xlnx_uvm_package.sv" Line 19671. Ignoring Subprog get_objectors.
WARNING: [XSIM 43-3499] "/proj/primebuilds/9999.0_PRIME_0428_0031/installs/data/system_verilog/uvm_1.2/xlnx_uvm_package.sv" Line 19701. Ignoring Subprog wait_for_total_count.
WARNING: [XSIM 43-3499] "/proj/primebuilds/9999.0_PRIME_0428_0031/installs/data/system_verilog/uvm_1.2/xlnx_uvm_package.sv" Line 19740. Ignoring Subprog get_drain_time.
WARNING: [XSIM 43-3499] "/proj/primebuilds/9999.0_PRIME_0428_0031/installs/data/system_verilog/uvm_1.2/xlnx_uvm_package.sv" Line 19827. Ignoring Subprog display_objections.
WARNING: [XSIM 43-3499] "/proj/primebuilds/9999.0_PRIME_0428_0031/installs/data/system_verilog/uvm_1.2/xlnx_uvm_package.sv" Line 19835. Ignoring Subprog get_type.
WARNING: [XSIM 43-3499] "/proj/primebuilds/9999.0_PRIME_0428_0031/installs/data/system_verilog/uvm_1.2/xlnx_uvm_package.sv" Line 20018. Ignoring Subprog get_type.
WARNING: [XSIM 43-3499] "/proj/primebuilds/9999.0_PRIME_0428_0031/installs/data/system_verilog/uvm_1.2/xlnx_uvm_package.sv" Line 20307. Ignoring Subprog reset_counts.
WARNING: [XSIM 43-3499] "/proj/primebuilds/9999.0_PRIME_0428_0031/installs/data/system_verilog/uvm_1.2/xlnx_uvm_package.sv" Line 20311. Ignoring Subprog objects_triggered.
WARNING: [XSIM 43-3499] "/proj/primebuilds/9999.0_PRIME_0428_0031/installs/data/system_verilog/uvm_1.2/xlnx_uvm_package.sv" Line 20334. Ignoring Subprog global_stop_request.
WARNING: [XSIM 43-3499] "/proj/primebuilds/9999.0_PRIME_0428_0031/installs/data/system_verilog/uvm_1.2/xlnx_uvm_package.sv" Line 20340. Ignoring Subprog set_global_timeout.
WARNING: [XSIM 43-3499] "/proj/primebuilds/9999.0_PRIME_0428_0031/installs/data/system_verilog/uvm_1.2/xlnx_uvm_package.sv" Line 20348. Ignoring Subprog set_global_stop_timeout.
WARNING: [XSIM 43-3499] "/proj/primebuilds/9999.0_PRIME_0428_0031/installs/data/system_verilog/uvm_1.2/xlnx_uvm_package.sv" Line 20355. Ignoring Subprog uvm_get_report_object.
WARNING: [XSIM 43-3499] "/proj/primebuilds/9999.0_PRIME_0428_0031/installs/data/system_verilog/uvm_1.2/xlnx_uvm_package.sv" Line 20418. Ignoring Subprog uvm_process_report_message.
WARNING: [XSIM 43-3499] "/proj/primebuilds/9999.0_PRIME_0428_0031/installs/data/system_verilog/uvm_1.2/xlnx_uvm_package.sv" Line 20461. Ignoring Subprog set_config_int.
WARNING: [XSIM 43-3499] "/proj/primebuilds/9999.0_PRIME_0428_0031/installs/data/system_verilog/uvm_1.2/xlnx_uvm_package.sv" Line 20473. Ignoring Subprog set_config_object.
WARNING: [XSIM 43-3499] "/proj/primebuilds/9999.0_PRIME_0428_0031/installs/data/system_verilog/uvm_1.2/xlnx_uvm_package.sv" Line 20485. Ignoring Subprog set_config_string.
WARNING: [XSIM 43-3499] "/proj/primebuilds/9999.0_PRIME_0428_0031/installs/data/system_verilog/uvm_1.2/xlnx_uvm_package.sv" Line 20513. Ignoring Subprog uvm_bits_to_string.
WARNING: [XSIM 43-3499] "/proj/primebuilds/9999.0_PRIME_0428_0031/installs/data/system_verilog/uvm_1.2/xlnx_uvm_package.sv" Line 20603. Ignoring Subprog get_plusargs.
WARNING: [XSIM 43-3499] "/proj/primebuilds/9999.0_PRIME_0428_0031/installs/data/system_verilog/uvm_1.2/xlnx_uvm_package.sv" Line 20607. Ignoring Subprog get_uvm_args.
WARNING: [XSIM 43-3499] "/proj/primebuilds/9999.0_PRIME_0428_0031/installs/data/system_verilog/uvm_1.2/xlnx_uvm_package.sv" Line 20611. Ignoring Subprog get_arg_matches.
WARNING: [XSIM 43-3499] "/proj/primebuilds/9999.0_PRIME_0428_0031/installs/data/system_verilog/uvm_1.2/xlnx_uvm_package.sv" Line 20668. Ignoring Subprog get_tool_name.
WARNING: [XSIM 43-3499] "/proj/primebuilds/9999.0_PRIME_0428_0031/installs/data/system_verilog/uvm_1.2/xlnx_uvm_package.sv" Line 20672. Ignoring Subprog get_tool_version.
WARNING: [XSIM 43-3499] "/proj/primebuilds/9999.0_PRIME_0428_0031/installs/data/system_verilog/uvm_1.2/xlnx_uvm_package.sv" Line 20907. Ignoring Subprog get_type.
WARNING: [XSIM 43-3499] "/proj/primebuilds/9999.0_PRIME_0428_0031/installs/data/system_verilog/uvm_1.2/xlnx_uvm_package.sv" Line 20954. Ignoring Subprog is_locked.
WARNING: [XSIM 43-3499] "/proj/primebuilds/9999.0_PRIME_0428_0031/installs/data/system_verilog/uvm_1.2/xlnx_uvm_package.sv" Line 20990. Ignoring Subprog get_type.
WARNING: [XSIM 43-3499] "/proj/primebuilds/9999.0_PRIME_0428_0031/installs/data/system_verilog/uvm_1.2/xlnx_uvm_package.sv" Line 20990. Ignoring Subprog get_type.
WARNING: [XSIM 43-3499] "/proj/primebuilds/9999.0_PRIME_0428_0031/installs/data/system_verilog/uvm_1.2/xlnx_uvm_package.sv" Line 21063. Ignoring Subprog get_type.
WARNING: [XSIM 43-3499] "/proj/primebuilds/9999.0_PRIME_0428_0031/installs/data/system_verilog/uvm_1.2/xlnx_uvm_package.sv" Line 21063. Ignoring Subprog get_type.
WARNING: [XSIM 43-3499] "/proj/primebuilds/9999.0_PRIME_0428_0031/installs/data/system_verilog/uvm_1.2/xlnx_uvm_package.sv" Line 21302. Ignoring Subprog get_port.
WARNING: [XSIM 43-3499] "/proj/primebuilds/9999.0_PRIME_0428_0031/installs/data/system_verilog/uvm_1.2/xlnx_uvm_package.sv" Line 21302. Ignoring Subprog get_port.
WARNING: [XSIM 43-3499] "/proj/primebuilds/9999.0_PRIME_0428_0031/installs/data/system_verilog/uvm_1.2/xlnx_uvm_package.sv" Line 21302. Ignoring Subprog get_port.
WARNING: [XSIM 43-3499] "/proj/primebuilds/9999.0_PRIME_0428_0031/installs/data/system_verilog/uvm_1.2/xlnx_uvm_package.sv" Line 21302. Ignoring Subprog get_port.
WARNING: [XSIM 43-3499] "/proj/primebuilds/9999.0_PRIME_0428_0031/installs/data/system_verilog/uvm_1.2/xlnx_uvm_package.sv" Line 21302. Ignoring Subprog get_port.
WARNING: [XSIM 43-3499] "/proj/primebuilds/9999.0_PRIME_0428_0031/installs/data/system_verilog/uvm_1.2/xlnx_uvm_package.sv" Line 21302. Ignoring Subprog get_port.
WARNING: [XSIM 43-3499] "/proj/primebuilds/9999.0_PRIME_0428_0031/installs/data/system_verilog/uvm_1.2/xlnx_uvm_package.sv" Line 21358. Ignoring Subprog get_name.
WARNING: [XSIM 43-3499] "/proj/primebuilds/9999.0_PRIME_0428_0031/installs/data/system_verilog/uvm_1.2/xlnx_uvm_package.sv" Line 21390. Ignoring Subprog is_unbounded.
WARNING: [XSIM 43-3499] "/proj/primebuilds/9999.0_PRIME_0428_0031/installs/data/system_verilog/uvm_1.2/xlnx_uvm_package.sv" Line 21416. Ignoring Subprog m_get_if_mask.
WARNING: [XSIM 43-3499] "/proj/primebuilds/9999.0_PRIME_0428_0031/installs/data/system_verilog/uvm_1.2/xlnx_uvm_package.sv" Line 21420. Ignoring Subprog set_default_index.
WARNING: [XSIM 43-3499] "/proj/primebuilds/9999.0_PRIME_0428_0031/installs/data/system_verilog/uvm_1.2/xlnx_uvm_package.sv" Line 21358. Ignoring Subprog get_name.
WARNING: [XSIM 43-3499] "/proj/primebuilds/9999.0_PRIME_0428_0031/installs/data/system_verilog/uvm_1.2/xlnx_uvm_package.sv" Line 21390. Ignoring Subprog is_unbounded.
WARNING: [XSIM 43-3499] "/proj/primebuilds/9999.0_PRIME_0428_0031/installs/data/system_verilog/uvm_1.2/xlnx_uvm_package.sv" Line 21416. Ignoring Subprog m_get_if_mask.
WARNING: [XSIM 43-3499] "/proj/primebuilds/9999.0_PRIME_0428_0031/installs/data/system_verilog/uvm_1.2/xlnx_uvm_package.sv" Line 21420. Ignoring Subprog set_default_index.
WARNING: [XSIM 43-3499] "/proj/primebuilds/9999.0_PRIME_0428_0031/installs/data/system_verilog/uvm_1.2/xlnx_uvm_package.sv" Line 21358. Ignoring Subprog get_name.
WARNING: [XSIM 43-3499] "/proj/primebuilds/9999.0_PRIME_0428_0031/installs/data/system_verilog/uvm_1.2/xlnx_uvm_package.sv" Line 21390. Ignoring Subprog is_unbounded.
WARNING: [XSIM 43-3499] "/proj/primebuilds/9999.0_PRIME_0428_0031/installs/data/system_verilog/uvm_1.2/xlnx_uvm_package.sv" Line 21416. Ignoring Subprog m_get_if_mask.
WARNING: [XSIM 43-3499] "/proj/primebuilds/9999.0_PRIME_0428_0031/installs/data/system_verilog/uvm_1.2/xlnx_uvm_package.sv" Line 21420. Ignoring Subprog set_default_index.
WARNING: [XSIM 43-3499] "/proj/primebuilds/9999.0_PRIME_0428_0031/installs/data/system_verilog/uvm_1.2/xlnx_uvm_package.sv" Line 21358. Ignoring Subprog get_name.
WARNING: [XSIM 43-3499] "/proj/primebuilds/9999.0_PRIME_0428_0031/installs/data/system_verilog/uvm_1.2/xlnx_uvm_package.sv" Line 21390. Ignoring Subprog is_unbounded.
WARNING: [XSIM 43-3499] "/proj/primebuilds/9999.0_PRIME_0428_0031/installs/data/system_verilog/uvm_1.2/xlnx_uvm_package.sv" Line 21416. Ignoring Subprog m_get_if_mask.
WARNING: [XSIM 43-3499] "/proj/primebuilds/9999.0_PRIME_0428_0031/installs/data/system_verilog/uvm_1.2/xlnx_uvm_package.sv" Line 21420. Ignoring Subprog set_default_index.
WARNING: [XSIM 43-3499] "/proj/primebuilds/9999.0_PRIME_0428_0031/installs/data/system_verilog/uvm_1.2/xlnx_uvm_package.sv" Line 21358. Ignoring Subprog get_name.
WARNING: [XSIM 43-3499] "/proj/primebuilds/9999.0_PRIME_0428_0031/installs/data/system_verilog/uvm_1.2/xlnx_uvm_package.sv" Line 21390. Ignoring Subprog is_unbounded.
WARNING: [XSIM 43-3499] "/proj/primebuilds/9999.0_PRIME_0428_0031/installs/data/system_verilog/uvm_1.2/xlnx_uvm_package.sv" Line 21416. Ignoring Subprog m_get_if_mask.
WARNING: [XSIM 43-3499] "/proj/primebuilds/9999.0_PRIME_0428_0031/installs/data/system_verilog/uvm_1.2/xlnx_uvm_package.sv" Line 21420. Ignoring Subprog set_default_index.
WARNING: [XSIM 43-3499] "/proj/primebuilds/9999.0_PRIME_0428_0031/installs/data/system_verilog/uvm_1.2/xlnx_uvm_package.sv" Line 21358. Ignoring Subprog get_name.
WARNING: [XSIM 43-3499] "/proj/primebuilds/9999.0_PRIME_0428_0031/installs/data/system_verilog/uvm_1.2/xlnx_uvm_package.sv" Line 21390. Ignoring Subprog is_unbounded.
WARNING: [XSIM 43-3499] "/proj/primebuilds/9999.0_PRIME_0428_0031/installs/data/system_verilog/uvm_1.2/xlnx_uvm_package.sv" Line 21416. Ignoring Subprog m_get_if_mask.
WARNING: [XSIM 43-3499] "/proj/primebuilds/9999.0_PRIME_0428_0031/installs/data/system_verilog/uvm_1.2/xlnx_uvm_package.sv" Line 21420. Ignoring Subprog set_default_index.
WARNING: [XSIM 43-3499] "/proj/primebuilds/9999.0_PRIME_0428_0031/installs/data/system_verilog/uvm_1.2/xlnx_uvm_package.sv" Line 23227. Ignoring Subprog get_type.
WARNING: [XSIM 43-3499] "/proj/primebuilds/9999.0_PRIME_0428_0031/installs/data/system_verilog/uvm_1.2/xlnx_uvm_package.sv" Line 23250. Ignoring Subprog get_use_sequence_info.
WARNING: [XSIM 43-3499] "/proj/primebuilds/9999.0_PRIME_0428_0031/installs/data/system_verilog/uvm_1.2/xlnx_uvm_package.sv" Line 23254. Ignoring Subprog set_id_info.
WARNING: [XSIM 43-3499] "/proj/primebuilds/9999.0_PRIME_0428_0031/installs/data/system_verilog/uvm_1.2/xlnx_uvm_package.sv" Line 23267. Ignoring Subprog get_sequencer.
WARNING: [XSIM 43-3499] "/proj/primebuilds/9999.0_PRIME_0428_0031/installs/data/system_verilog/uvm_1.2/xlnx_uvm_package.sv" Line 24143. Ignoring Subprog set_arbitration.
WARNING: [XSIM 43-3499] "/proj/primebuilds/9999.0_PRIME_0428_0031/installs/data/system_verilog/uvm_1.2/xlnx_uvm_package.sv" Line 24147. Ignoring Subprog get_arbitration.
WARNING: [XSIM 43-3499] "/proj/primebuilds/9999.0_PRIME_0428_0031/installs/data/system_verilog/uvm_1.2/xlnx_uvm_package.sv" Line 24260. Ignoring Subprog remove_sequence.
WARNING: [XSIM 43-3499] "/proj/primebuilds/9999.0_PRIME_0428_0031/installs/data/system_verilog/uvm_1.2/xlnx_uvm_package.sv" Line 24268. Ignoring Subprog set_sequences_queue.
WARNING: [XSIM 43-3499] "/proj/primebuilds/9999.0_PRIME_0428_0031/installs/data/system_verilog/uvm_1.2/xlnx_uvm_package.sv" Line 24336. Ignoring Subprog get_sequence.
WARNING: [XSIM 43-3499] "/proj/primebuilds/9999.0_PRIME_0428_0031/installs/data/system_verilog/uvm_1.2/xlnx_uvm_package.sv" Line 24435. Ignoring Subprog last_req.
WARNING: [XSIM 43-3499] "/proj/primebuilds/9999.0_PRIME_0428_0031/installs/data/system_verilog/uvm_1.2/xlnx_uvm_package.sv" Line 24571. Ignoring Subprog get_num_reqs_sent.
WARNING: [XSIM 43-3499] "/proj/primebuilds/9999.0_PRIME_0428_0031/installs/data/system_verilog/uvm_1.2/xlnx_uvm_package.sv" Line 24575. Ignoring Subprog get_num_rsps_received.
WARNING: [XSIM 43-3499] "/proj/primebuilds/9999.0_PRIME_0428_0031/installs/data/system_verilog/uvm_1.2/xlnx_uvm_package.sv" Line 24579. Ignoring Subprog set_num_last_reqs.
WARNING: [XSIM 43-3499] "/proj/primebuilds/9999.0_PRIME_0428_0031/installs/data/system_verilog/uvm_1.2/xlnx_uvm_package.sv" Line 24594. Ignoring Subprog get_num_last_reqs.
WARNING: [XSIM 43-3499] "/proj/primebuilds/9999.0_PRIME_0428_0031/installs/data/system_verilog/uvm_1.2/xlnx_uvm_package.sv" Line 24608. Ignoring Subprog set_num_last_rsps.
WARNING: [XSIM 43-3499] "/proj/primebuilds/9999.0_PRIME_0428_0031/installs/data/system_verilog/uvm_1.2/xlnx_uvm_package.sv" Line 24623. Ignoring Subprog get_num_last_rsps.
WARNING: [XSIM 43-3499] "/proj/primebuilds/9999.0_PRIME_0428_0031/installs/data/system_verilog/uvm_1.2/xlnx_uvm_package.sv" Line 24435. Ignoring Subprog last_req.
WARNING: [XSIM 43-3499] "/proj/primebuilds/9999.0_PRIME_0428_0031/installs/data/system_verilog/uvm_1.2/xlnx_uvm_package.sv" Line 24571. Ignoring Subprog get_num_reqs_sent.
WARNING: [XSIM 43-3499] "/proj/primebuilds/9999.0_PRIME_0428_0031/installs/data/system_verilog/uvm_1.2/xlnx_uvm_package.sv" Line 24575. Ignoring Subprog get_num_rsps_received.
WARNING: [XSIM 43-3499] "/proj/primebuilds/9999.0_PRIME_0428_0031/installs/data/system_verilog/uvm_1.2/xlnx_uvm_package.sv" Line 24579. Ignoring Subprog set_num_last_reqs.
WARNING: [XSIM 43-3499] "/proj/primebuilds/9999.0_PRIME_0428_0031/installs/data/system_verilog/uvm_1.2/xlnx_uvm_package.sv" Line 24594. Ignoring Subprog get_num_last_reqs.
WARNING: [XSIM 43-3499] "/proj/primebuilds/9999.0_PRIME_0428_0031/installs/data/system_verilog/uvm_1.2/xlnx_uvm_package.sv" Line 24608. Ignoring Subprog set_num_last_rsps.
WARNING: [XSIM 43-3499] "/proj/primebuilds/9999.0_PRIME_0428_0031/installs/data/system_verilog/uvm_1.2/xlnx_uvm_package.sv" Line 24623. Ignoring Subprog get_num_last_rsps.
WARNING: [XSIM 43-3499] "/proj/primebuilds/9999.0_PRIME_0428_0031/installs/data/system_verilog/uvm_1.2/xlnx_uvm_package.sv" Line 24428. Ignoring Subprog get_current_item.
WARNING: [XSIM 43-3499] "/proj/primebuilds/9999.0_PRIME_0428_0031/installs/data/system_verilog/uvm_1.2/xlnx_uvm_package.sv" Line 24435. Ignoring Subprog last_req.
WARNING: [XSIM 43-3499] "/proj/primebuilds/9999.0_PRIME_0428_0031/installs/data/system_verilog/uvm_1.2/xlnx_uvm_package.sv" Line 24571. Ignoring Subprog get_num_reqs_sent.
WARNING: [XSIM 43-3499] "/proj/primebuilds/9999.0_PRIME_0428_0031/installs/data/system_verilog/uvm_1.2/xlnx_uvm_package.sv" Line 24575. Ignoring Subprog get_num_rsps_received.
WARNING: [XSIM 43-3499] "/proj/primebuilds/9999.0_PRIME_0428_0031/installs/data/system_verilog/uvm_1.2/xlnx_uvm_package.sv" Line 24579. Ignoring Subprog set_num_last_reqs.
WARNING: [XSIM 43-3499] "/proj/primebuilds/9999.0_PRIME_0428_0031/installs/data/system_verilog/uvm_1.2/xlnx_uvm_package.sv" Line 24594. Ignoring Subprog get_num_last_reqs.
WARNING: [XSIM 43-3499] "/proj/primebuilds/9999.0_PRIME_0428_0031/installs/data/system_verilog/uvm_1.2/xlnx_uvm_package.sv" Line 24608. Ignoring Subprog set_num_last_rsps.
WARNING: [XSIM 43-3499] "/proj/primebuilds/9999.0_PRIME_0428_0031/installs/data/system_verilog/uvm_1.2/xlnx_uvm_package.sv" Line 24623. Ignoring Subprog get_num_last_rsps.
WARNING: [XSIM 43-3499] "/proj/primebuilds/9999.0_PRIME_0428_0031/installs/data/system_verilog/uvm_1.2/xlnx_uvm_package.sv" Line 24647. Ignoring Subprog get_type.
WARNING: [XSIM 43-3499] "/proj/primebuilds/9999.0_PRIME_0428_0031/installs/data/system_verilog/uvm_1.2/xlnx_uvm_package.sv" Line 24651. Ignoring Subprog item_done_get_trigger_data.
WARNING: [XSIM 43-3499] "/proj/primebuilds/9999.0_PRIME_0428_0031/installs/data/system_verilog/uvm_1.2/xlnx_uvm_package.sv" Line 24779. Ignoring Subprog item_done_trigger.
WARNING: [XSIM 43-3499] "/proj/primebuilds/9999.0_PRIME_0428_0031/installs/data/system_verilog/uvm_1.2/xlnx_uvm_package.sv" Line 24647. Ignoring Subprog get_type.
WARNING: [XSIM 43-3499] "/proj/primebuilds/9999.0_PRIME_0428_0031/installs/data/system_verilog/uvm_1.2/xlnx_uvm_package.sv" Line 24651. Ignoring Subprog item_done_get_trigger_data.
WARNING: [XSIM 43-3499] "/proj/primebuilds/9999.0_PRIME_0428_0031/installs/data/system_verilog/uvm_1.2/xlnx_uvm_package.sv" Line 24779. Ignoring Subprog item_done_trigger.
WARNING: [XSIM 43-3499] "/proj/primebuilds/9999.0_PRIME_0428_0031/installs/data/system_verilog/uvm_1.2/xlnx_uvm_package.sv" Line 24647. Ignoring Subprog get_type.
WARNING: [XSIM 43-3499] "/proj/primebuilds/9999.0_PRIME_0428_0031/installs/data/system_verilog/uvm_1.2/xlnx_uvm_package.sv" Line 24651. Ignoring Subprog item_done_get_trigger_data.
WARNING: [XSIM 43-3499] "/proj/primebuilds/9999.0_PRIME_0428_0031/installs/data/system_verilog/uvm_1.2/xlnx_uvm_package.sv" Line 24779. Ignoring Subprog item_done_trigger.
WARNING: [XSIM 43-3499] "/proj/primebuilds/9999.0_PRIME_0428_0031/installs/data/system_verilog/uvm_1.2/xlnx_uvm_package.sv" Line 24860. Ignoring Subprog get_sequence_state.
WARNING: [XSIM 43-3499] "/proj/primebuilds/9999.0_PRIME_0428_0031/installs/data/system_verilog/uvm_1.2/xlnx_uvm_package.sv" Line 24864. Ignoring Subprog wait_for_sequence_state.
WARNING: [XSIM 43-3499] "/proj/primebuilds/9999.0_PRIME_0428_0031/installs/data/system_verilog/uvm_1.2/xlnx_uvm_package.sv" Line 25110. Ignoring Subprog get_automatic_phase_objection.
WARNING: [XSIM 43-3499] "/proj/primebuilds/9999.0_PRIME_0428_0031/installs/data/system_verilog/uvm_1.2/xlnx_uvm_package.sv" Line 25126. Ignoring Subprog set_priority.
WARNING: [XSIM 43-3499] "/proj/primebuilds/9999.0_PRIME_0428_0031/installs/data/system_verilog/uvm_1.2/xlnx_uvm_package.sv" Line 25130. Ignoring Subprog get_priority.
WARNING: [XSIM 43-3499] "/proj/primebuilds/9999.0_PRIME_0428_0031/installs/data/system_verilog/uvm_1.2/xlnx_uvm_package.sv" Line 25148. Ignoring Subprog lock.
WARNING: [XSIM 43-3499] "/proj/primebuilds/9999.0_PRIME_0428_0031/installs/data/system_verilog/uvm_1.2/xlnx_uvm_package.sv" Line 25158. Ignoring Subprog grab.
WARNING: [XSIM 43-3499] "/proj/primebuilds/9999.0_PRIME_0428_0031/installs/data/system_verilog/uvm_1.2/xlnx_uvm_package.sv" Line 25181. Ignoring Subprog ungrab.
WARNING: [XSIM 43-3499] "/proj/primebuilds/9999.0_PRIME_0428_0031/installs/data/system_verilog/uvm_1.2/xlnx_uvm_package.sv" Line 25185. Ignoring Subprog is_blocked.
WARNING: [XSIM 43-3499] "/proj/primebuilds/9999.0_PRIME_0428_0031/installs/data/system_verilog/uvm_1.2/xlnx_uvm_package.sv" Line 25189. Ignoring Subprog has_lock.
WARNING: [XSIM 43-3499] "/proj/primebuilds/9999.0_PRIME_0428_0031/installs/data/system_verilog/uvm_1.2/xlnx_uvm_package.sv" Line 25228. Ignoring Subprog create_item.
WARNING: [XSIM 43-3499] "/proj/primebuilds/9999.0_PRIME_0428_0031/installs/data/system_verilog/uvm_1.2/xlnx_uvm_package.sv" Line 25325. Ignoring Subprog use_response_handler.
WARNING: [XSIM 43-3499] "/proj/primebuilds/9999.0_PRIME_0428_0031/installs/data/system_verilog/uvm_1.2/xlnx_uvm_package.sv" Line 25329. Ignoring Subprog get_use_response_handler.
WARNING: [XSIM 43-3499] "/proj/primebuilds/9999.0_PRIME_0428_0031/installs/data/system_verilog/uvm_1.2/xlnx_uvm_package.sv" Line 25337. Ignoring Subprog set_response_queue_error_report_disabled.
WARNING: [XSIM 43-3499] "/proj/primebuilds/9999.0_PRIME_0428_0031/installs/data/system_verilog/uvm_1.2/xlnx_uvm_package.sv" Line 25341. Ignoring Subprog get_response_queue_error_report_disabled.
WARNING: [XSIM 43-3499] "/proj/primebuilds/9999.0_PRIME_0428_0031/installs/data/system_verilog/uvm_1.2/xlnx_uvm_package.sv" Line 25345. Ignoring Subprog set_response_queue_depth.
WARNING: [XSIM 43-3499] "/proj/primebuilds/9999.0_PRIME_0428_0031/installs/data/system_verilog/uvm_1.2/xlnx_uvm_package.sv" Line 25349. Ignoring Subprog get_response_queue_depth.
WARNING: [XSIM 43-3499] "/proj/primebuilds/9999.0_PRIME_0428_0031/installs/data/system_verilog/uvm_1.2/xlnx_uvm_package.sv" Line 25412. Ignoring Subprog get_seq_kind.
WARNING: [XSIM 43-3499] "/proj/primebuilds/9999.0_PRIME_0428_0031/installs/data/system_verilog/uvm_1.2/xlnx_uvm_package.sv" Line 25420. Ignoring Subprog get_sequence.
WARNING: [XSIM 43-3499] "/proj/primebuilds/9999.0_PRIME_0428_0031/installs/data/system_verilog/uvm_1.2/xlnx_uvm_package.sv" Line 25438. Ignoring Subprog do_sequence_kind.
WARNING: [XSIM 43-3499] "/proj/primebuilds/9999.0_PRIME_0428_0031/installs/data/system_verilog/uvm_1.2/xlnx_uvm_package.sv" Line 25469. Ignoring Subprog create_and_start_sequence_by_name.
WARNING: [XSIM 43-3499] "/proj/primebuilds/9999.0_PRIME_0428_0031/installs/data/system_verilog/uvm_1.2/xlnx_uvm_package.sv" Line 25523. Ignoring Subprog get_current_item.
WARNING: [XSIM 43-3499] "/proj/primebuilds/9999.0_PRIME_0428_0031/installs/data/system_verilog/uvm_1.2/xlnx_uvm_package.sv" Line 25523. Ignoring Subprog get_current_item.
WARNING: [XSIM 43-3499] "/proj/primebuilds/9999.0_PRIME_0428_0031/installs/data/system_verilog/uvm_1.2/xlnx_uvm_package.sv" Line 26203. Ignoring Subprog get_type.
WARNING: [XSIM 43-3499] "/proj/primebuilds/9999.0_PRIME_0428_0031/installs/data/system_verilog/uvm_1.2/xlnx_uvm_package.sv" Line 26545. Ignoring Subprog set_extension.
WARNING: [XSIM 43-3499] "/proj/primebuilds/9999.0_PRIME_0428_0031/installs/data/system_verilog/uvm_1.2/xlnx_uvm_package.sv" Line 26556. Ignoring Subprog get_num_extensions.
WARNING: [XSIM 43-3499] "/proj/primebuilds/9999.0_PRIME_0428_0031/installs/data/system_verilog/uvm_1.2/xlnx_uvm_package.sv" Line 26562. Ignoring Subprog get_extension.
WARNING: [XSIM 43-3499] "/proj/primebuilds/9999.0_PRIME_0428_0031/installs/data/system_verilog/uvm_1.2/xlnx_uvm_package.sv" Line 26570. Ignoring Subprog clear_extension.
WARNING: [XSIM 43-3499] "/proj/primebuilds/9999.0_PRIME_0428_0031/installs/data/system_verilog/uvm_1.2/xlnx_uvm_package.sv" Line 26579. Ignoring Subprog clear_extensions.
WARNING: [XSIM 43-3499] "/proj/primebuilds/9999.0_PRIME_0428_0031/installs/data/system_verilog/uvm_1.2/xlnx_uvm_package.sv" Line 27278. Ignoring Subprog get_type.
WARNING: [XSIM 43-3499] "/proj/primebuilds/9999.0_PRIME_0428_0031/installs/data/system_verilog/uvm_1.2/xlnx_uvm_package.sv" Line 27596. Ignoring Subprog get_type.
WARNING: [XSIM 43-3499] "/proj/primebuilds/9999.0_PRIME_0428_0031/installs/data/system_verilog/uvm_1.2/xlnx_uvm_package.sv" Line 27783. Ignoring Subprog get_type.
WARNING: [XSIM 43-3499] "/proj/primebuilds/9999.0_PRIME_0428_0031/installs/data/system_verilog/uvm_1.2/xlnx_uvm_package.sv" Line 27844. Ignoring Subprog get_type.
WARNING: [XSIM 43-3499] "/proj/primebuilds/9999.0_PRIME_0428_0031/installs/data/system_verilog/uvm_1.2/xlnx_uvm_package.sv" Line 27921. Ignoring Subprog do_pre_write.
WARNING: [XSIM 43-3499] "/proj/primebuilds/9999.0_PRIME_0428_0031/installs/data/system_verilog/uvm_1.2/xlnx_uvm_package.sv" Line 27929. Ignoring Subprog do_post_write.
WARNING: [XSIM 43-3499] "/proj/primebuilds/9999.0_PRIME_0428_0031/installs/data/system_verilog/uvm_1.2/xlnx_uvm_package.sv" Line 27948. Ignoring Subprog get_type.
WARNING: [XSIM 43-3499] "/proj/primebuilds/9999.0_PRIME_0428_0031/installs/data/system_verilog/uvm_1.2/xlnx_uvm_package.sv" Line 27959. Ignoring Subprog start_update_thread.
WARNING: [XSIM 43-3499] "/proj/primebuilds/9999.0_PRIME_0428_0031/installs/data/system_verilog/uvm_1.2/xlnx_uvm_package.sv" Line 28067. Ignoring Subprog get_type.
WARNING: [XSIM 43-3499] "/proj/primebuilds/9999.0_PRIME_0428_0031/installs/data/system_verilog/uvm_1.2/xlnx_uvm_package.sv" Line 28083. Ignoring Subprog configure.
WARNING: [XSIM 43-3499] "/proj/primebuilds/9999.0_PRIME_0428_0031/installs/data/system_verilog/uvm_1.2/xlnx_uvm_package.sv" Line 28126. Ignoring Subprog get_parent.
WARNING: [XSIM 43-3499] "/proj/primebuilds/9999.0_PRIME_0428_0031/installs/data/system_verilog/uvm_1.2/xlnx_uvm_package.sv" Line 28150. Ignoring Subprog is_known_access.
WARNING: [XSIM 43-3499] "/proj/primebuilds/9999.0_PRIME_0428_0031/installs/data/system_verilog/uvm_1.2/xlnx_uvm_package.sv" Line 28209. Ignoring Subprog set_access.
WARNING: [XSIM 43-3499] "/proj/primebuilds/9999.0_PRIME_0428_0031/installs/data/system_verilog/uvm_1.2/xlnx_uvm_package.sv" Line 28262. Ignoring Subprog set_volatility.
WARNING: [XSIM 43-3499] "/proj/primebuilds/9999.0_PRIME_0428_0031/installs/data/system_verilog/uvm_1.2/xlnx_uvm_package.sv" Line 28266. Ignoring Subprog is_volatile.
WARNING: [XSIM 43-3499] "/proj/primebuilds/9999.0_PRIME_0428_0031/installs/data/system_verilog/uvm_1.2/xlnx_uvm_package.sv" Line 28307. Ignoring Subprog predict.
WARNING: [XSIM 43-3499] "/proj/primebuilds/9999.0_PRIME_0428_0031/installs/data/system_verilog/uvm_1.2/xlnx_uvm_package.sv" Line 28567. Ignoring Subprog write.
WARNING: [XSIM 43-3499] "/proj/primebuilds/9999.0_PRIME_0428_0031/installs/data/system_verilog/uvm_1.2/xlnx_uvm_package.sv" Line 28691. Ignoring Subprog read.
WARNING: [XSIM 43-3499] "/proj/primebuilds/9999.0_PRIME_0428_0031/installs/data/system_verilog/uvm_1.2/xlnx_uvm_package.sv" Line 28888. Ignoring Subprog poke.
WARNING: [XSIM 43-3499] "/proj/primebuilds/9999.0_PRIME_0428_0031/installs/data/system_verilog/uvm_1.2/xlnx_uvm_package.sv" Line 28923. Ignoring Subprog peek.
WARNING: [XSIM 43-3499] "/proj/primebuilds/9999.0_PRIME_0428_0031/installs/data/system_verilog/uvm_1.2/xlnx_uvm_package.sv" Line 28934. Ignoring Subprog mirror.
WARNING: [XSIM 43-3499] "/proj/primebuilds/9999.0_PRIME_0428_0031/installs/data/system_verilog/uvm_1.2/xlnx_uvm_package.sv" Line 28940. Ignoring Subprog set_compare.
WARNING: [XSIM 43-3499] "/proj/primebuilds/9999.0_PRIME_0428_0031/installs/data/system_verilog/uvm_1.2/xlnx_uvm_package.sv" Line 29014. Ignoring Subprog get_type.
WARNING: [XSIM 43-3499] "/proj/primebuilds/9999.0_PRIME_0428_0031/installs/data/system_verilog/uvm_1.2/xlnx_uvm_package.sv" Line 29041. Ignoring Subprog configure.
WARNING: [XSIM 43-3499] "/proj/primebuilds/9999.0_PRIME_0428_0031/installs/data/system_verilog/uvm_1.2/xlnx_uvm_package.sv" Line 29522. Ignoring Subprog XsampleX.
WARNING: [XSIM 43-3499] "/proj/primebuilds/9999.0_PRIME_0428_0031/installs/data/system_verilog/uvm_1.2/xlnx_uvm_package.sv" Line 29553. Ignoring Subprog configure.
WARNING: [XSIM 43-3499] "/proj/primebuilds/9999.0_PRIME_0428_0031/installs/data/system_verilog/uvm_1.2/xlnx_uvm_package.sv" Line 30041. Ignoring Subprog include_coverage.
WARNING: [XSIM 43-3499] "/proj/primebuilds/9999.0_PRIME_0428_0031/installs/data/system_verilog/uvm_1.2/xlnx_uvm_package.sv" Line 30045. Ignoring Subprog build_coverage.
WARNING: [XSIM 43-3499] "/proj/primebuilds/9999.0_PRIME_0428_0031/installs/data/system_verilog/uvm_1.2/xlnx_uvm_package.sv" Line 31320. Ignoring Subprog configure.
WARNING: [XSIM 43-3499] "/proj/primebuilds/9999.0_PRIME_0428_0031/installs/data/system_verilog/uvm_1.2/xlnx_uvm_package.sv" Line 31339. Ignoring Subprog clear_hdl_path.
WARNING: [XSIM 43-3499] "/proj/primebuilds/9999.0_PRIME_0428_0031/installs/data/system_verilog/uvm_1.2/xlnx_uvm_package.sv" Line 31381. Ignoring Subprog get_hdl_path.
WARNING: [XSIM 43-3499] "/proj/primebuilds/9999.0_PRIME_0428_0031/installs/data/system_verilog/uvm_1.2/xlnx_uvm_package.sv" Line 31455. Ignoring Subprog set_default_hdl_path.
WARNING: [XSIM 43-3499] "/proj/primebuilds/9999.0_PRIME_0428_0031/installs/data/system_verilog/uvm_1.2/xlnx_uvm_package.sv" Line 31551. Ignoring Subprog reconfigure.
WARNING: [XSIM 43-3499] "/proj/primebuilds/9999.0_PRIME_0428_0031/installs/data/system_verilog/uvm_1.2/xlnx_uvm_package.sv" Line 31655. Ignoring Subprog release_all_regions.
WARNING: [XSIM 43-3499] "/proj/primebuilds/9999.0_PRIME_0428_0031/installs/data/system_verilog/uvm_1.2/xlnx_uvm_package.sv" Line 31660. Ignoring Subprog convert2string.
WARNING: [XSIM 43-3499] "/proj/primebuilds/9999.0_PRIME_0428_0031/installs/data/system_verilog/uvm_1.2/xlnx_uvm_package.sv" Line 31668. Ignoring Subprog for_each.
WARNING: [XSIM 43-3499] "/proj/primebuilds/9999.0_PRIME_0428_0031/installs/data/system_verilog/uvm_1.2/xlnx_uvm_package.sv" Line 31722. Ignoring Subprog get_len.
WARNING: [XSIM 43-3499] "/proj/primebuilds/9999.0_PRIME_0428_0031/installs/data/system_verilog/uvm_1.2/xlnx_uvm_package.sv" Line 31727. Ignoring Subprog get_n_bytes.
WARNING: [XSIM 43-3499] "/proj/primebuilds/9999.0_PRIME_0428_0031/installs/data/system_verilog/uvm_1.2/xlnx_uvm_package.sv" Line 31732. Ignoring Subprog convert2string.
WARNING: [XSIM 43-3499] "/proj/primebuilds/9999.0_PRIME_0428_0031/installs/data/system_verilog/uvm_1.2/xlnx_uvm_package.sv" Line 31742. Ignoring Subprog get_memory.
WARNING: [XSIM 43-3499] "/proj/primebuilds/9999.0_PRIME_0428_0031/installs/data/system_verilog/uvm_1.2/xlnx_uvm_package.sv" Line 31747. Ignoring Subprog get_virtual_registers.
WARNING: [XSIM 43-3499] "/proj/primebuilds/9999.0_PRIME_0428_0031/installs/data/system_verilog/uvm_1.2/xlnx_uvm_package.sv" Line 31752. Ignoring Subprog write.
WARNING: [XSIM 43-3499] "/proj/primebuilds/9999.0_PRIME_0428_0031/installs/data/system_verilog/uvm_1.2/xlnx_uvm_package.sv" Line 31775. Ignoring Subprog read.
WARNING: [XSIM 43-3499] "/proj/primebuilds/9999.0_PRIME_0428_0031/installs/data/system_verilog/uvm_1.2/xlnx_uvm_package.sv" Line 31797. Ignoring Subprog burst_write.
WARNING: [XSIM 43-3499] "/proj/primebuilds/9999.0_PRIME_0428_0031/installs/data/system_verilog/uvm_1.2/xlnx_uvm_package.sv" Line 31820. Ignoring Subprog burst_read.
WARNING: [XSIM 43-3499] "/proj/primebuilds/9999.0_PRIME_0428_0031/installs/data/system_verilog/uvm_1.2/xlnx_uvm_package.sv" Line 31843. Ignoring Subprog poke.
WARNING: [XSIM 43-3499] "/proj/primebuilds/9999.0_PRIME_0428_0031/installs/data/system_verilog/uvm_1.2/xlnx_uvm_package.sv" Line 31864. Ignoring Subprog peek.
WARNING: [XSIM 43-3499] "/proj/primebuilds/9999.0_PRIME_0428_0031/installs/data/system_verilog/uvm_1.2/xlnx_uvm_package.sv" Line 31993. Ignoring Subprog configure.
WARNING: [XSIM 43-3499] "/proj/primebuilds/9999.0_PRIME_0428_0031/installs/data/system_verilog/uvm_1.2/xlnx_uvm_package.sv" Line 32011. Ignoring Subprog Xlock_modelX.
WARNING: [XSIM 43-3499] "/proj/primebuilds/9999.0_PRIME_0428_0031/installs/data/system_verilog/uvm_1.2/xlnx_uvm_package.sv" Line 32332. Ignoring Subprog is_in_map.
WARNING: [XSIM 43-3499] "/proj/primebuilds/9999.0_PRIME_0428_0031/installs/data/system_verilog/uvm_1.2/xlnx_uvm_package.sv" Line 32768. Ignoring Subprog configure.
WARNING: [XSIM 43-3499] "/proj/primebuilds/9999.0_PRIME_0428_0031/installs/data/system_verilog/uvm_1.2/xlnx_uvm_package.sv" Line 34006. Ignoring Subprog get_type.
WARNING: [XSIM 43-3499] "/proj/primebuilds/9999.0_PRIME_0428_0031/installs/data/system_verilog/uvm_1.2/xlnx_uvm_package.sv" Line 34141. Ignoring Subprog set_auto_predict.
WARNING: [XSIM 43-3499] "/proj/primebuilds/9999.0_PRIME_0428_0031/installs/data/system_verilog/uvm_1.2/xlnx_uvm_package.sv" Line 34144. Ignoring Subprog get_auto_predict.
WARNING: [XSIM 43-3499] "/proj/primebuilds/9999.0_PRIME_0428_0031/installs/data/system_verilog/uvm_1.2/xlnx_uvm_package.sv" Line 34155. Ignoring Subprog get_check_on_read.
WARNING: [XSIM 43-3499] "/proj/primebuilds/9999.0_PRIME_0428_0031/installs/data/system_verilog/uvm_1.2/xlnx_uvm_package.sv" Line 35321. Ignoring Subprog check_data_width.
WARNING: [XSIM 43-3499] "/proj/primebuilds/9999.0_PRIME_0428_0031/installs/data/system_verilog/uvm_1.2/xlnx_uvm_package.sv" Line 35336. Ignoring Subprog configure.
WARNING: [XSIM 43-3499] "/proj/primebuilds/9999.0_PRIME_0428_0031/installs/data/system_verilog/uvm_1.2/xlnx_uvm_package.sv" Line 35410. Ignoring Subprog is_locked.
WARNING: [XSIM 43-3499] "/proj/primebuilds/9999.0_PRIME_0428_0031/installs/data/system_verilog/uvm_1.2/xlnx_uvm_package.sv" Line 35568. Ignoring Subprog get_root_blocks.
WARNING: [XSIM 43-3499] "/proj/primebuilds/9999.0_PRIME_0428_0031/installs/data/system_verilog/uvm_1.2/xlnx_uvm_package.sv" Line 35597. Ignoring Subprog find_block.
WARNING: [XSIM 43-3499] "/proj/primebuilds/9999.0_PRIME_0428_0031/installs/data/system_verilog/uvm_1.2/xlnx_uvm_package.sv" Line 35766. Ignoring Subprog get_vfield_by_name.
WARNING: [XSIM 43-3499] "/proj/primebuilds/9999.0_PRIME_0428_0031/installs/data/system_verilog/uvm_1.2/xlnx_uvm_package.sv" Line 35845. Ignoring Subprog build_coverage.
WARNING: [XSIM 43-3499] "/proj/primebuilds/9999.0_PRIME_0428_0031/installs/data/system_verilog/uvm_1.2/xlnx_uvm_package.sv" Line 36040. Ignoring Subprog add_map.
WARNING: [XSIM 43-3499] "/proj/primebuilds/9999.0_PRIME_0428_0031/installs/data/system_verilog/uvm_1.2/xlnx_uvm_package.sv" Line 36085. Ignoring Subprog set_default_map.
WARNING: [XSIM 43-3499] "/proj/primebuilds/9999.0_PRIME_0428_0031/installs/data/system_verilog/uvm_1.2/xlnx_uvm_package.sv" Line 36121. Ignoring Subprog set_backdoor.
WARNING: [XSIM 43-3499] "/proj/primebuilds/9999.0_PRIME_0428_0031/installs/data/system_verilog/uvm_1.2/xlnx_uvm_package.sv" Line 36147. Ignoring Subprog clear_hdl_path.
WARNING: [XSIM 43-3499] "/proj/primebuilds/9999.0_PRIME_0428_0031/installs/data/system_verilog/uvm_1.2/xlnx_uvm_package.sv" Line 36185. Ignoring Subprog get_hdl_path.
WARNING: [XSIM 43-3499] "/proj/primebuilds/9999.0_PRIME_0428_0031/installs/data/system_verilog/uvm_1.2/xlnx_uvm_package.sv" Line 36261. Ignoring Subprog set_default_hdl_path.
WARNING: [XSIM 43-3499] "/proj/primebuilds/9999.0_PRIME_0428_0031/installs/data/system_verilog/uvm_1.2/xlnx_uvm_package.sv" Line 36275. Ignoring Subprog set_hdl_path_root.
WARNING: [XSIM 43-3499] "/proj/primebuilds/9999.0_PRIME_1102_2129/installs/data/verilog/src/std.sv" Line 64. Ignoring Subprog num.
WARNING: [XSIM 43-3499] "/proj/primebuilds/9999.0_PRIME_1102_2129/installs/data/verilog/src/std.sv" Line 68. Ignoring Subprog put.
WARNING: [XSIM 43-3499] "/proj/primebuilds/9999.0_PRIME_1102_2129/installs/data/verilog/src/std.sv" Line 91. Ignoring Subprog try_get.
WARNING: [XSIM 43-3499] "/proj/primebuilds/9999.0_PRIME_1102_2129/installs/data/verilog/src/std.sv" Line 101. Ignoring Subprog peek.
WARNING: [XSIM 43-3499] "/proj/primebuilds/9999.0_PRIME_1102_2129/installs/data/verilog/src/std.sv" Line 107. Ignoring Subprog try_peek.
WARNING: [XSIM 43-3499] "/proj/primebuilds/9999.0_PRIME_1102_2129/installs/data/verilog/src/std.sv" Line 117. Ignoring Subprog randomize.
WARNING: [XSIM 43-3499] "/proj/primebuilds/9999.0_PRIME_1102_2129/installs/data/verilog/src/std.sv" Line 126. Ignoring Subprog new.
WARNING: [XSIM 43-3499] "/proj/primebuilds/9999.0_PRIME_1102_2129/installs/data/verilog/src/std.sv" Line 156. Ignoring Subprog num.
WARNING: [XSIM 43-3499] "/proj/primebuilds/9999.0_PRIME_1102_2129/installs/data/verilog/src/std.sv" Line 160. Ignoring Subprog put.
WARNING: [XSIM 43-3499] "/proj/primebuilds/9999.0_PRIME_1102_2129/installs/data/verilog/src/std.sv" Line 168. Ignoring Subprog put_string.
WARNING: [XSIM 43-3499] "/proj/primebuilds/9999.0_PRIME_1102_2129/installs/data/verilog/src/std.sv" Line 176. Ignoring Subprog put_real.
WARNING: [XSIM 43-3499] "/proj/primebuilds/9999.0_PRIME_1102_2129/installs/data/verilog/src/std.sv" Line 184. Ignoring Subprog put_generic_item.
WARNING: [XSIM 43-3499] "/proj/primebuilds/9999.0_PRIME_1102_2129/installs/data/verilog/src/std.sv" Line 192. Ignoring Subprog try_put.
WARNING: [XSIM 43-3499] "/proj/primebuilds/9999.0_PRIME_1102_2129/installs/data/verilog/src/std.sv" Line 202. Ignoring Subprog try_put_string.
WARNING: [XSIM 43-3499] "/proj/primebuilds/9999.0_PRIME_1102_2129/installs/data/verilog/src/std.sv" Line 213. Ignoring Subprog try_put_real.
WARNING: [XSIM 43-3499] "/proj/primebuilds/9999.0_PRIME_1102_2129/installs/data/verilog/src/std.sv" Line 223. Ignoring Subprog try_put_generic_item.
WARNING: [XSIM 43-3499] "/proj/primebuilds/9999.0_PRIME_1102_2129/installs/data/verilog/src/std.sv" Line 234. Ignoring Subprog get.
WARNING: [XSIM 43-3499] "/proj/primebuilds/9999.0_PRIME_1102_2129/installs/data/verilog/src/std.sv" Line 257. Ignoring Subprog get_string.
WARNING: [XSIM 43-3499] "/proj/primebuilds/9999.0_PRIME_1102_2129/installs/data/verilog/src/std.sv" Line 275. Ignoring Subprog get_real.
WARNING: [XSIM 43-3499] "/proj/primebuilds/9999.0_PRIME_1102_2129/installs/data/verilog/src/std.sv" Line 294. Ignoring Subprog get_generic_item.
WARNING: [XSIM 43-3499] "/proj/primebuilds/9999.0_PRIME_1102_2129/installs/data/verilog/src/std.sv" Line 312. Ignoring Subprog try_get.
WARNING: [XSIM 43-3499] "/proj/primebuilds/9999.0_PRIME_1102_2129/installs/data/verilog/src/std.sv" Line 328. Ignoring Subprog try_get_string.
WARNING: [XSIM 43-3499] "/proj/primebuilds/9999.0_PRIME_1102_2129/installs/data/verilog/src/std.sv" Line 343. Ignoring Subprog try_get_real.
WARNING: [XSIM 43-3499] "/proj/primebuilds/9999.0_PRIME_1102_2129/installs/data/verilog/src/std.sv" Line 358. Ignoring Subprog try_get_generic_item.
WARNING: [XSIM 43-3499] "/proj/primebuilds/9999.0_PRIME_1102_2129/installs/data/verilog/src/std.sv" Line 374. Ignoring Subprog peek.
WARNING: [XSIM 43-3499] "/proj/primebuilds/9999.0_PRIME_1102_2129/installs/data/verilog/src/std.sv" Line 386. Ignoring Subprog peek_string.
WARNING: [XSIM 43-3499] "/proj/primebuilds/9999.0_PRIME_1102_2129/installs/data/verilog/src/std.sv" Line 401. Ignoring Subprog peek_real.
WARNING: [XSIM 43-3499] "/proj/primebuilds/9999.0_PRIME_1102_2129/installs/data/verilog/src/std.sv" Line 415. Ignoring Subprog peek_generic_item.
WARNING: [XSIM 43-3499] "/proj/primebuilds/9999.0_PRIME_1102_2129/installs/data/verilog/src/std.sv" Line 429. Ignoring Subprog try_peek.
WARNING: [XSIM 43-3499] "/proj/primebuilds/9999.0_PRIME_1102_2129/installs/data/verilog/src/std.sv" Line 442. Ignoring Subprog try_peek_string.
WARNING: [XSIM 43-3499] "/proj/primebuilds/9999.0_PRIME_1102_2129/installs/data/verilog/src/std.sv" Line 455. Ignoring Subprog try_peek_real.
WARNING: [XSIM 43-3499] "/proj/primebuilds/9999.0_PRIME_1102_2129/installs/data/verilog/src/std.sv" Line 468. Ignoring Subprog try_peek_generic_item.
Completed simulation data flow analysis
SDG Object Count: 76922, SDG Object Memory Usage: 8434 KB.
Time Resolution for simulation is 1ps
Compiling package work.$unit_ALU_v_2755002690
WARNING: [XSIM 43-3499] "../src/test/uvm/alu_seq_item.sv" Line 19. Ignoring Subprog get_type.
WARNING: [XSIM 43-3499] "../src/test/uvm/alu_sequence.sv" Line 12. Ignoring Subprog get_type.
WARNING: [XSIM 43-3499] "../src/test/uvm/alu_driver.sv" Line 13. Ignoring Subprog get_type.
WARNING: [XSIM 43-3499] "../src/test/uvm/alu_monitor.sv" Line 13. Ignoring Subprog get_type.
WARNING: [XSIM 43-3499] "../src/test/uvm/alu_agent.sv" Line 13. Ignoring Subprog get_type.
WARNING: [XSIM 43-3499] "../src/test/uvm/alu_scoreboard.sv" Line 13. Ignoring Subprog get_type.
WARNING: [XSIM 43-3499] "../src/test/uvm/alu_env.sv" Line 13. Ignoring Subprog get_type.
WARNING: [XSIM 43-3499] "../src/test/uvm/alu_test.sv" Line 11. Ignoring Subprog get_type.
Compiling package work.alu_tb_config_pkg
Compiling package uvm.uvm_pkg
WARNING: [XSIM 43-3499] "/proj/primebuilds/9999.0_PRIME_0428_0031/installs/data/system_verilog/uvm_1.2/xlnx_uvm_package.sv" Line 4419. Ignoring Subprog uvm_hdl_check_path.
WARNING: [XSIM 43-3499] "/proj/primebuilds/9999.0_PRIME_0428_0031/installs/data/system_verilog/uvm_1.2/xlnx_uvm_package.sv" Line 4431. Ignoring Subprog uvm_hdl_force.
WARNING: [XSIM 43-3499] "/proj/primebuilds/9999.0_PRIME_0428_0031/installs/data/system_verilog/uvm_1.2/xlnx_uvm_package.sv" Line 4437. Ignoring Subprog uvm_hdl_force_time.
WARNING: [XSIM 43-3499] "/proj/primebuilds/9999.0_PRIME_0428_0031/installs/data/system_verilog/uvm_1.2/xlnx_uvm_package.sv" Line 4442. Ignoring Subprog uvm_hdl_release.
WARNING: [XSIM 43-3499] "/proj/primebuilds/9999.0_PRIME_0428_0031/installs/data/system_verilog/uvm_1.2/xlnx_uvm_package.sv" Line 4483. Ignoring Subprog uvm_dpi_get_next_arg.
WARNING: [XSIM 43-3499] "/proj/primebuilds/9999.0_PRIME_0428_0031/installs/data/system_verilog/uvm_1.2/xlnx_uvm_package.sv" Line 4487. Ignoring Subprog uvm_dpi_get_tool_name.
WARNING: [XSIM 43-3499] "/proj/primebuilds/9999.0_PRIME_0428_0031/installs/data/system_verilog/uvm_1.2/xlnx_uvm_package.sv" Line 4491. Ignoring Subprog uvm_dpi_get_tool_version.
WARNING: [XSIM 43-3499] "/proj/primebuilds/9999.0_PRIME_0428_0031/installs/data/system_verilog/uvm_1.2/xlnx_uvm_package.sv" Line 4496. Ignoring Subprog uvm_dpi_regcomp.
WARNING: [XSIM 43-3499] "/proj/primebuilds/9999.0_PRIME_0428_0031/installs/data/system_verilog/uvm_1.2/xlnx_uvm_package.sv" Line 4497. Ignoring Subprog uvm_dpi_regexec.
WARNING: [XSIM 43-3499] "/proj/primebuilds/9999.0_PRIME_0428_0031/installs/data/system_verilog/uvm_1.2/xlnx_uvm_package.sv" Line 4498. Ignoring Subprog uvm_dpi_regfree.
WARNING: [XSIM 43-3499] "/proj/primebuilds/9999.0_PRIME_0428_0031/installs/data/system_verilog/uvm_1.2/xlnx_uvm_package.sv" Line 4556. Ignoring Subprog uvm_dump_re_cache.
WARNING: [XSIM 43-3499] "/proj/primebuilds/9999.0_PRIME_0428_0031/installs/data/system_verilog/uvm_1.2/xlnx_uvm_package.sv" Line 4559. Ignoring Subprog uvm_glob_to_re.
WARNING: [XSIM 43-3499] "/proj/primebuilds/9999.0_PRIME_0428_0031/installs/data/system_verilog/uvm_1.2/xlnx_uvm_package.sv" Line 4725. Ignoring Subprog uvm_radix_to_string.
WARNING: [XSIM 43-3499] "/proj/primebuilds/9999.0_PRIME_0428_0031/installs/data/system_verilog/uvm_1.2/xlnx_uvm_package.sv" Line 4970. Ignoring Subprog get_arg.
WARNING: [XSIM 43-3499] "/proj/primebuilds/9999.0_PRIME_0428_0031/installs/data/system_verilog/uvm_1.2/xlnx_uvm_package.sv" Line 4974. Ignoring Subprog set.
WARNING: [XSIM 43-3499] "/proj/primebuilds/9999.0_PRIME_0428_0031/installs/data/system_verilog/uvm_1.2/xlnx_uvm_package.sv" Line 4986. Ignoring Subprog down_element.
WARNING: [XSIM 43-3499] "/proj/primebuilds/9999.0_PRIME_0428_0031/installs/data/system_verilog/uvm_1.2/xlnx_uvm_package.sv" Line 4991. Ignoring Subprog up_element.
WARNING: [XSIM 43-3499] "/proj/primebuilds/9999.0_PRIME_0428_0031/installs/data/system_verilog/uvm_1.2/xlnx_uvm_package.sv" Line 5022. Ignoring Subprog set_arg_element.
WARNING: [XSIM 43-3499] "/proj/primebuilds/9999.0_PRIME_0428_0031/installs/data/system_verilog/uvm_1.2/xlnx_uvm_package.sv" Line 5060. Ignoring Subprog get_function_type.
WARNING: [XSIM 43-3499] "/proj/primebuilds/9999.0_PRIME_0428_0031/installs/data/system_verilog/uvm_1.2/xlnx_uvm_package.sv" Line 5283. Ignoring Subprog uvm_vector_to_string.
WARNING: [XSIM 43-3499] "/proj/primebuilds/9999.0_PRIME_0428_0031/installs/data/system_verilog/uvm_1.2/xlnx_uvm_package.sv" Line 5287. Ignoring Subprog uvm_get_array_index_int.
WARNING: [XSIM 43-3499] "/proj/primebuilds/9999.0_PRIME_0428_0031/installs/data/system_verilog/uvm_1.2/xlnx_uvm_package.sv" Line 5313. Ignoring Subprog uvm_get_array_index_string.
WARNING: [XSIM 43-3499] "/proj/primebuilds/9999.0_PRIME_0428_0031/installs/data/system_verilog/uvm_1.2/xlnx_uvm_package.sv" Line 5330. Ignoring Subprog uvm_is_array.
WARNING: [XSIM 43-3499] "/proj/primebuilds/9999.0_PRIME_0428_0031/installs/data/system_verilog/uvm_1.2/xlnx_uvm_package.sv" Line 5335. Ignoring Subprog uvm_has_wildcard.
WARNING: [XSIM 43-3499] "/proj/primebuilds/9999.0_PRIME_0428_0031/installs/data/system_verilog/uvm_1.2/xlnx_uvm_package.sv" Line 5431. Ignoring Subprog m_uvm_string_queue_join.
WARNING: [XSIM 43-3499] "/proj/primebuilds/9999.0_PRIME_0428_0031/installs/data/system_verilog/uvm_1.2/xlnx_uvm_package.sv" Line 5472. Ignoring Subprog get_type.
WARNING: [XSIM 43-3499] "/proj/primebuilds/9999.0_PRIME_0428_0031/installs/data/system_verilog/uvm_1.2/xlnx_uvm_package.sv" Line 5488. Ignoring Subprog get_inst_count.
WARNING: [XSIM 43-3499] "/proj/primebuilds/9999.0_PRIME_0428_0031/installs/data/system_verilog/uvm_1.2/xlnx_uvm_package.sv" Line 5722. Ignoring Subprog pack.
WARNING: [XSIM 43-3499] "/proj/primebuilds/9999.0_PRIME_0428_0031/installs/data/system_verilog/uvm_1.2/xlnx_uvm_package.sv" Line 5728. Ignoring Subprog pack_bytes.
WARNING: [XSIM 43-3499] "/proj/primebuilds/9999.0_PRIME_0428_0031/installs/data/system_verilog/uvm_1.2/xlnx_uvm_package.sv" Line 5734. Ignoring Subprog pack_ints.
WARNING: [XSIM 43-3499] "/proj/primebuilds/9999.0_PRIME_0428_0031/installs/data/system_verilog/uvm_1.2/xlnx_uvm_package.sv" Line 5773. Ignoring Subprog unpack.
WARNING: [XSIM 43-3499] "/proj/primebuilds/9999.0_PRIME_0428_0031/installs/data/system_verilog/uvm_1.2/xlnx_uvm_package.sv" Line 5781. Ignoring Subprog unpack_bytes.
WARNING: [XSIM 43-3499] "/proj/primebuilds/9999.0_PRIME_0428_0031/installs/data/system_verilog/uvm_1.2/xlnx_uvm_package.sv" Line 5789. Ignoring Subprog unpack_ints.
WARNING: [XSIM 43-3499] "/proj/primebuilds/9999.0_PRIME_0428_0031/installs/data/system_verilog/uvm_1.2/xlnx_uvm_package.sv" Line 5842. Ignoring Subprog get_global.
WARNING: [XSIM 43-3499] "/proj/primebuilds/9999.0_PRIME_0428_0031/installs/data/system_verilog/uvm_1.2/xlnx_uvm_package.sv" Line 5842. Ignoring Subprog get_global.
WARNING: [XSIM 43-3499] "/proj/primebuilds/9999.0_PRIME_0428_0031/installs/data/system_verilog/uvm_1.2/xlnx_uvm_package.sv" Line 5842. Ignoring Subprog get_global.
WARNING: [XSIM 43-3499] "/proj/primebuilds/9999.0_PRIME_0428_0031/installs/data/system_verilog/uvm_1.2/xlnx_uvm_package.sv" Line 5842. Ignoring Subprog get_global.
WARNING: [XSIM 43-3499] "/proj/primebuilds/9999.0_PRIME_0428_0031/installs/data/system_verilog/uvm_1.2/xlnx_uvm_package.sv" Line 5842. Ignoring Subprog get_global.
WARNING: [XSIM 43-3499] "/proj/primebuilds/9999.0_PRIME_0428_0031/installs/data/system_verilog/uvm_1.2/xlnx_uvm_package.sv" Line 5842. Ignoring Subprog get_global.
WARNING: [XSIM 43-3499] "/proj/primebuilds/9999.0_PRIME_0428_0031/installs/data/system_verilog/uvm_1.2/xlnx_uvm_package.sv" Line 5842. Ignoring Subprog get_global.
WARNING: [XSIM 43-3499] "/proj/primebuilds/9999.0_PRIME_0428_0031/installs/data/system_verilog/uvm_1.2/xlnx_uvm_package.sv" Line 5842. Ignoring Subprog get_global.
WARNING: [XSIM 43-3499] "/proj/primebuilds/9999.0_PRIME_0428_0031/installs/data/system_verilog/uvm_1.2/xlnx_uvm_package.sv" Line 5842. Ignoring Subprog get_global.
WARNING: [XSIM 43-3499] "/proj/primebuilds/9999.0_PRIME_0428_0031/installs/data/system_verilog/uvm_1.2/xlnx_uvm_package.sv" Line 5842. Ignoring Subprog get_global.
WARNING: [XSIM 43-3499] "/proj/primebuilds/9999.0_PRIME_0428_0031/installs/data/system_verilog/uvm_1.2/xlnx_uvm_package.sv" Line 5842. Ignoring Subprog get_global.
WARNING: [XSIM 43-3499] "/proj/primebuilds/9999.0_PRIME_0428_0031/installs/data/system_verilog/uvm_1.2/xlnx_uvm_package.sv" Line 5842. Ignoring Subprog get_global.
WARNING: [XSIM 43-3499] "/proj/primebuilds/9999.0_PRIME_0428_0031/installs/data/system_verilog/uvm_1.2/xlnx_uvm_package.sv" Line 5842. Ignoring Subprog get_global.
WARNING: [XSIM 43-3499] "/proj/primebuilds/9999.0_PRIME_0428_0031/installs/data/system_verilog/uvm_1.2/xlnx_uvm_package.sv" Line 5842. Ignoring Subprog get_global.
WARNING: [XSIM 43-3499] "/proj/primebuilds/9999.0_PRIME_0428_0031/installs/data/system_verilog/uvm_1.2/xlnx_uvm_package.sv" Line 5842. Ignoring Subprog get_global.
WARNING: [XSIM 43-3499] "/proj/primebuilds/9999.0_PRIME_0428_0031/installs/data/system_verilog/uvm_1.2/xlnx_uvm_package.sv" Line 5950. Ignoring Subprog get_global.
WARNING: [XSIM 43-3499] "/proj/primebuilds/9999.0_PRIME_0428_0031/installs/data/system_verilog/uvm_1.2/xlnx_uvm_package.sv" Line 5950. Ignoring Subprog get_global.
WARNING: [XSIM 43-3499] "/proj/primebuilds/9999.0_PRIME_0428_0031/installs/data/system_verilog/uvm_1.2/xlnx_uvm_package.sv" Line 5950. Ignoring Subprog get_global.
WARNING: [XSIM 43-3499] "/proj/primebuilds/9999.0_PRIME_0428_0031/installs/data/system_verilog/uvm_1.2/xlnx_uvm_package.sv" Line 5950. Ignoring Subprog get_global.
WARNING: [XSIM 43-3499] "/proj/primebuilds/9999.0_PRIME_0428_0031/installs/data/system_verilog/uvm_1.2/xlnx_uvm_package.sv" Line 6008. Ignoring Subprog get_global.
WARNING: [XSIM 43-3499] "/proj/primebuilds/9999.0_PRIME_0428_0031/installs/data/system_verilog/uvm_1.2/xlnx_uvm_package.sv" Line 6008. Ignoring Subprog get_global.
WARNING: [XSIM 43-3499] "/proj/primebuilds/9999.0_PRIME_0428_0031/installs/data/system_verilog/uvm_1.2/xlnx_uvm_package.sv" Line 6008. Ignoring Subprog get_global.
WARNING: [XSIM 43-3499] "/proj/primebuilds/9999.0_PRIME_0428_0031/installs/data/system_verilog/uvm_1.2/xlnx_uvm_package.sv" Line 6008. Ignoring Subprog get_global.
WARNING: [XSIM 43-3499] "/proj/primebuilds/9999.0_PRIME_0428_0031/installs/data/system_verilog/uvm_1.2/xlnx_uvm_package.sv" Line 6008. Ignoring Subprog get_global.
WARNING: [XSIM 43-3499] "/proj/primebuilds/9999.0_PRIME_0428_0031/installs/data/system_verilog/uvm_1.2/xlnx_uvm_package.sv" Line 6099. Ignoring Subprog get.
WARNING: [XSIM 43-3499] "/proj/primebuilds/9999.0_PRIME_0428_0031/installs/data/system_verilog/uvm_1.2/xlnx_uvm_package.sv" Line 6899. Ignoring Subprog create.
WARNING: [XSIM 43-3499] "/proj/primebuilds/9999.0_PRIME_0428_0031/installs/data/system_verilog/uvm_1.2/xlnx_uvm_package.sv" Line 6913. Ignoring Subprog set_type_override.
WARNING: [XSIM 43-3499] "/proj/primebuilds/9999.0_PRIME_0428_0031/installs/data/system_verilog/uvm_1.2/xlnx_uvm_package.sv" Line 6919. Ignoring Subprog set_inst_override.
WARNING: [XSIM 43-3499] "/proj/primebuilds/9999.0_PRIME_0428_0031/installs/data/system_verilog/uvm_1.2/xlnx_uvm_package.sv" Line 6899. Ignoring Subprog create.
WARNING: [XSIM 43-3499] "/proj/primebuilds/9999.0_PRIME_0428_0031/installs/data/system_verilog/uvm_1.2/xlnx_uvm_package.sv" Line 6913. Ignoring Subprog set_type_override.
WARNING: [XSIM 43-3499] "/proj/primebuilds/9999.0_PRIME_0428_0031/installs/data/system_verilog/uvm_1.2/xlnx_uvm_package.sv" Line 6919. Ignoring Subprog set_inst_override.
WARNING: [XSIM 43-3499] "/proj/primebuilds/9999.0_PRIME_0428_0031/installs/data/system_verilog/uvm_1.2/xlnx_uvm_package.sv" Line 6913. Ignoring Subprog set_type_override.
WARNING: [XSIM 43-3499] "/proj/primebuilds/9999.0_PRIME_0428_0031/installs/data/system_verilog/uvm_1.2/xlnx_uvm_package.sv" Line 6919. Ignoring Subprog set_inst_override.
WARNING: [XSIM 43-3499] "/proj/primebuilds/9999.0_PRIME_0428_0031/installs/data/system_verilog/uvm_1.2/xlnx_uvm_package.sv" Line 6913. Ignoring Subprog set_type_override.
WARNING: [XSIM 43-3499] "/proj/primebuilds/9999.0_PRIME_0428_0031/installs/data/system_verilog/uvm_1.2/xlnx_uvm_package.sv" Line 6919. Ignoring Subprog set_inst_override.
WARNING: [XSIM 43-3499] "/proj/primebuilds/9999.0_PRIME_0428_0031/installs/data/system_verilog/uvm_1.2/xlnx_uvm_package.sv" Line 6913. Ignoring Subprog set_type_override.
WARNING: [XSIM 43-3499] "/proj/primebuilds/9999.0_PRIME_0428_0031/installs/data/system_verilog/uvm_1.2/xlnx_uvm_package.sv" Line 6919. Ignoring Subprog set_inst_override.
WARNING: [XSIM 43-3499] "/proj/primebuilds/9999.0_PRIME_0428_0031/installs/data/system_verilog/uvm_1.2/xlnx_uvm_package.sv" Line 6913. Ignoring Subprog set_type_override.
WARNING: [XSIM 43-3499] "/proj/primebuilds/9999.0_PRIME_0428_0031/installs/data/system_verilog/uvm_1.2/xlnx_uvm_package.sv" Line 6919. Ignoring Subprog set_inst_override.
WARNING: [XSIM 43-3499] "/proj/primebuilds/9999.0_PRIME_0428_0031/installs/data/system_verilog/uvm_1.2/xlnx_uvm_package.sv" Line 6913. Ignoring Subprog set_type_override.
WARNING: [XSIM 43-3499] "/proj/primebuilds/9999.0_PRIME_0428_0031/installs/data/system_verilog/uvm_1.2/xlnx_uvm_package.sv" Line 6919. Ignoring Subprog set_inst_override.
WARNING: [XSIM 43-3499] "/proj/primebuilds/9999.0_PRIME_0428_0031/installs/data/system_verilog/uvm_1.2/xlnx_uvm_package.sv" Line 6913. Ignoring Subprog set_type_override.
WARNING: [XSIM 43-3499] "/proj/primebuilds/9999.0_PRIME_0428_0031/installs/data/system_verilog/uvm_1.2/xlnx_uvm_package.sv" Line 6919. Ignoring Subprog set_inst_override.
WARNING: [XSIM 43-3499] "/proj/primebuilds/9999.0_PRIME_0428_0031/installs/data/system_verilog/uvm_1.2/xlnx_uvm_package.sv" Line 6899. Ignoring Subprog create.
WARNING: [XSIM 43-3499] "/proj/primebuilds/9999.0_PRIME_0428_0031/installs/data/system_verilog/uvm_1.2/xlnx_uvm_package.sv" Line 6913. Ignoring Subprog set_type_override.
WARNING: [XSIM 43-3499] "/proj/primebuilds/9999.0_PRIME_0428_0031/installs/data/system_verilog/uvm_1.2/xlnx_uvm_package.sv" Line 6919. Ignoring Subprog set_inst_override.
WARNING: [XSIM 43-3499] "/proj/primebuilds/9999.0_PRIME_0428_0031/installs/data/system_verilog/uvm_1.2/xlnx_uvm_package.sv" Line 6983. Ignoring Subprog set_type_override.
WARNING: [XSIM 43-3499] "/proj/primebuilds/9999.0_PRIME_0428_0031/installs/data/system_verilog/uvm_1.2/xlnx_uvm_package.sv" Line 6991. Ignoring Subprog set_inst_override.
WARNING: [XSIM 43-3499] "/proj/primebuilds/9999.0_PRIME_0428_0031/installs/data/system_verilog/uvm_1.2/xlnx_uvm_package.sv" Line 6968. Ignoring Subprog create.
WARNING: [XSIM 43-3499] "/proj/primebuilds/9999.0_PRIME_0428_0031/installs/data/system_verilog/uvm_1.2/xlnx_uvm_package.sv" Line 6983. Ignoring Subprog set_type_override.
WARNING: [XSIM 43-3499] "/proj/primebuilds/9999.0_PRIME_0428_0031/installs/data/system_verilog/uvm_1.2/xlnx_uvm_package.sv" Line 6991. Ignoring Subprog set_inst_override.
WARNING: [XSIM 43-3499] "/proj/primebuilds/9999.0_PRIME_0428_0031/installs/data/system_verilog/uvm_1.2/xlnx_uvm_package.sv" Line 6968. Ignoring Subprog create.
WARNING: [XSIM 43-3499] "/proj/primebuilds/9999.0_PRIME_0428_0031/installs/data/system_verilog/uvm_1.2/xlnx_uvm_package.sv" Line 6983. Ignoring Subprog set_type_override.
WARNING: [XSIM 43-3499] "/proj/primebuilds/9999.0_PRIME_0428_0031/installs/data/system_verilog/uvm_1.2/xlnx_uvm_package.sv" Line 6991. Ignoring Subprog set_inst_override.
WARNING: [XSIM 43-3499] "/proj/primebuilds/9999.0_PRIME_0428_0031/installs/data/system_verilog/uvm_1.2/xlnx_uvm_package.sv" Line 6968. Ignoring Subprog create.
WARNING: [XSIM 43-3499] "/proj/primebuilds/9999.0_PRIME_0428_0031/installs/data/system_verilog/uvm_1.2/xlnx_uvm_package.sv" Line 6983. Ignoring Subprog set_type_override.
WARNING: [XSIM 43-3499] "/proj/primebuilds/9999.0_PRIME_0428_0031/installs/data/system_verilog/uvm_1.2/xlnx_uvm_package.sv" Line 6991. Ignoring Subprog set_inst_override.
WARNING: [XSIM 43-3499] "/proj/primebuilds/9999.0_PRIME_0428_0031/installs/data/system_verilog/uvm_1.2/xlnx_uvm_package.sv" Line 6968. Ignoring Subprog create.
WARNING: [XSIM 43-3499] "/proj/primebuilds/9999.0_PRIME_0428_0031/installs/data/system_verilog/uvm_1.2/xlnx_uvm_package.sv" Line 6983. Ignoring Subprog set_type_override.
WARNING: [XSIM 43-3499] "/proj/primebuilds/9999.0_PRIME_0428_0031/installs/data/system_verilog/uvm_1.2/xlnx_uvm_package.sv" Line 6991. Ignoring Subprog set_inst_override.
WARNING: [XSIM 43-3499] "/proj/primebuilds/9999.0_PRIME_0428_0031/installs/data/system_verilog/uvm_1.2/xlnx_uvm_package.sv" Line 6968. Ignoring Subprog create.
WARNING: [XSIM 43-3499] "/proj/primebuilds/9999.0_PRIME_0428_0031/installs/data/system_verilog/uvm_1.2/xlnx_uvm_package.sv" Line 6983. Ignoring Subprog set_type_override.
WARNING: [XSIM 43-3499] "/proj/primebuilds/9999.0_PRIME_0428_0031/installs/data/system_verilog/uvm_1.2/xlnx_uvm_package.sv" Line 6991. Ignoring Subprog set_inst_override.
WARNING: [XSIM 43-3499] "/proj/primebuilds/9999.0_PRIME_0428_0031/installs/data/system_verilog/uvm_1.2/xlnx_uvm_package.sv" Line 6968. Ignoring Subprog create.
WARNING: [XSIM 43-3499] "/proj/primebuilds/9999.0_PRIME_0428_0031/installs/data/system_verilog/uvm_1.2/xlnx_uvm_package.sv" Line 6983. Ignoring Subprog set_type_override.
WARNING: [XSIM 43-3499] "/proj/primebuilds/9999.0_PRIME_0428_0031/installs/data/system_verilog/uvm_1.2/xlnx_uvm_package.sv" Line 6991. Ignoring Subprog set_inst_override.
WARNING: [XSIM 43-3499] "/proj/primebuilds/9999.0_PRIME_0428_0031/installs/data/system_verilog/uvm_1.2/xlnx_uvm_package.sv" Line 6983. Ignoring Subprog set_type_override.
WARNING: [XSIM 43-3499] "/proj/primebuilds/9999.0_PRIME_0428_0031/installs/data/system_verilog/uvm_1.2/xlnx_uvm_package.sv" Line 6991. Ignoring Subprog set_inst_override.
WARNING: [XSIM 43-3499] "/proj/primebuilds/9999.0_PRIME_0428_0031/installs/data/system_verilog/uvm_1.2/xlnx_uvm_package.sv" Line 6983. Ignoring Subprog set_type_override.
WARNING: [XSIM 43-3499] "/proj/primebuilds/9999.0_PRIME_0428_0031/installs/data/system_verilog/uvm_1.2/xlnx_uvm_package.sv" Line 6991. Ignoring Subprog set_inst_override.
WARNING: [XSIM 43-3499] "/proj/primebuilds/9999.0_PRIME_0428_0031/installs/data/system_verilog/uvm_1.2/xlnx_uvm_package.sv" Line 6968. Ignoring Subprog create.
WARNING: [XSIM 43-3499] "/proj/primebuilds/9999.0_PRIME_0428_0031/installs/data/system_verilog/uvm_1.2/xlnx_uvm_package.sv" Line 6983. Ignoring Subprog set_type_override.
WARNING: [XSIM 43-3499] "/proj/primebuilds/9999.0_PRIME_0428_0031/installs/data/system_verilog/uvm_1.2/xlnx_uvm_package.sv" Line 6991. Ignoring Subprog set_inst_override.
WARNING: [XSIM 43-3499] "/proj/primebuilds/9999.0_PRIME_0428_0031/installs/data/system_verilog/uvm_1.2/xlnx_uvm_package.sv" Line 6968. Ignoring Subprog create.
WARNING: [XSIM 43-3499] "/proj/primebuilds/9999.0_PRIME_0428_0031/installs/data/system_verilog/uvm_1.2/xlnx_uvm_package.sv" Line 6983. Ignoring Subprog set_type_override.
WARNING: [XSIM 43-3499] "/proj/primebuilds/9999.0_PRIME_0428_0031/installs/data/system_verilog/uvm_1.2/xlnx_uvm_package.sv" Line 6991. Ignoring Subprog set_inst_override.
WARNING: [XSIM 43-3499] "/proj/primebuilds/9999.0_PRIME_0428_0031/installs/data/system_verilog/uvm_1.2/xlnx_uvm_package.sv" Line 6983. Ignoring Subprog set_type_override.
WARNING: [XSIM 43-3499] "/proj/primebuilds/9999.0_PRIME_0428_0031/installs/data/system_verilog/uvm_1.2/xlnx_uvm_package.sv" Line 6991. Ignoring Subprog set_inst_override.
WARNING: [XSIM 43-3499] "/proj/primebuilds/9999.0_PRIME_0428_0031/installs/data/system_verilog/uvm_1.2/xlnx_uvm_package.sv" Line 6983. Ignoring Subprog set_type_override.
WARNING: [XSIM 43-3499] "/proj/primebuilds/9999.0_PRIME_0428_0031/installs/data/system_verilog/uvm_1.2/xlnx_uvm_package.sv" Line 6991. Ignoring Subprog set_inst_override.
WARNING: [XSIM 43-3499] "/proj/primebuilds/9999.0_PRIME_0428_0031/installs/data/system_verilog/uvm_1.2/xlnx_uvm_package.sv" Line 6968. Ignoring Subprog create.
WARNING: [XSIM 43-3499] "/proj/primebuilds/9999.0_PRIME_0428_0031/installs/data/system_verilog/uvm_1.2/xlnx_uvm_package.sv" Line 6983. Ignoring Subprog set_type_override.
WARNING: [XSIM 43-3499] "/proj/primebuilds/9999.0_PRIME_0428_0031/installs/data/system_verilog/uvm_1.2/xlnx_uvm_package.sv" Line 6991. Ignoring Subprog set_inst_override.
WARNING: [XSIM 43-3499] "/proj/primebuilds/9999.0_PRIME_0428_0031/installs/data/system_verilog/uvm_1.2/xlnx_uvm_package.sv" Line 6983. Ignoring Subprog set_type_override.
WARNING: [XSIM 43-3499] "/proj/primebuilds/9999.0_PRIME_0428_0031/installs/data/system_verilog/uvm_1.2/xlnx_uvm_package.sv" Line 6991. Ignoring Subprog set_inst_override.
WARNING: [XSIM 43-3499] "/proj/primebuilds/9999.0_PRIME_0428_0031/installs/data/system_verilog/uvm_1.2/xlnx_uvm_package.sv" Line 6983. Ignoring Subprog set_type_override.
WARNING: [XSIM 43-3499] "/proj/primebuilds/9999.0_PRIME_0428_0031/installs/data/system_verilog/uvm_1.2/xlnx_uvm_package.sv" Line 6991. Ignoring Subprog set_inst_override.
WARNING: [XSIM 43-3499] "/proj/primebuilds/9999.0_PRIME_0428_0031/installs/data/system_verilog/uvm_1.2/xlnx_uvm_package.sv" Line 6983. Ignoring Subprog set_type_override.
WARNING: [XSIM 43-3499] "/proj/primebuilds/9999.0_PRIME_0428_0031/installs/data/system_verilog/uvm_1.2/xlnx_uvm_package.sv" Line 6991. Ignoring Subprog set_inst_override.
WARNING: [XSIM 43-3499] "/proj/primebuilds/9999.0_PRIME_0428_0031/installs/data/system_verilog/uvm_1.2/xlnx_uvm_package.sv" Line 6968. Ignoring Subprog create.
WARNING: [XSIM 43-3499] "/proj/primebuilds/9999.0_PRIME_0428_0031/installs/data/system_verilog/uvm_1.2/xlnx_uvm_package.sv" Line 6983. Ignoring Subprog set_type_override.
WARNING: [XSIM 43-3499] "/proj/primebuilds/9999.0_PRIME_0428_0031/installs/data/system_verilog/uvm_1.2/xlnx_uvm_package.sv" Line 6991. Ignoring Subprog set_inst_override.
WARNING: [XSIM 43-3499] "/proj/primebuilds/9999.0_PRIME_0428_0031/installs/data/system_verilog/uvm_1.2/xlnx_uvm_package.sv" Line 6983. Ignoring Subprog set_type_override.
WARNING: [XSIM 43-3499] "/proj/primebuilds/9999.0_PRIME_0428_0031/installs/data/system_verilog/uvm_1.2/xlnx_uvm_package.sv" Line 6991. Ignoring Subprog set_inst_override.
WARNING: [XSIM 43-3499] "/proj/primebuilds/9999.0_PRIME_0428_0031/installs/data/system_verilog/uvm_1.2/xlnx_uvm_package.sv" Line 6983. Ignoring Subprog set_type_override.
WARNING: [XSIM 43-3499] "/proj/primebuilds/9999.0_PRIME_0428_0031/installs/data/system_verilog/uvm_1.2/xlnx_uvm_package.sv" Line 6991. Ignoring Subprog set_inst_override.
WARNING: [XSIM 43-3499] "/proj/primebuilds/9999.0_PRIME_0428_0031/installs/data/system_verilog/uvm_1.2/xlnx_uvm_package.sv" Line 6968. Ignoring Subprog create.
WARNING: [XSIM 43-3499] "/proj/primebuilds/9999.0_PRIME_0428_0031/installs/data/system_verilog/uvm_1.2/xlnx_uvm_package.sv" Line 6983. Ignoring Subprog set_type_override.
WARNING: [XSIM 43-3499] "/proj/primebuilds/9999.0_PRIME_0428_0031/installs/data/system_verilog/uvm_1.2/xlnx_uvm_package.sv" Line 6991. Ignoring Subprog set_inst_override.
WARNING: [XSIM 43-3499] "/proj/primebuilds/9999.0_PRIME_0428_0031/installs/data/system_verilog/uvm_1.2/xlnx_uvm_package.sv" Line 6968. Ignoring Subprog create.
WARNING: [XSIM 43-3499] "/proj/primebuilds/9999.0_PRIME_0428_0031/installs/data/system_verilog/uvm_1.2/xlnx_uvm_package.sv" Line 6983. Ignoring Subprog set_type_override.
WARNING: [XSIM 43-3499] "/proj/primebuilds/9999.0_PRIME_0428_0031/installs/data/system_verilog/uvm_1.2/xlnx_uvm_package.sv" Line 6991. Ignoring Subprog set_inst_override.
WARNING: [XSIM 43-3499] "/proj/primebuilds/9999.0_PRIME_0428_0031/installs/data/system_verilog/uvm_1.2/xlnx_uvm_package.sv" Line 6968. Ignoring Subprog create.
WARNING: [XSIM 43-3499] "/proj/primebuilds/9999.0_PRIME_0428_0031/installs/data/system_verilog/uvm_1.2/xlnx_uvm_package.sv" Line 6983. Ignoring Subprog set_type_override.
WARNING: [XSIM 43-3499] "/proj/primebuilds/9999.0_PRIME_0428_0031/installs/data/system_verilog/uvm_1.2/xlnx_uvm_package.sv" Line 6991. Ignoring Subprog set_inst_override.
WARNING: [XSIM 43-3499] "/proj/primebuilds/9999.0_PRIME_0428_0031/installs/data/system_verilog/uvm_1.2/xlnx_uvm_package.sv" Line 6968. Ignoring Subprog create.
WARNING: [XSIM 43-3499] "/proj/primebuilds/9999.0_PRIME_0428_0031/installs/data/system_verilog/uvm_1.2/xlnx_uvm_package.sv" Line 6983. Ignoring Subprog set_type_override.
WARNING: [XSIM 43-3499] "/proj/primebuilds/9999.0_PRIME_0428_0031/installs/data/system_verilog/uvm_1.2/xlnx_uvm_package.sv" Line 6991. Ignoring Subprog set_inst_override.
WARNING: [XSIM 43-3499] "/proj/primebuilds/9999.0_PRIME_0428_0031/installs/data/system_verilog/uvm_1.2/xlnx_uvm_package.sv" Line 6968. Ignoring Subprog create.
WARNING: [XSIM 43-3499] "/proj/primebuilds/9999.0_PRIME_0428_0031/installs/data/system_verilog/uvm_1.2/xlnx_uvm_package.sv" Line 6983. Ignoring Subprog set_type_override.
WARNING: [XSIM 43-3499] "/proj/primebuilds/9999.0_PRIME_0428_0031/installs/data/system_verilog/uvm_1.2/xlnx_uvm_package.sv" Line 6991. Ignoring Subprog set_inst_override.
WARNING: [XSIM 43-3499] "/proj/primebuilds/9999.0_PRIME_0428_0031/installs/data/system_verilog/uvm_1.2/xlnx_uvm_package.sv" Line 6968. Ignoring Subprog create.
WARNING: [XSIM 43-3499] "/proj/primebuilds/9999.0_PRIME_0428_0031/installs/data/system_verilog/uvm_1.2/xlnx_uvm_package.sv" Line 6983. Ignoring Subprog set_type_override.
WARNING: [XSIM 43-3499] "/proj/primebuilds/9999.0_PRIME_0428_0031/installs/data/system_verilog/uvm_1.2/xlnx_uvm_package.sv" Line 6991. Ignoring Subprog set_inst_override.
WARNING: [XSIM 43-3499] "/proj/primebuilds/9999.0_PRIME_0428_0031/installs/data/system_verilog/uvm_1.2/xlnx_uvm_package.sv" Line 6983. Ignoring Subprog set_type_override.
WARNING: [XSIM 43-3499] "/proj/primebuilds/9999.0_PRIME_0428_0031/installs/data/system_verilog/uvm_1.2/xlnx_uvm_package.sv" Line 6991. Ignoring Subprog set_inst_override.
WARNING: [XSIM 43-3499] "/proj/primebuilds/9999.0_PRIME_0428_0031/installs/data/system_verilog/uvm_1.2/xlnx_uvm_package.sv" Line 6983. Ignoring Subprog set_type_override.
WARNING: [XSIM 43-3499] "/proj/primebuilds/9999.0_PRIME_0428_0031/installs/data/system_verilog/uvm_1.2/xlnx_uvm_package.sv" Line 6991. Ignoring Subprog set_inst_override.
WARNING: [XSIM 43-3499] "/proj/primebuilds/9999.0_PRIME_0428_0031/installs/data/system_verilog/uvm_1.2/xlnx_uvm_package.sv" Line 7144. Ignoring Subprog turn_on_auditing.
WARNING: [XSIM 43-3499] "/proj/primebuilds/9999.0_PRIME_0428_0031/installs/data/system_verilog/uvm_1.2/xlnx_uvm_package.sv" Line 7149. Ignoring Subprog turn_off_auditing.
WARNING: [XSIM 43-3499] "/proj/primebuilds/9999.0_PRIME_0428_0031/installs/data/system_verilog/uvm_1.2/xlnx_uvm_package.sv" Line 7178. Ignoring Subprog set_read_only.
WARNING: [XSIM 43-3499] "/proj/primebuilds/9999.0_PRIME_0428_0031/installs/data/system_verilog/uvm_1.2/xlnx_uvm_package.sv" Line 7182. Ignoring Subprog set_read_write.
WARNING: [XSIM 43-3499] "/proj/primebuilds/9999.0_PRIME_0428_0031/installs/data/system_verilog/uvm_1.2/xlnx_uvm_package.sv" Line 7190. Ignoring Subprog wait_modified.
WARNING: [XSIM 43-3499] "/proj/primebuilds/9999.0_PRIME_0428_0031/installs/data/system_verilog/uvm_1.2/xlnx_uvm_package.sv" Line 7359. Ignoring Subprog set_override.
WARNING: [XSIM 43-3499] "/proj/primebuilds/9999.0_PRIME_0428_0031/installs/data/system_verilog/uvm_1.2/xlnx_uvm_package.sv" Line 7363. Ignoring Subprog set_name_override.
WARNING: [XSIM 43-3499] "/proj/primebuilds/9999.0_PRIME_0428_0031/installs/data/system_verilog/uvm_1.2/xlnx_uvm_package.sv" Line 7367. Ignoring Subprog set_type_override.
WARNING: [XSIM 43-3499] "/proj/primebuilds/9999.0_PRIME_0428_0031/installs/data/system_verilog/uvm_1.2/xlnx_uvm_package.sv" Line 7387. Ignoring Subprog dump_get_records.
WARNING: [XSIM 43-3499] "/proj/primebuilds/9999.0_PRIME_0428_0031/installs/data/system_verilog/uvm_1.2/xlnx_uvm_package.sv" Line 7806. Ignoring Subprog set.
WARNING: [XSIM 43-3499] "/proj/primebuilds/9999.0_PRIME_0428_0031/installs/data/system_verilog/uvm_1.2/xlnx_uvm_package.sv" Line 7811. Ignoring Subprog set_override.
WARNING: [XSIM 43-3499] "/proj/primebuilds/9999.0_PRIME_0428_0031/installs/data/system_verilog/uvm_1.2/xlnx_uvm_package.sv" Line 7817. Ignoring Subprog get_by_name.
WARNING: [XSIM 43-3499] "/proj/primebuilds/9999.0_PRIME_0428_0031/installs/data/system_verilog/uvm_1.2/xlnx_uvm_package.sv" Line 7841. Ignoring Subprog get_by_type.
WARNING: [XSIM 43-3499] "/proj/primebuilds/9999.0_PRIME_0428_0031/installs/data/system_verilog/uvm_1.2/xlnx_uvm_package.sv" Line 7873. Ignoring Subprog write.
WARNING: [XSIM 43-3499] "/proj/primebuilds/9999.0_PRIME_0428_0031/installs/data/system_verilog/uvm_1.2/xlnx_uvm_package.sv" Line 7897. Ignoring Subprog get_highest_precedence.
WARNING: [XSIM 43-3499] "/proj/primebuilds/9999.0_PRIME_0428_0031/installs/data/system_verilog/uvm_1.2/xlnx_uvm_package.sv" Line 7897. Ignoring Subprog get_highest_precedence.
WARNING: [XSIM 43-3499] "/proj/primebuilds/9999.0_PRIME_0428_0031/installs/data/system_verilog/uvm_1.2/xlnx_uvm_package.sv" Line 7806. Ignoring Subprog set.
WARNING: [XSIM 43-3499] "/proj/primebuilds/9999.0_PRIME_0428_0031/installs/data/system_verilog/uvm_1.2/xlnx_uvm_package.sv" Line 7811. Ignoring Subprog set_override.
WARNING: [XSIM 43-3499] "/proj/primebuilds/9999.0_PRIME_0428_0031/installs/data/system_verilog/uvm_1.2/xlnx_uvm_package.sv" Line 7817. Ignoring Subprog get_by_name.
WARNING: [XSIM 43-3499] "/proj/primebuilds/9999.0_PRIME_0428_0031/installs/data/system_verilog/uvm_1.2/xlnx_uvm_package.sv" Line 7841. Ignoring Subprog get_by_type.
WARNING: [XSIM 43-3499] "/proj/primebuilds/9999.0_PRIME_0428_0031/installs/data/system_verilog/uvm_1.2/xlnx_uvm_package.sv" Line 7873. Ignoring Subprog write.
WARNING: [XSIM 43-3499] "/proj/primebuilds/9999.0_PRIME_0428_0031/installs/data/system_verilog/uvm_1.2/xlnx_uvm_package.sv" Line 7897. Ignoring Subprog get_highest_precedence.
WARNING: [XSIM 43-3499] "/proj/primebuilds/9999.0_PRIME_0428_0031/installs/data/system_verilog/uvm_1.2/xlnx_uvm_package.sv" Line 7897. Ignoring Subprog get_highest_precedence.
WARNING: [XSIM 43-3499] "/proj/primebuilds/9999.0_PRIME_0428_0031/installs/data/system_verilog/uvm_1.2/xlnx_uvm_package.sv" Line 7897. Ignoring Subprog get_highest_precedence.
WARNING: [XSIM 43-3499] "/proj/primebuilds/9999.0_PRIME_0428_0031/installs/data/system_verilog/uvm_1.2/xlnx_uvm_package.sv" Line 8168. Ignoring Subprog set_default.
WARNING: [XSIM 43-3499] "/proj/primebuilds/9999.0_PRIME_0428_0031/installs/data/system_verilog/uvm_1.2/xlnx_uvm_package.sv" Line 8187. Ignoring Subprog set.
WARNING: [XSIM 43-3499] "/proj/primebuilds/9999.0_PRIME_0428_0031/installs/data/system_verilog/uvm_1.2/xlnx_uvm_package.sv" Line 8197. Ignoring Subprog set_anonymous.
WARNING: [XSIM 43-3499] "/proj/primebuilds/9999.0_PRIME_0428_0031/installs/data/system_verilog/uvm_1.2/xlnx_uvm_package.sv" Line 8208. Ignoring Subprog set_override.
WARNING: [XSIM 43-3499] "/proj/primebuilds/9999.0_PRIME_0428_0031/installs/data/system_verilog/uvm_1.2/xlnx_uvm_package.sv" Line 8217. Ignoring Subprog set_override_type.
WARNING: [XSIM 43-3499] "/proj/primebuilds/9999.0_PRIME_0428_0031/installs/data/system_verilog/uvm_1.2/xlnx_uvm_package.sv" Line 8227. Ignoring Subprog set_override_name.
WARNING: [XSIM 43-3499] "/proj/primebuilds/9999.0_PRIME_0428_0031/installs/data/system_verilog/uvm_1.2/xlnx_uvm_package.sv" Line 8236. Ignoring Subprog read_by_name.
WARNING: [XSIM 43-3499] "/proj/primebuilds/9999.0_PRIME_0428_0031/installs/data/system_verilog/uvm_1.2/xlnx_uvm_package.sv" Line 8252. Ignoring Subprog read_by_type.
WARNING: [XSIM 43-3499] "/proj/primebuilds/9999.0_PRIME_0428_0031/installs/data/system_verilog/uvm_1.2/xlnx_uvm_package.sv" Line 8268. Ignoring Subprog write_by_name.
WARNING: [XSIM 43-3499] "/proj/primebuilds/9999.0_PRIME_0428_0031/installs/data/system_verilog/uvm_1.2/xlnx_uvm_package.sv" Line 8284. Ignoring Subprog write_by_type.
WARNING: [XSIM 43-3499] "/proj/primebuilds/9999.0_PRIME_0428_0031/installs/data/system_verilog/uvm_1.2/xlnx_uvm_package.sv" Line 8300. Ignoring Subprog dump.
WARNING: [XSIM 43-3499] "/proj/primebuilds/9999.0_PRIME_0428_0031/installs/data/system_verilog/uvm_1.2/xlnx_uvm_package.sv" Line 8168. Ignoring Subprog set_default.
WARNING: [XSIM 43-3499] "/proj/primebuilds/9999.0_PRIME_0428_0031/installs/data/system_verilog/uvm_1.2/xlnx_uvm_package.sv" Line 8187. Ignoring Subprog set.
WARNING: [XSIM 43-3499] "/proj/primebuilds/9999.0_PRIME_0428_0031/installs/data/system_verilog/uvm_1.2/xlnx_uvm_package.sv" Line 8197. Ignoring Subprog set_anonymous.
WARNING: [XSIM 43-3499] "/proj/primebuilds/9999.0_PRIME_0428_0031/installs/data/system_verilog/uvm_1.2/xlnx_uvm_package.sv" Line 8208. Ignoring Subprog set_override.
WARNING: [XSIM 43-3499] "/proj/primebuilds/9999.0_PRIME_0428_0031/installs/data/system_verilog/uvm_1.2/xlnx_uvm_package.sv" Line 8217. Ignoring Subprog set_override_type.
WARNING: [XSIM 43-3499] "/proj/primebuilds/9999.0_PRIME_0428_0031/installs/data/system_verilog/uvm_1.2/xlnx_uvm_package.sv" Line 8227. Ignoring Subprog set_override_name.
WARNING: [XSIM 43-3499] "/proj/primebuilds/9999.0_PRIME_0428_0031/installs/data/system_verilog/uvm_1.2/xlnx_uvm_package.sv" Line 8236. Ignoring Subprog read_by_name.
WARNING: [XSIM 43-3499] "/proj/primebuilds/9999.0_PRIME_0428_0031/installs/data/system_verilog/uvm_1.2/xlnx_uvm_package.sv" Line 8252. Ignoring Subprog read_by_type.
WARNING: [XSIM 43-3499] "/proj/primebuilds/9999.0_PRIME_0428_0031/installs/data/system_verilog/uvm_1.2/xlnx_uvm_package.sv" Line 8268. Ignoring Subprog write_by_name.
WARNING: [XSIM 43-3499] "/proj/primebuilds/9999.0_PRIME_0428_0031/installs/data/system_verilog/uvm_1.2/xlnx_uvm_package.sv" Line 8284. Ignoring Subprog write_by_type.
WARNING: [XSIM 43-3499] "/proj/primebuilds/9999.0_PRIME_0428_0031/installs/data/system_verilog/uvm_1.2/xlnx_uvm_package.sv" Line 8300. Ignoring Subprog dump.
WARNING: [XSIM 43-3499] "/proj/primebuilds/9999.0_PRIME_0428_0031/installs/data/system_verilog/uvm_1.2/xlnx_uvm_package.sv" Line 8168. Ignoring Subprog set_default.
WARNING: [XSIM 43-3499] "/proj/primebuilds/9999.0_PRIME_0428_0031/installs/data/system_verilog/uvm_1.2/xlnx_uvm_package.sv" Line 8187. Ignoring Subprog set.
WARNING: [XSIM 43-3499] "/proj/primebuilds/9999.0_PRIME_0428_0031/installs/data/system_verilog/uvm_1.2/xlnx_uvm_package.sv" Line 8197. Ignoring Subprog set_anonymous.
WARNING: [XSIM 43-3499] "/proj/primebuilds/9999.0_PRIME_0428_0031/installs/data/system_verilog/uvm_1.2/xlnx_uvm_package.sv" Line 8208. Ignoring Subprog set_override.
WARNING: [XSIM 43-3499] "/proj/primebuilds/9999.0_PRIME_0428_0031/installs/data/system_verilog/uvm_1.2/xlnx_uvm_package.sv" Line 8217. Ignoring Subprog set_override_type.
WARNING: [XSIM 43-3499] "/proj/primebuilds/9999.0_PRIME_0428_0031/installs/data/system_verilog/uvm_1.2/xlnx_uvm_package.sv" Line 8227. Ignoring Subprog set_override_name.
WARNING: [XSIM 43-3499] "/proj/primebuilds/9999.0_PRIME_0428_0031/installs/data/system_verilog/uvm_1.2/xlnx_uvm_package.sv" Line 8236. Ignoring Subprog read_by_name.
WARNING: [XSIM 43-3499] "/proj/primebuilds/9999.0_PRIME_0428_0031/installs/data/system_verilog/uvm_1.2/xlnx_uvm_package.sv" Line 8252. Ignoring Subprog read_by_type.
WARNING: [XSIM 43-3499] "/proj/primebuilds/9999.0_PRIME_0428_0031/installs/data/system_verilog/uvm_1.2/xlnx_uvm_package.sv" Line 8268. Ignoring Subprog write_by_name.
WARNING: [XSIM 43-3499] "/proj/primebuilds/9999.0_PRIME_0428_0031/installs/data/system_verilog/uvm_1.2/xlnx_uvm_package.sv" Line 8284. Ignoring Subprog write_by_type.
WARNING: [XSIM 43-3499] "/proj/primebuilds/9999.0_PRIME_0428_0031/installs/data/system_verilog/uvm_1.2/xlnx_uvm_package.sv" Line 8300. Ignoring Subprog dump.
WARNING: [XSIM 43-3499] "/proj/primebuilds/9999.0_PRIME_0428_0031/installs/data/system_verilog/uvm_1.2/xlnx_uvm_package.sv" Line 8168. Ignoring Subprog set_default.
WARNING: [XSIM 43-3499] "/proj/primebuilds/9999.0_PRIME_0428_0031/installs/data/system_verilog/uvm_1.2/xlnx_uvm_package.sv" Line 8187. Ignoring Subprog set.
WARNING: [XSIM 43-3499] "/proj/primebuilds/9999.0_PRIME_0428_0031/installs/data/system_verilog/uvm_1.2/xlnx_uvm_package.sv" Line 8197. Ignoring Subprog set_anonymous.
WARNING: [XSIM 43-3499] "/proj/primebuilds/9999.0_PRIME_0428_0031/installs/data/system_verilog/uvm_1.2/xlnx_uvm_package.sv" Line 8208. Ignoring Subprog set_override.
WARNING: [XSIM 43-3499] "/proj/primebuilds/9999.0_PRIME_0428_0031/installs/data/system_verilog/uvm_1.2/xlnx_uvm_package.sv" Line 8217. Ignoring Subprog set_override_type.
WARNING: [XSIM 43-3499] "/proj/primebuilds/9999.0_PRIME_0428_0031/installs/data/system_verilog/uvm_1.2/xlnx_uvm_package.sv" Line 8227. Ignoring Subprog set_override_name.
WARNING: [XSIM 43-3499] "/proj/primebuilds/9999.0_PRIME_0428_0031/installs/data/system_verilog/uvm_1.2/xlnx_uvm_package.sv" Line 8236. Ignoring Subprog read_by_name.
WARNING: [XSIM 43-3499] "/proj/primebuilds/9999.0_PRIME_0428_0031/installs/data/system_verilog/uvm_1.2/xlnx_uvm_package.sv" Line 8252. Ignoring Subprog read_by_type.
WARNING: [XSIM 43-3499] "/proj/primebuilds/9999.0_PRIME_0428_0031/installs/data/system_verilog/uvm_1.2/xlnx_uvm_package.sv" Line 8268. Ignoring Subprog write_by_name.
WARNING: [XSIM 43-3499] "/proj/primebuilds/9999.0_PRIME_0428_0031/installs/data/system_verilog/uvm_1.2/xlnx_uvm_package.sv" Line 8284. Ignoring Subprog write_by_type.
WARNING: [XSIM 43-3499] "/proj/primebuilds/9999.0_PRIME_0428_0031/installs/data/system_verilog/uvm_1.2/xlnx_uvm_package.sv" Line 8300. Ignoring Subprog dump.
WARNING: [XSIM 43-3499] "/proj/primebuilds/9999.0_PRIME_0428_0031/installs/data/system_verilog/uvm_1.2/xlnx_uvm_package.sv" Line 8168. Ignoring Subprog set_default.
WARNING: [XSIM 43-3499] "/proj/primebuilds/9999.0_PRIME_0428_0031/installs/data/system_verilog/uvm_1.2/xlnx_uvm_package.sv" Line 8187. Ignoring Subprog set.
WARNING: [XSIM 43-3499] "/proj/primebuilds/9999.0_PRIME_0428_0031/installs/data/system_verilog/uvm_1.2/xlnx_uvm_package.sv" Line 8197. Ignoring Subprog set_anonymous.
WARNING: [XSIM 43-3499] "/proj/primebuilds/9999.0_PRIME_0428_0031/installs/data/system_verilog/uvm_1.2/xlnx_uvm_package.sv" Line 8208. Ignoring Subprog set_override.
WARNING: [XSIM 43-3499] "/proj/primebuilds/9999.0_PRIME_0428_0031/installs/data/system_verilog/uvm_1.2/xlnx_uvm_package.sv" Line 8217. Ignoring Subprog set_override_type.
WARNING: [XSIM 43-3499] "/proj/primebuilds/9999.0_PRIME_0428_0031/installs/data/system_verilog/uvm_1.2/xlnx_uvm_package.sv" Line 8227. Ignoring Subprog set_override_name.
WARNING: [XSIM 43-3499] "/proj/primebuilds/9999.0_PRIME_0428_0031/installs/data/system_verilog/uvm_1.2/xlnx_uvm_package.sv" Line 8236. Ignoring Subprog read_by_name.
WARNING: [XSIM 43-3499] "/proj/primebuilds/9999.0_PRIME_0428_0031/installs/data/system_verilog/uvm_1.2/xlnx_uvm_package.sv" Line 8252. Ignoring Subprog read_by_type.
WARNING: [XSIM 43-3499] "/proj/primebuilds/9999.0_PRIME_0428_0031/installs/data/system_verilog/uvm_1.2/xlnx_uvm_package.sv" Line 8268. Ignoring Subprog write_by_name.
WARNING: [XSIM 43-3499] "/proj/primebuilds/9999.0_PRIME_0428_0031/installs/data/system_verilog/uvm_1.2/xlnx_uvm_package.sv" Line 8284. Ignoring Subprog write_by_type.
WARNING: [XSIM 43-3499] "/proj/primebuilds/9999.0_PRIME_0428_0031/installs/data/system_verilog/uvm_1.2/xlnx_uvm_package.sv" Line 8300. Ignoring Subprog dump.
WARNING: [XSIM 43-3499] "/proj/primebuilds/9999.0_PRIME_0428_0031/installs/data/system_verilog/uvm_1.2/xlnx_uvm_package.sv" Line 8168. Ignoring Subprog set_default.
WARNING: [XSIM 43-3499] "/proj/primebuilds/9999.0_PRIME_0428_0031/installs/data/system_verilog/uvm_1.2/xlnx_uvm_package.sv" Line 8187. Ignoring Subprog set.
WARNING: [XSIM 43-3499] "/proj/primebuilds/9999.0_PRIME_0428_0031/installs/data/system_verilog/uvm_1.2/xlnx_uvm_package.sv" Line 8197. Ignoring Subprog set_anonymous.
WARNING: [XSIM 43-3499] "/proj/primebuilds/9999.0_PRIME_0428_0031/installs/data/system_verilog/uvm_1.2/xlnx_uvm_package.sv" Line 8208. Ignoring Subprog set_override.
WARNING: [XSIM 43-3499] "/proj/primebuilds/9999.0_PRIME_0428_0031/installs/data/system_verilog/uvm_1.2/xlnx_uvm_package.sv" Line 8217. Ignoring Subprog set_override_type.
WARNING: [XSIM 43-3499] "/proj/primebuilds/9999.0_PRIME_0428_0031/installs/data/system_verilog/uvm_1.2/xlnx_uvm_package.sv" Line 8227. Ignoring Subprog set_override_name.
WARNING: [XSIM 43-3499] "/proj/primebuilds/9999.0_PRIME_0428_0031/installs/data/system_verilog/uvm_1.2/xlnx_uvm_package.sv" Line 8236. Ignoring Subprog read_by_name.
WARNING: [XSIM 43-3499] "/proj/primebuilds/9999.0_PRIME_0428_0031/installs/data/system_verilog/uvm_1.2/xlnx_uvm_package.sv" Line 8252. Ignoring Subprog read_by_type.
WARNING: [XSIM 43-3499] "/proj/primebuilds/9999.0_PRIME_0428_0031/installs/data/system_verilog/uvm_1.2/xlnx_uvm_package.sv" Line 8268. Ignoring Subprog write_by_name.
WARNING: [XSIM 43-3499] "/proj/primebuilds/9999.0_PRIME_0428_0031/installs/data/system_verilog/uvm_1.2/xlnx_uvm_package.sv" Line 8284. Ignoring Subprog write_by_type.
WARNING: [XSIM 43-3499] "/proj/primebuilds/9999.0_PRIME_0428_0031/installs/data/system_verilog/uvm_1.2/xlnx_uvm_package.sv" Line 8300. Ignoring Subprog dump.
WARNING: [XSIM 43-3499] "/proj/primebuilds/9999.0_PRIME_0428_0031/installs/data/system_verilog/uvm_1.2/xlnx_uvm_package.sv" Line 8168. Ignoring Subprog set_default.
WARNING: [XSIM 43-3499] "/proj/primebuilds/9999.0_PRIME_0428_0031/installs/data/system_verilog/uvm_1.2/xlnx_uvm_package.sv" Line 8187. Ignoring Subprog set.
WARNING: [XSIM 43-3499] "/proj/primebuilds/9999.0_PRIME_0428_0031/installs/data/system_verilog/uvm_1.2/xlnx_uvm_package.sv" Line 8197. Ignoring Subprog set_anonymous.
WARNING: [XSIM 43-3499] "/proj/primebuilds/9999.0_PRIME_0428_0031/installs/data/system_verilog/uvm_1.2/xlnx_uvm_package.sv" Line 8208. Ignoring Subprog set_override.
WARNING: [XSIM 43-3499] "/proj/primebuilds/9999.0_PRIME_0428_0031/installs/data/system_verilog/uvm_1.2/xlnx_uvm_package.sv" Line 8217. Ignoring Subprog set_override_type.
WARNING: [XSIM 43-3499] "/proj/primebuilds/9999.0_PRIME_0428_0031/installs/data/system_verilog/uvm_1.2/xlnx_uvm_package.sv" Line 8227. Ignoring Subprog set_override_name.
WARNING: [XSIM 43-3499] "/proj/primebuilds/9999.0_PRIME_0428_0031/installs/data/system_verilog/uvm_1.2/xlnx_uvm_package.sv" Line 8236. Ignoring Subprog read_by_name.
WARNING: [XSIM 43-3499] "/proj/primebuilds/9999.0_PRIME_0428_0031/installs/data/system_verilog/uvm_1.2/xlnx_uvm_package.sv" Line 8252. Ignoring Subprog read_by_type.
WARNING: [XSIM 43-3499] "/proj/primebuilds/9999.0_PRIME_0428_0031/installs/data/system_verilog/uvm_1.2/xlnx_uvm_package.sv" Line 8268. Ignoring Subprog write_by_name.
WARNING: [XSIM 43-3499] "/proj/primebuilds/9999.0_PRIME_0428_0031/installs/data/system_verilog/uvm_1.2/xlnx_uvm_package.sv" Line 8284. Ignoring Subprog write_by_type.
WARNING: [XSIM 43-3499] "/proj/primebuilds/9999.0_PRIME_0428_0031/installs/data/system_verilog/uvm_1.2/xlnx_uvm_package.sv" Line 8300. Ignoring Subprog dump.
WARNING: [XSIM 43-3499] "/proj/primebuilds/9999.0_PRIME_0428_0031/installs/data/system_verilog/uvm_1.2/xlnx_uvm_package.sv" Line 8168. Ignoring Subprog set_default.
WARNING: [XSIM 43-3499] "/proj/primebuilds/9999.0_PRIME_0428_0031/installs/data/system_verilog/uvm_1.2/xlnx_uvm_package.sv" Line 8197. Ignoring Subprog set_anonymous.
WARNING: [XSIM 43-3499] "/proj/primebuilds/9999.0_PRIME_0428_0031/installs/data/system_verilog/uvm_1.2/xlnx_uvm_package.sv" Line 8208. Ignoring Subprog set_override.
WARNING: [XSIM 43-3499] "/proj/primebuilds/9999.0_PRIME_0428_0031/installs/data/system_verilog/uvm_1.2/xlnx_uvm_package.sv" Line 8217. Ignoring Subprog set_override_type.
WARNING: [XSIM 43-3499] "/proj/primebuilds/9999.0_PRIME_0428_0031/installs/data/system_verilog/uvm_1.2/xlnx_uvm_package.sv" Line 8227. Ignoring Subprog set_override_name.
WARNING: [XSIM 43-3499] "/proj/primebuilds/9999.0_PRIME_0428_0031/installs/data/system_verilog/uvm_1.2/xlnx_uvm_package.sv" Line 8252. Ignoring Subprog read_by_type.
WARNING: [XSIM 43-3499] "/proj/primebuilds/9999.0_PRIME_0428_0031/installs/data/system_verilog/uvm_1.2/xlnx_uvm_package.sv" Line 8268. Ignoring Subprog write_by_name.
WARNING: [XSIM 43-3499] "/proj/primebuilds/9999.0_PRIME_0428_0031/installs/data/system_verilog/uvm_1.2/xlnx_uvm_package.sv" Line 8284. Ignoring Subprog write_by_type.
WARNING: [XSIM 43-3499] "/proj/primebuilds/9999.0_PRIME_0428_0031/installs/data/system_verilog/uvm_1.2/xlnx_uvm_package.sv" Line 8300. Ignoring Subprog dump.
WARNING: [XSIM 43-3499] "/proj/primebuilds/9999.0_PRIME_0428_0031/installs/data/system_verilog/uvm_1.2/xlnx_uvm_package.sv" Line 8168. Ignoring Subprog set_default.
WARNING: [XSIM 43-3499] "/proj/primebuilds/9999.0_PRIME_0428_0031/installs/data/system_verilog/uvm_1.2/xlnx_uvm_package.sv" Line 8197. Ignoring Subprog set_anonymous.
WARNING: [XSIM 43-3499] "/proj/primebuilds/9999.0_PRIME_0428_0031/installs/data/system_verilog/uvm_1.2/xlnx_uvm_package.sv" Line 8208. Ignoring Subprog set_override.
WARNING: [XSIM 43-3499] "/proj/primebuilds/9999.0_PRIME_0428_0031/installs/data/system_verilog/uvm_1.2/xlnx_uvm_package.sv" Line 8217. Ignoring Subprog set_override_type.
WARNING: [XSIM 43-3499] "/proj/primebuilds/9999.0_PRIME_0428_0031/installs/data/system_verilog/uvm_1.2/xlnx_uvm_package.sv" Line 8227. Ignoring Subprog set_override_name.
WARNING: [XSIM 43-3499] "/proj/primebuilds/9999.0_PRIME_0428_0031/installs/data/system_verilog/uvm_1.2/xlnx_uvm_package.sv" Line 8236. Ignoring Subprog read_by_name.
WARNING: [XSIM 43-3499] "/proj/primebuilds/9999.0_PRIME_0428_0031/installs/data/system_verilog/uvm_1.2/xlnx_uvm_package.sv" Line 8252. Ignoring Subprog read_by_type.
WARNING: [XSIM 43-3499] "/proj/primebuilds/9999.0_PRIME_0428_0031/installs/data/system_verilog/uvm_1.2/xlnx_uvm_package.sv" Line 8268. Ignoring Subprog write_by_name.
WARNING: [XSIM 43-3499] "/proj/primebuilds/9999.0_PRIME_0428_0031/installs/data/system_verilog/uvm_1.2/xlnx_uvm_package.sv" Line 8284. Ignoring Subprog write_by_type.
WARNING: [XSIM 43-3499] "/proj/primebuilds/9999.0_PRIME_0428_0031/installs/data/system_verilog/uvm_1.2/xlnx_uvm_package.sv" Line 8300. Ignoring Subprog dump.
WARNING: [XSIM 43-3499] "/proj/primebuilds/9999.0_PRIME_0428_0031/installs/data/system_verilog/uvm_1.2/xlnx_uvm_package.sv" Line 8168. Ignoring Subprog set_default.
WARNING: [XSIM 43-3499] "/proj/primebuilds/9999.0_PRIME_0428_0031/installs/data/system_verilog/uvm_1.2/xlnx_uvm_package.sv" Line 8197. Ignoring Subprog set_anonymous.
WARNING: [XSIM 43-3499] "/proj/primebuilds/9999.0_PRIME_0428_0031/installs/data/system_verilog/uvm_1.2/xlnx_uvm_package.sv" Line 8208. Ignoring Subprog set_override.
WARNING: [XSIM 43-3499] "/proj/primebuilds/9999.0_PRIME_0428_0031/installs/data/system_verilog/uvm_1.2/xlnx_uvm_package.sv" Line 8217. Ignoring Subprog set_override_type.
WARNING: [XSIM 43-3499] "/proj/primebuilds/9999.0_PRIME_0428_0031/installs/data/system_verilog/uvm_1.2/xlnx_uvm_package.sv" Line 8227. Ignoring Subprog set_override_name.
WARNING: [XSIM 43-3499] "/proj/primebuilds/9999.0_PRIME_0428_0031/installs/data/system_verilog/uvm_1.2/xlnx_uvm_package.sv" Line 8236. Ignoring Subprog read_by_name.
WARNING: [XSIM 43-3499] "/proj/primebuilds/9999.0_PRIME_0428_0031/installs/data/system_verilog/uvm_1.2/xlnx_uvm_package.sv" Line 8252. Ignoring Subprog read_by_type.
WARNING: [XSIM 43-3499] "/proj/primebuilds/9999.0_PRIME_0428_0031/installs/data/system_verilog/uvm_1.2/xlnx_uvm_package.sv" Line 8268. Ignoring Subprog write_by_name.
WARNING: [XSIM 43-3499] "/proj/primebuilds/9999.0_PRIME_0428_0031/installs/data/system_verilog/uvm_1.2/xlnx_uvm_package.sv" Line 8284. Ignoring Subprog write_by_type.
WARNING: [XSIM 43-3499] "/proj/primebuilds/9999.0_PRIME_0428_0031/installs/data/system_verilog/uvm_1.2/xlnx_uvm_package.sv" Line 8300. Ignoring Subprog dump.
WARNING: [XSIM 43-3499] "/proj/primebuilds/9999.0_PRIME_0428_0031/installs/data/system_verilog/uvm_1.2/xlnx_uvm_package.sv" Line 8168. Ignoring Subprog set_default.
WARNING: [XSIM 43-3499] "/proj/primebuilds/9999.0_PRIME_0428_0031/installs/data/system_verilog/uvm_1.2/xlnx_uvm_package.sv" Line 8187. Ignoring Subprog set.
WARNING: [XSIM 43-3499] "/proj/primebuilds/9999.0_PRIME_0428_0031/installs/data/system_verilog/uvm_1.2/xlnx_uvm_package.sv" Line 8197. Ignoring Subprog set_anonymous.
WARNING: [XSIM 43-3499] "/proj/primebuilds/9999.0_PRIME_0428_0031/installs/data/system_verilog/uvm_1.2/xlnx_uvm_package.sv" Line 8208. Ignoring Subprog set_override.
WARNING: [XSIM 43-3499] "/proj/primebuilds/9999.0_PRIME_0428_0031/installs/data/system_verilog/uvm_1.2/xlnx_uvm_package.sv" Line 8217. Ignoring Subprog set_override_type.
WARNING: [XSIM 43-3499] "/proj/primebuilds/9999.0_PRIME_0428_0031/installs/data/system_verilog/uvm_1.2/xlnx_uvm_package.sv" Line 8227. Ignoring Subprog set_override_name.
WARNING: [XSIM 43-3499] "/proj/primebuilds/9999.0_PRIME_0428_0031/installs/data/system_verilog/uvm_1.2/xlnx_uvm_package.sv" Line 8236. Ignoring Subprog read_by_name.
WARNING: [XSIM 43-3499] "/proj/primebuilds/9999.0_PRIME_0428_0031/installs/data/system_verilog/uvm_1.2/xlnx_uvm_package.sv" Line 8252. Ignoring Subprog read_by_type.
WARNING: [XSIM 43-3499] "/proj/primebuilds/9999.0_PRIME_0428_0031/installs/data/system_verilog/uvm_1.2/xlnx_uvm_package.sv" Line 8268. Ignoring Subprog write_by_name.
WARNING: [XSIM 43-3499] "/proj/primebuilds/9999.0_PRIME_0428_0031/installs/data/system_verilog/uvm_1.2/xlnx_uvm_package.sv" Line 8284. Ignoring Subprog write_by_type.
WARNING: [XSIM 43-3499] "/proj/primebuilds/9999.0_PRIME_0428_0031/installs/data/system_verilog/uvm_1.2/xlnx_uvm_package.sv" Line 8300. Ignoring Subprog dump.
WARNING: [XSIM 43-3499] "/proj/primebuilds/9999.0_PRIME_0428_0031/installs/data/system_verilog/uvm_1.2/xlnx_uvm_package.sv" Line 8315. Ignoring Subprog turn_on_tracing.
WARNING: [XSIM 43-3499] "/proj/primebuilds/9999.0_PRIME_0428_0031/installs/data/system_verilog/uvm_1.2/xlnx_uvm_package.sv" Line 8321. Ignoring Subprog turn_off_tracing.
WARNING: [XSIM 43-3499] "/proj/primebuilds/9999.0_PRIME_0428_0031/installs/data/system_verilog/uvm_1.2/xlnx_uvm_package.sv" Line 8473. Ignoring Subprog exists.
WARNING: [XSIM 43-3499] "/proj/primebuilds/9999.0_PRIME_0428_0031/installs/data/system_verilog/uvm_1.2/xlnx_uvm_package.sv" Line 8488. Ignoring Subprog wait_modified.
WARNING: [XSIM 43-3499] "/proj/primebuilds/9999.0_PRIME_0428_0031/installs/data/system_verilog/uvm_1.2/xlnx_uvm_package.sv" Line 8473. Ignoring Subprog exists.
WARNING: [XSIM 43-3499] "/proj/primebuilds/9999.0_PRIME_0428_0031/installs/data/system_verilog/uvm_1.2/xlnx_uvm_package.sv" Line 8488. Ignoring Subprog wait_modified.
WARNING: [XSIM 43-3499] "/proj/primebuilds/9999.0_PRIME_0428_0031/installs/data/system_verilog/uvm_1.2/xlnx_uvm_package.sv" Line 8369. Ignoring Subprog get.
WARNING: [XSIM 43-3499] "/proj/primebuilds/9999.0_PRIME_0428_0031/installs/data/system_verilog/uvm_1.2/xlnx_uvm_package.sv" Line 8398. Ignoring Subprog set.
WARNING: [XSIM 43-3499] "/proj/primebuilds/9999.0_PRIME_0428_0031/installs/data/system_verilog/uvm_1.2/xlnx_uvm_package.sv" Line 8488. Ignoring Subprog wait_modified.
WARNING: [XSIM 43-3499] "/proj/primebuilds/9999.0_PRIME_0428_0031/installs/data/system_verilog/uvm_1.2/xlnx_uvm_package.sv" Line 8369. Ignoring Subprog get.
WARNING: [XSIM 43-3499] "/proj/primebuilds/9999.0_PRIME_0428_0031/installs/data/system_verilog/uvm_1.2/xlnx_uvm_package.sv" Line 8488. Ignoring Subprog wait_modified.
WARNING: [XSIM 43-3499] "/proj/primebuilds/9999.0_PRIME_0428_0031/installs/data/system_verilog/uvm_1.2/xlnx_uvm_package.sv" Line 8398. Ignoring Subprog set.
WARNING: [XSIM 43-3499] "/proj/primebuilds/9999.0_PRIME_0428_0031/installs/data/system_verilog/uvm_1.2/xlnx_uvm_package.sv" Line 8473. Ignoring Subprog exists.
WARNING: [XSIM 43-3499] "/proj/primebuilds/9999.0_PRIME_0428_0031/installs/data/system_verilog/uvm_1.2/xlnx_uvm_package.sv" Line 8488. Ignoring Subprog wait_modified.
WARNING: [XSIM 43-3499] "/proj/primebuilds/9999.0_PRIME_0428_0031/installs/data/system_verilog/uvm_1.2/xlnx_uvm_package.sv" Line 8473. Ignoring Subprog exists.
WARNING: [XSIM 43-3499] "/proj/primebuilds/9999.0_PRIME_0428_0031/installs/data/system_verilog/uvm_1.2/xlnx_uvm_package.sv" Line 8488. Ignoring Subprog wait_modified.
WARNING: [XSIM 43-3499] "/proj/primebuilds/9999.0_PRIME_0428_0031/installs/data/system_verilog/uvm_1.2/xlnx_uvm_package.sv" Line 8369. Ignoring Subprog get.
WARNING: [XSIM 43-3499] "/proj/primebuilds/9999.0_PRIME_0428_0031/installs/data/system_verilog/uvm_1.2/xlnx_uvm_package.sv" Line 8473. Ignoring Subprog exists.
WARNING: [XSIM 43-3499] "/proj/primebuilds/9999.0_PRIME_0428_0031/installs/data/system_verilog/uvm_1.2/xlnx_uvm_package.sv" Line 8488. Ignoring Subprog wait_modified.
WARNING: [XSIM 43-3499] "/proj/primebuilds/9999.0_PRIME_0428_0031/installs/data/system_verilog/uvm_1.2/xlnx_uvm_package.sv" Line 8473. Ignoring Subprog exists.
WARNING: [XSIM 43-3499] "/proj/primebuilds/9999.0_PRIME_0428_0031/installs/data/system_verilog/uvm_1.2/xlnx_uvm_package.sv" Line 8488. Ignoring Subprog wait_modified.
WARNING: [XSIM 43-3499] "/proj/primebuilds/9999.0_PRIME_0428_0031/installs/data/system_verilog/uvm_1.2/xlnx_uvm_package.sv" Line 8541. Ignoring Subprog turn_on_tracing.
WARNING: [XSIM 43-3499] "/proj/primebuilds/9999.0_PRIME_0428_0031/installs/data/system_verilog/uvm_1.2/xlnx_uvm_package.sv" Line 8547. Ignoring Subprog turn_off_tracing.
WARNING: [XSIM 43-3499] "/proj/primebuilds/9999.0_PRIME_0428_0031/installs/data/system_verilog/uvm_1.2/xlnx_uvm_package.sv" Line 9383. Ignoring Subprog init.
WARNING: [XSIM 43-3499] "/proj/primebuilds/9999.0_PRIME_0428_0031/installs/data/system_verilog/uvm_1.2/xlnx_uvm_package.sv" Line 9883. Ignoring Subprog set_lhs.
WARNING: [XSIM 43-3499] "/proj/primebuilds/9999.0_PRIME_0428_0031/installs/data/system_verilog/uvm_1.2/xlnx_uvm_package.sv" Line 9891. Ignoring Subprog set_rhs.
WARNING: [XSIM 43-3499] "/proj/primebuilds/9999.0_PRIME_0428_0031/installs/data/system_verilog/uvm_1.2/xlnx_uvm_package.sv" Line 9917. Ignoring Subprog get_type.
WARNING: [XSIM 43-3499] "/proj/primebuilds/9999.0_PRIME_0428_0031/installs/data/system_verilog/uvm_1.2/xlnx_uvm_package.sv" Line 9991. Ignoring Subprog get_type.
WARNING: [XSIM 43-3499] "/proj/primebuilds/9999.0_PRIME_0428_0031/installs/data/system_verilog/uvm_1.2/xlnx_uvm_package.sv" Line 10043. Ignoring Subprog close_db.
WARNING: [XSIM 43-3499] "/proj/primebuilds/9999.0_PRIME_0428_0031/installs/data/system_verilog/uvm_1.2/xlnx_uvm_package.sv" Line 10051. Ignoring Subprog is_open.
WARNING: [XSIM 43-3499] "/proj/primebuilds/9999.0_PRIME_0428_0031/installs/data/system_verilog/uvm_1.2/xlnx_uvm_package.sv" Line 10085. Ignoring Subprog get_streams.
WARNING: [XSIM 43-3499] "/proj/primebuilds/9999.0_PRIME_0428_0031/installs/data/system_verilog/uvm_1.2/xlnx_uvm_package.sv" Line 10157. Ignoring Subprog get_type.
WARNING: [XSIM 43-3499] "/proj/primebuilds/9999.0_PRIME_0428_0031/installs/data/system_verilog/uvm_1.2/xlnx_uvm_package.sv" Line 10360. Ignoring Subprog is_open.
WARNING: [XSIM 43-3499] "/proj/primebuilds/9999.0_PRIME_0428_0031/installs/data/system_verilog/uvm_1.2/xlnx_uvm_package.sv" Line 10399. Ignoring Subprog get_recorders.
WARNING: [XSIM 43-3499] "/proj/primebuilds/9999.0_PRIME_0428_0031/installs/data/system_verilog/uvm_1.2/xlnx_uvm_package.sv" Line 10472. Ignoring Subprog get_type.
WARNING: [XSIM 43-3499] "/proj/primebuilds/9999.0_PRIME_0428_0031/installs/data/system_verilog/uvm_1.2/xlnx_uvm_package.sv" Line 10592. Ignoring Subprog get_open_time.
WARNING: [XSIM 43-3499] "/proj/primebuilds/9999.0_PRIME_0428_0031/installs/data/system_verilog/uvm_1.2/xlnx_uvm_package.sv" Line 10600. Ignoring Subprog get_close_time.
WARNING: [XSIM 43-3499] "/proj/primebuilds/9999.0_PRIME_0428_0031/installs/data/system_verilog/uvm_1.2/xlnx_uvm_package.sv" Line 10682. Ignoring Subprog record_field_real.
WARNING: [XSIM 43-3499] "/proj/primebuilds/9999.0_PRIME_0428_0031/installs/data/system_verilog/uvm_1.2/xlnx_uvm_package.sv" Line 10705. Ignoring Subprog record_time.
WARNING: [XSIM 43-3499] "/proj/primebuilds/9999.0_PRIME_0428_0031/installs/data/system_verilog/uvm_1.2/xlnx_uvm_package.sv" Line 10797. Ignoring Subprog get_type.
WARNING: [XSIM 43-3499] "/proj/primebuilds/9999.0_PRIME_0428_0031/installs/data/system_verilog/uvm_1.2/xlnx_uvm_package.sv" Line 11838. Ignoring Subprog add_by_name.
WARNING: [XSIM 43-3499] "/proj/primebuilds/9999.0_PRIME_0428_0031/installs/data/system_verilog/uvm_1.2/xlnx_uvm_package.sv" Line 11892. Ignoring Subprog delete_by_name.
WARNING: [XSIM 43-3499] "/proj/primebuilds/9999.0_PRIME_0428_0031/installs/data/system_verilog/uvm_1.2/xlnx_uvm_package.sv" Line 11971. Ignoring Subprog display.
WARNING: [XSIM 43-3499] "/proj/primebuilds/9999.0_PRIME_0428_0031/installs/data/system_verilog/uvm_1.2/xlnx_uvm_package.sv" Line 11717. Ignoring Subprog m_register_pair.
WARNING: [XSIM 43-3499] "/proj/primebuilds/9999.0_PRIME_0428_0031/installs/data/system_verilog/uvm_1.2/xlnx_uvm_package.sv" Line 11838. Ignoring Subprog add_by_name.
WARNING: [XSIM 43-3499] "/proj/primebuilds/9999.0_PRIME_0428_0031/installs/data/system_verilog/uvm_1.2/xlnx_uvm_package.sv" Line 11892. Ignoring Subprog delete_by_name.
WARNING: [XSIM 43-3499] "/proj/primebuilds/9999.0_PRIME_0428_0031/installs/data/system_verilog/uvm_1.2/xlnx_uvm_package.sv" Line 11927. Ignoring Subprog get_first.
WARNING: [XSIM 43-3499] "/proj/primebuilds/9999.0_PRIME_0428_0031/installs/data/system_verilog/uvm_1.2/xlnx_uvm_package.sv" Line 11938. Ignoring Subprog get_last.
WARNING: [XSIM 43-3499] "/proj/primebuilds/9999.0_PRIME_0428_0031/installs/data/system_verilog/uvm_1.2/xlnx_uvm_package.sv" Line 11949. Ignoring Subprog get_next.
WARNING: [XSIM 43-3499] "/proj/primebuilds/9999.0_PRIME_0428_0031/installs/data/system_verilog/uvm_1.2/xlnx_uvm_package.sv" Line 11960. Ignoring Subprog get_prev.
WARNING: [XSIM 43-3499] "/proj/primebuilds/9999.0_PRIME_0428_0031/installs/data/system_verilog/uvm_1.2/xlnx_uvm_package.sv" Line 11971. Ignoring Subprog display.
WARNING: [XSIM 43-3499] "/proj/primebuilds/9999.0_PRIME_0428_0031/installs/data/system_verilog/uvm_1.2/xlnx_uvm_package.sv" Line 11838. Ignoring Subprog add_by_name.
WARNING: [XSIM 43-3499] "/proj/primebuilds/9999.0_PRIME_0428_0031/installs/data/system_verilog/uvm_1.2/xlnx_uvm_package.sv" Line 11892. Ignoring Subprog delete_by_name.
WARNING: [XSIM 43-3499] "/proj/primebuilds/9999.0_PRIME_0428_0031/installs/data/system_verilog/uvm_1.2/xlnx_uvm_package.sv" Line 11971. Ignoring Subprog display.
WARNING: [XSIM 43-3499] "/proj/primebuilds/9999.0_PRIME_0428_0031/installs/data/system_verilog/uvm_1.2/xlnx_uvm_package.sv" Line 11717. Ignoring Subprog m_register_pair.
WARNING: [XSIM 43-3499] "/proj/primebuilds/9999.0_PRIME_0428_0031/installs/data/system_verilog/uvm_1.2/xlnx_uvm_package.sv" Line 11838. Ignoring Subprog add_by_name.
WARNING: [XSIM 43-3499] "/proj/primebuilds/9999.0_PRIME_0428_0031/installs/data/system_verilog/uvm_1.2/xlnx_uvm_package.sv" Line 11892. Ignoring Subprog delete_by_name.
WARNING: [XSIM 43-3499] "/proj/primebuilds/9999.0_PRIME_0428_0031/installs/data/system_verilog/uvm_1.2/xlnx_uvm_package.sv" Line 11927. Ignoring Subprog get_first.
WARNING: [XSIM 43-3499] "/proj/primebuilds/9999.0_PRIME_0428_0031/installs/data/system_verilog/uvm_1.2/xlnx_uvm_package.sv" Line 11938. Ignoring Subprog get_last.
WARNING: [XSIM 43-3499] "/proj/primebuilds/9999.0_PRIME_0428_0031/installs/data/system_verilog/uvm_1.2/xlnx_uvm_package.sv" Line 11949. Ignoring Subprog get_next.
WARNING: [XSIM 43-3499] "/proj/primebuilds/9999.0_PRIME_0428_0031/installs/data/system_verilog/uvm_1.2/xlnx_uvm_package.sv" Line 11960. Ignoring Subprog get_prev.
WARNING: [XSIM 43-3499] "/proj/primebuilds/9999.0_PRIME_0428_0031/installs/data/system_verilog/uvm_1.2/xlnx_uvm_package.sv" Line 11971. Ignoring Subprog display.
WARNING: [XSIM 43-3499] "/proj/primebuilds/9999.0_PRIME_0428_0031/installs/data/system_verilog/uvm_1.2/xlnx_uvm_package.sv" Line 11838. Ignoring Subprog add_by_name.
WARNING: [XSIM 43-3499] "/proj/primebuilds/9999.0_PRIME_0428_0031/installs/data/system_verilog/uvm_1.2/xlnx_uvm_package.sv" Line 11892. Ignoring Subprog delete_by_name.
WARNING: [XSIM 43-3499] "/proj/primebuilds/9999.0_PRIME_0428_0031/installs/data/system_verilog/uvm_1.2/xlnx_uvm_package.sv" Line 11971. Ignoring Subprog display.
WARNING: [XSIM 43-3499] "/proj/primebuilds/9999.0_PRIME_0428_0031/installs/data/system_verilog/uvm_1.2/xlnx_uvm_package.sv" Line 11717. Ignoring Subprog m_register_pair.
WARNING: [XSIM 43-3499] "/proj/primebuilds/9999.0_PRIME_0428_0031/installs/data/system_verilog/uvm_1.2/xlnx_uvm_package.sv" Line 11838. Ignoring Subprog add_by_name.
WARNING: [XSIM 43-3499] "/proj/primebuilds/9999.0_PRIME_0428_0031/installs/data/system_verilog/uvm_1.2/xlnx_uvm_package.sv" Line 11892. Ignoring Subprog delete_by_name.
WARNING: [XSIM 43-3499] "/proj/primebuilds/9999.0_PRIME_0428_0031/installs/data/system_verilog/uvm_1.2/xlnx_uvm_package.sv" Line 11927. Ignoring Subprog get_first.
WARNING: [XSIM 43-3499] "/proj/primebuilds/9999.0_PRIME_0428_0031/installs/data/system_verilog/uvm_1.2/xlnx_uvm_package.sv" Line 11938. Ignoring Subprog get_last.
WARNING: [XSIM 43-3499] "/proj/primebuilds/9999.0_PRIME_0428_0031/installs/data/system_verilog/uvm_1.2/xlnx_uvm_package.sv" Line 11949. Ignoring Subprog get_next.
WARNING: [XSIM 43-3499] "/proj/primebuilds/9999.0_PRIME_0428_0031/installs/data/system_verilog/uvm_1.2/xlnx_uvm_package.sv" Line 11960. Ignoring Subprog get_prev.
WARNING: [XSIM 43-3499] "/proj/primebuilds/9999.0_PRIME_0428_0031/installs/data/system_verilog/uvm_1.2/xlnx_uvm_package.sv" Line 11971. Ignoring Subprog display.
WARNING: [XSIM 43-3499] "/proj/primebuilds/9999.0_PRIME_0428_0031/installs/data/system_verilog/uvm_1.2/xlnx_uvm_package.sv" Line 11717. Ignoring Subprog m_register_pair.
WARNING: [XSIM 43-3499] "/proj/primebuilds/9999.0_PRIME_0428_0031/installs/data/system_verilog/uvm_1.2/xlnx_uvm_package.sv" Line 11838. Ignoring Subprog add_by_name.
WARNING: [XSIM 43-3499] "/proj/primebuilds/9999.0_PRIME_0428_0031/installs/data/system_verilog/uvm_1.2/xlnx_uvm_package.sv" Line 11892. Ignoring Subprog delete_by_name.
WARNING: [XSIM 43-3499] "/proj/primebuilds/9999.0_PRIME_0428_0031/installs/data/system_verilog/uvm_1.2/xlnx_uvm_package.sv" Line 11927. Ignoring Subprog get_first.
WARNING: [XSIM 43-3499] "/proj/primebuilds/9999.0_PRIME_0428_0031/installs/data/system_verilog/uvm_1.2/xlnx_uvm_package.sv" Line 11938. Ignoring Subprog get_last.
WARNING: [XSIM 43-3499] "/proj/primebuilds/9999.0_PRIME_0428_0031/installs/data/system_verilog/uvm_1.2/xlnx_uvm_package.sv" Line 11949. Ignoring Subprog get_next.
WARNING: [XSIM 43-3499] "/proj/primebuilds/9999.0_PRIME_0428_0031/installs/data/system_verilog/uvm_1.2/xlnx_uvm_package.sv" Line 11960. Ignoring Subprog get_prev.
WARNING: [XSIM 43-3499] "/proj/primebuilds/9999.0_PRIME_0428_0031/installs/data/system_verilog/uvm_1.2/xlnx_uvm_package.sv" Line 11971. Ignoring Subprog display.
WARNING: [XSIM 43-3499] "/proj/primebuilds/9999.0_PRIME_0428_0031/installs/data/system_verilog/uvm_1.2/xlnx_uvm_package.sv" Line 11838. Ignoring Subprog add_by_name.
WARNING: [XSIM 43-3499] "/proj/primebuilds/9999.0_PRIME_0428_0031/installs/data/system_verilog/uvm_1.2/xlnx_uvm_package.sv" Line 11892. Ignoring Subprog delete_by_name.
WARNING: [XSIM 43-3499] "/proj/primebuilds/9999.0_PRIME_0428_0031/installs/data/system_verilog/uvm_1.2/xlnx_uvm_package.sv" Line 11971. Ignoring Subprog display.
WARNING: [XSIM 43-3499] "/proj/primebuilds/9999.0_PRIME_0428_0031/installs/data/system_verilog/uvm_1.2/xlnx_uvm_package.sv" Line 11717. Ignoring Subprog m_register_pair.
WARNING: [XSIM 43-3499] "/proj/primebuilds/9999.0_PRIME_0428_0031/installs/data/system_verilog/uvm_1.2/xlnx_uvm_package.sv" Line 11838. Ignoring Subprog add_by_name.
WARNING: [XSIM 43-3499] "/proj/primebuilds/9999.0_PRIME_0428_0031/installs/data/system_verilog/uvm_1.2/xlnx_uvm_package.sv" Line 11892. Ignoring Subprog delete_by_name.
WARNING: [XSIM 43-3499] "/proj/primebuilds/9999.0_PRIME_0428_0031/installs/data/system_verilog/uvm_1.2/xlnx_uvm_package.sv" Line 11927. Ignoring Subprog get_first.
WARNING: [XSIM 43-3499] "/proj/primebuilds/9999.0_PRIME_0428_0031/installs/data/system_verilog/uvm_1.2/xlnx_uvm_package.sv" Line 11938. Ignoring Subprog get_last.
WARNING: [XSIM 43-3499] "/proj/primebuilds/9999.0_PRIME_0428_0031/installs/data/system_verilog/uvm_1.2/xlnx_uvm_package.sv" Line 11949. Ignoring Subprog get_next.
WARNING: [XSIM 43-3499] "/proj/primebuilds/9999.0_PRIME_0428_0031/installs/data/system_verilog/uvm_1.2/xlnx_uvm_package.sv" Line 11960. Ignoring Subprog get_prev.
WARNING: [XSIM 43-3499] "/proj/primebuilds/9999.0_PRIME_0428_0031/installs/data/system_verilog/uvm_1.2/xlnx_uvm_package.sv" Line 11971. Ignoring Subprog display.
WARNING: [XSIM 43-3499] "/proj/primebuilds/9999.0_PRIME_0428_0031/installs/data/system_verilog/uvm_1.2/xlnx_uvm_package.sv" Line 11838. Ignoring Subprog add_by_name.
WARNING: [XSIM 43-3499] "/proj/primebuilds/9999.0_PRIME_0428_0031/installs/data/system_verilog/uvm_1.2/xlnx_uvm_package.sv" Line 11892. Ignoring Subprog delete_by_name.
WARNING: [XSIM 43-3499] "/proj/primebuilds/9999.0_PRIME_0428_0031/installs/data/system_verilog/uvm_1.2/xlnx_uvm_package.sv" Line 11971. Ignoring Subprog display.
WARNING: [XSIM 43-3499] "/proj/primebuilds/9999.0_PRIME_0428_0031/installs/data/system_verilog/uvm_1.2/xlnx_uvm_package.sv" Line 11717. Ignoring Subprog m_register_pair.
WARNING: [XSIM 43-3499] "/proj/primebuilds/9999.0_PRIME_0428_0031/installs/data/system_verilog/uvm_1.2/xlnx_uvm_package.sv" Line 11838. Ignoring Subprog add_by_name.
WARNING: [XSIM 43-3499] "/proj/primebuilds/9999.0_PRIME_0428_0031/installs/data/system_verilog/uvm_1.2/xlnx_uvm_package.sv" Line 11892. Ignoring Subprog delete_by_name.
WARNING: [XSIM 43-3499] "/proj/primebuilds/9999.0_PRIME_0428_0031/installs/data/system_verilog/uvm_1.2/xlnx_uvm_package.sv" Line 11927. Ignoring Subprog get_first.
WARNING: [XSIM 43-3499] "/proj/primebuilds/9999.0_PRIME_0428_0031/installs/data/system_verilog/uvm_1.2/xlnx_uvm_package.sv" Line 11938. Ignoring Subprog get_last.
WARNING: [XSIM 43-3499] "/proj/primebuilds/9999.0_PRIME_0428_0031/installs/data/system_verilog/uvm_1.2/xlnx_uvm_package.sv" Line 11949. Ignoring Subprog get_next.
WARNING: [XSIM 43-3499] "/proj/primebuilds/9999.0_PRIME_0428_0031/installs/data/system_verilog/uvm_1.2/xlnx_uvm_package.sv" Line 11960. Ignoring Subprog get_prev.
WARNING: [XSIM 43-3499] "/proj/primebuilds/9999.0_PRIME_0428_0031/installs/data/system_verilog/uvm_1.2/xlnx_uvm_package.sv" Line 11971. Ignoring Subprog display.
WARNING: [XSIM 43-3499] "/proj/primebuilds/9999.0_PRIME_0428_0031/installs/data/system_verilog/uvm_1.2/xlnx_uvm_package.sv" Line 11838. Ignoring Subprog add_by_name.
WARNING: [XSIM 43-3499] "/proj/primebuilds/9999.0_PRIME_0428_0031/installs/data/system_verilog/uvm_1.2/xlnx_uvm_package.sv" Line 11892. Ignoring Subprog delete_by_name.
WARNING: [XSIM 43-3499] "/proj/primebuilds/9999.0_PRIME_0428_0031/installs/data/system_verilog/uvm_1.2/xlnx_uvm_package.sv" Line 11971. Ignoring Subprog display.
WARNING: [XSIM 43-3499] "/proj/primebuilds/9999.0_PRIME_0428_0031/installs/data/system_verilog/uvm_1.2/xlnx_uvm_package.sv" Line 11717. Ignoring Subprog m_register_pair.
WARNING: [XSIM 43-3499] "/proj/primebuilds/9999.0_PRIME_0428_0031/installs/data/system_verilog/uvm_1.2/xlnx_uvm_package.sv" Line 11838. Ignoring Subprog add_by_name.
WARNING: [XSIM 43-3499] "/proj/primebuilds/9999.0_PRIME_0428_0031/installs/data/system_verilog/uvm_1.2/xlnx_uvm_package.sv" Line 11892. Ignoring Subprog delete_by_name.
WARNING: [XSIM 43-3499] "/proj/primebuilds/9999.0_PRIME_0428_0031/installs/data/system_verilog/uvm_1.2/xlnx_uvm_package.sv" Line 11927. Ignoring Subprog get_first.
WARNING: [XSIM 43-3499] "/proj/primebuilds/9999.0_PRIME_0428_0031/installs/data/system_verilog/uvm_1.2/xlnx_uvm_package.sv" Line 11938. Ignoring Subprog get_last.
WARNING: [XSIM 43-3499] "/proj/primebuilds/9999.0_PRIME_0428_0031/installs/data/system_verilog/uvm_1.2/xlnx_uvm_package.sv" Line 11949. Ignoring Subprog get_next.
WARNING: [XSIM 43-3499] "/proj/primebuilds/9999.0_PRIME_0428_0031/installs/data/system_verilog/uvm_1.2/xlnx_uvm_package.sv" Line 11960. Ignoring Subprog get_prev.
WARNING: [XSIM 43-3499] "/proj/primebuilds/9999.0_PRIME_0428_0031/installs/data/system_verilog/uvm_1.2/xlnx_uvm_package.sv" Line 11971. Ignoring Subprog display.
WARNING: [XSIM 43-3499] "/proj/primebuilds/9999.0_PRIME_0428_0031/installs/data/system_verilog/uvm_1.2/xlnx_uvm_package.sv" Line 11838. Ignoring Subprog add_by_name.
WARNING: [XSIM 43-3499] "/proj/primebuilds/9999.0_PRIME_0428_0031/installs/data/system_verilog/uvm_1.2/xlnx_uvm_package.sv" Line 11892. Ignoring Subprog delete_by_name.
WARNING: [XSIM 43-3499] "/proj/primebuilds/9999.0_PRIME_0428_0031/installs/data/system_verilog/uvm_1.2/xlnx_uvm_package.sv" Line 11971. Ignoring Subprog display.
WARNING: [XSIM 43-3499] "/proj/primebuilds/9999.0_PRIME_0428_0031/installs/data/system_verilog/uvm_1.2/xlnx_uvm_package.sv" Line 11717. Ignoring Subprog m_register_pair.
WARNING: [XSIM 43-3499] "/proj/primebuilds/9999.0_PRIME_0428_0031/installs/data/system_verilog/uvm_1.2/xlnx_uvm_package.sv" Line 11838. Ignoring Subprog add_by_name.
WARNING: [XSIM 43-3499] "/proj/primebuilds/9999.0_PRIME_0428_0031/installs/data/system_verilog/uvm_1.2/xlnx_uvm_package.sv" Line 11892. Ignoring Subprog delete_by_name.
WARNING: [XSIM 43-3499] "/proj/primebuilds/9999.0_PRIME_0428_0031/installs/data/system_verilog/uvm_1.2/xlnx_uvm_package.sv" Line 11927. Ignoring Subprog get_first.
WARNING: [XSIM 43-3499] "/proj/primebuilds/9999.0_PRIME_0428_0031/installs/data/system_verilog/uvm_1.2/xlnx_uvm_package.sv" Line 11938. Ignoring Subprog get_last.
WARNING: [XSIM 43-3499] "/proj/primebuilds/9999.0_PRIME_0428_0031/installs/data/system_verilog/uvm_1.2/xlnx_uvm_package.sv" Line 11949. Ignoring Subprog get_next.
WARNING: [XSIM 43-3499] "/proj/primebuilds/9999.0_PRIME_0428_0031/installs/data/system_verilog/uvm_1.2/xlnx_uvm_package.sv" Line 11960. Ignoring Subprog get_prev.
WARNING: [XSIM 43-3499] "/proj/primebuilds/9999.0_PRIME_0428_0031/installs/data/system_verilog/uvm_1.2/xlnx_uvm_package.sv" Line 11971. Ignoring Subprog display.
WARNING: [XSIM 43-3499] "/proj/primebuilds/9999.0_PRIME_0428_0031/installs/data/system_verilog/uvm_1.2/xlnx_uvm_package.sv" Line 11838. Ignoring Subprog add_by_name.
WARNING: [XSIM 43-3499] "/proj/primebuilds/9999.0_PRIME_0428_0031/installs/data/system_verilog/uvm_1.2/xlnx_uvm_package.sv" Line 11892. Ignoring Subprog delete_by_name.
WARNING: [XSIM 43-3499] "/proj/primebuilds/9999.0_PRIME_0428_0031/installs/data/system_verilog/uvm_1.2/xlnx_uvm_package.sv" Line 11971. Ignoring Subprog display.
WARNING: [XSIM 43-3499] "/proj/primebuilds/9999.0_PRIME_0428_0031/installs/data/system_verilog/uvm_1.2/xlnx_uvm_package.sv" Line 11717. Ignoring Subprog m_register_pair.
WARNING: [XSIM 43-3499] "/proj/primebuilds/9999.0_PRIME_0428_0031/installs/data/system_verilog/uvm_1.2/xlnx_uvm_package.sv" Line 11838. Ignoring Subprog add_by_name.
WARNING: [XSIM 43-3499] "/proj/primebuilds/9999.0_PRIME_0428_0031/installs/data/system_verilog/uvm_1.2/xlnx_uvm_package.sv" Line 11892. Ignoring Subprog delete_by_name.
WARNING: [XSIM 43-3499] "/proj/primebuilds/9999.0_PRIME_0428_0031/installs/data/system_verilog/uvm_1.2/xlnx_uvm_package.sv" Line 11927. Ignoring Subprog get_first.
WARNING: [XSIM 43-3499] "/proj/primebuilds/9999.0_PRIME_0428_0031/installs/data/system_verilog/uvm_1.2/xlnx_uvm_package.sv" Line 11938. Ignoring Subprog get_last.
WARNING: [XSIM 43-3499] "/proj/primebuilds/9999.0_PRIME_0428_0031/installs/data/system_verilog/uvm_1.2/xlnx_uvm_package.sv" Line 11949. Ignoring Subprog get_next.
WARNING: [XSIM 43-3499] "/proj/primebuilds/9999.0_PRIME_0428_0031/installs/data/system_verilog/uvm_1.2/xlnx_uvm_package.sv" Line 11960. Ignoring Subprog get_prev.
WARNING: [XSIM 43-3499] "/proj/primebuilds/9999.0_PRIME_0428_0031/installs/data/system_verilog/uvm_1.2/xlnx_uvm_package.sv" Line 11971. Ignoring Subprog display.
WARNING: [XSIM 43-3499] "/proj/primebuilds/9999.0_PRIME_0428_0031/installs/data/system_verilog/uvm_1.2/xlnx_uvm_package.sv" Line 11838. Ignoring Subprog add_by_name.
WARNING: [XSIM 43-3499] "/proj/primebuilds/9999.0_PRIME_0428_0031/installs/data/system_verilog/uvm_1.2/xlnx_uvm_package.sv" Line 11892. Ignoring Subprog delete_by_name.
WARNING: [XSIM 43-3499] "/proj/primebuilds/9999.0_PRIME_0428_0031/installs/data/system_verilog/uvm_1.2/xlnx_uvm_package.sv" Line 11971. Ignoring Subprog display.
WARNING: [XSIM 43-3499] "/proj/primebuilds/9999.0_PRIME_0428_0031/installs/data/system_verilog/uvm_1.2/xlnx_uvm_package.sv" Line 11717. Ignoring Subprog m_register_pair.
WARNING: [XSIM 43-3499] "/proj/primebuilds/9999.0_PRIME_0428_0031/installs/data/system_verilog/uvm_1.2/xlnx_uvm_package.sv" Line 11838. Ignoring Subprog add_by_name.
WARNING: [XSIM 43-3499] "/proj/primebuilds/9999.0_PRIME_0428_0031/installs/data/system_verilog/uvm_1.2/xlnx_uvm_package.sv" Line 11892. Ignoring Subprog delete_by_name.
WARNING: [XSIM 43-3499] "/proj/primebuilds/9999.0_PRIME_0428_0031/installs/data/system_verilog/uvm_1.2/xlnx_uvm_package.sv" Line 11927. Ignoring Subprog get_first.
WARNING: [XSIM 43-3499] "/proj/primebuilds/9999.0_PRIME_0428_0031/installs/data/system_verilog/uvm_1.2/xlnx_uvm_package.sv" Line 11938. Ignoring Subprog get_last.
WARNING: [XSIM 43-3499] "/proj/primebuilds/9999.0_PRIME_0428_0031/installs/data/system_verilog/uvm_1.2/xlnx_uvm_package.sv" Line 11949. Ignoring Subprog get_next.
WARNING: [XSIM 43-3499] "/proj/primebuilds/9999.0_PRIME_0428_0031/installs/data/system_verilog/uvm_1.2/xlnx_uvm_package.sv" Line 11960. Ignoring Subprog get_prev.
WARNING: [XSIM 43-3499] "/proj/primebuilds/9999.0_PRIME_0428_0031/installs/data/system_verilog/uvm_1.2/xlnx_uvm_package.sv" Line 11971. Ignoring Subprog display.
WARNING: [XSIM 43-3499] "/proj/primebuilds/9999.0_PRIME_0428_0031/installs/data/system_verilog/uvm_1.2/xlnx_uvm_package.sv" Line 12043. Ignoring Subprog last.
WARNING: [XSIM 43-3499] "/proj/primebuilds/9999.0_PRIME_0428_0031/installs/data/system_verilog/uvm_1.2/xlnx_uvm_package.sv" Line 12055. Ignoring Subprog prev.
WARNING: [XSIM 43-3499] "/proj/primebuilds/9999.0_PRIME_0428_0031/installs/data/system_verilog/uvm_1.2/xlnx_uvm_package.sv" Line 12061. Ignoring Subprog get_cb.
WARNING: [XSIM 43-3499] "/proj/primebuilds/9999.0_PRIME_0428_0031/installs/data/system_verilog/uvm_1.2/xlnx_uvm_package.sv" Line 12043. Ignoring Subprog last.
WARNING: [XSIM 43-3499] "/proj/primebuilds/9999.0_PRIME_0428_0031/installs/data/system_verilog/uvm_1.2/xlnx_uvm_package.sv" Line 12055. Ignoring Subprog prev.
WARNING: [XSIM 43-3499] "/proj/primebuilds/9999.0_PRIME_0428_0031/installs/data/system_verilog/uvm_1.2/xlnx_uvm_package.sv" Line 12061. Ignoring Subprog get_cb.
WARNING: [XSIM 43-3499] "/proj/primebuilds/9999.0_PRIME_0428_0031/installs/data/system_verilog/uvm_1.2/xlnx_uvm_package.sv" Line 12043. Ignoring Subprog last.
WARNING: [XSIM 43-3499] "/proj/primebuilds/9999.0_PRIME_0428_0031/installs/data/system_verilog/uvm_1.2/xlnx_uvm_package.sv" Line 12055. Ignoring Subprog prev.
WARNING: [XSIM 43-3499] "/proj/primebuilds/9999.0_PRIME_0428_0031/installs/data/system_verilog/uvm_1.2/xlnx_uvm_package.sv" Line 12061. Ignoring Subprog get_cb.
WARNING: [XSIM 43-3499] "/proj/primebuilds/9999.0_PRIME_0428_0031/installs/data/system_verilog/uvm_1.2/xlnx_uvm_package.sv" Line 12043. Ignoring Subprog last.
WARNING: [XSIM 43-3499] "/proj/primebuilds/9999.0_PRIME_0428_0031/installs/data/system_verilog/uvm_1.2/xlnx_uvm_package.sv" Line 12055. Ignoring Subprog prev.
WARNING: [XSIM 43-3499] "/proj/primebuilds/9999.0_PRIME_0428_0031/installs/data/system_verilog/uvm_1.2/xlnx_uvm_package.sv" Line 12061. Ignoring Subprog get_cb.
WARNING: [XSIM 43-3499] "/proj/primebuilds/9999.0_PRIME_0428_0031/installs/data/system_verilog/uvm_1.2/xlnx_uvm_package.sv" Line 12061. Ignoring Subprog get_cb.
WARNING: [XSIM 43-3499] "/proj/primebuilds/9999.0_PRIME_0428_0031/installs/data/system_verilog/uvm_1.2/xlnx_uvm_package.sv" Line 12043. Ignoring Subprog last.
WARNING: [XSIM 43-3499] "/proj/primebuilds/9999.0_PRIME_0428_0031/installs/data/system_verilog/uvm_1.2/xlnx_uvm_package.sv" Line 12055. Ignoring Subprog prev.
WARNING: [XSIM 43-3499] "/proj/primebuilds/9999.0_PRIME_0428_0031/installs/data/system_verilog/uvm_1.2/xlnx_uvm_package.sv" Line 12061. Ignoring Subprog get_cb.
WARNING: [XSIM 43-3499] "/proj/primebuilds/9999.0_PRIME_0428_0031/installs/data/system_verilog/uvm_1.2/xlnx_uvm_package.sv" Line 12043. Ignoring Subprog last.
WARNING: [XSIM 43-3499] "/proj/primebuilds/9999.0_PRIME_0428_0031/installs/data/system_verilog/uvm_1.2/xlnx_uvm_package.sv" Line 12055. Ignoring Subprog prev.
WARNING: [XSIM 43-3499] "/proj/primebuilds/9999.0_PRIME_0428_0031/installs/data/system_verilog/uvm_1.2/xlnx_uvm_package.sv" Line 12061. Ignoring Subprog get_cb.
WARNING: [XSIM 43-3499] "/proj/primebuilds/9999.0_PRIME_0428_0031/installs/data/system_verilog/uvm_1.2/xlnx_uvm_package.sv" Line 12043. Ignoring Subprog last.
WARNING: [XSIM 43-3499] "/proj/primebuilds/9999.0_PRIME_0428_0031/installs/data/system_verilog/uvm_1.2/xlnx_uvm_package.sv" Line 12055. Ignoring Subprog prev.
WARNING: [XSIM 43-3499] "/proj/primebuilds/9999.0_PRIME_0428_0031/installs/data/system_verilog/uvm_1.2/xlnx_uvm_package.sv" Line 12043. Ignoring Subprog last.
WARNING: [XSIM 43-3499] "/proj/primebuilds/9999.0_PRIME_0428_0031/installs/data/system_verilog/uvm_1.2/xlnx_uvm_package.sv" Line 12055. Ignoring Subprog prev.
WARNING: [XSIM 43-3499] "/proj/primebuilds/9999.0_PRIME_0428_0031/installs/data/system_verilog/uvm_1.2/xlnx_uvm_package.sv" Line 12061. Ignoring Subprog get_cb.
WARNING: [XSIM 43-3499] "/proj/primebuilds/9999.0_PRIME_0428_0031/installs/data/system_verilog/uvm_1.2/xlnx_uvm_package.sv" Line 12095. Ignoring Subprog is_enabled.
WARNING: [XSIM 43-3499] "/proj/primebuilds/9999.0_PRIME_0428_0031/installs/data/system_verilog/uvm_1.2/xlnx_uvm_package.sv" Line 12304. Ignoring Subprog get_type.
WARNING: [XSIM 43-3499] "/proj/primebuilds/9999.0_PRIME_0428_0031/installs/data/system_verilog/uvm_1.2/xlnx_uvm_package.sv" Line 12494. Ignoring Subprog get_type.
WARNING: [XSIM 43-3499] "/proj/primebuilds/9999.0_PRIME_0428_0031/installs/data/system_verilog/uvm_1.2/xlnx_uvm_package.sv" Line 12794. Ignoring Subprog get_client.
WARNING: [XSIM 43-3499] "/proj/primebuilds/9999.0_PRIME_0428_0031/installs/data/system_verilog/uvm_1.2/xlnx_uvm_package.sv" Line 12799. Ignoring Subprog get_severity.
WARNING: [XSIM 43-3499] "/proj/primebuilds/9999.0_PRIME_0428_0031/installs/data/system_verilog/uvm_1.2/xlnx_uvm_package.sv" Line 12804. Ignoring Subprog get_context.
WARNING: [XSIM 43-3499] "/proj/primebuilds/9999.0_PRIME_0428_0031/installs/data/system_verilog/uvm_1.2/xlnx_uvm_package.sv" Line 12817. Ignoring Subprog get_verbosity.
WARNING: [XSIM 43-3499] "/proj/primebuilds/9999.0_PRIME_0428_0031/installs/data/system_verilog/uvm_1.2/xlnx_uvm_package.sv" Line 12822. Ignoring Subprog get_id.
WARNING: [XSIM 43-3499] "/proj/primebuilds/9999.0_PRIME_0428_0031/installs/data/system_verilog/uvm_1.2/xlnx_uvm_package.sv" Line 12827. Ignoring Subprog get_message.
WARNING: [XSIM 43-3499] "/proj/primebuilds/9999.0_PRIME_0428_0031/installs/data/system_verilog/uvm_1.2/xlnx_uvm_package.sv" Line 12832. Ignoring Subprog get_action.
WARNING: [XSIM 43-3499] "/proj/primebuilds/9999.0_PRIME_0428_0031/installs/data/system_verilog/uvm_1.2/xlnx_uvm_package.sv" Line 12837. Ignoring Subprog get_fname.
WARNING: [XSIM 43-3499] "/proj/primebuilds/9999.0_PRIME_0428_0031/installs/data/system_verilog/uvm_1.2/xlnx_uvm_package.sv" Line 12842. Ignoring Subprog get_line.
WARNING: [XSIM 43-3499] "/proj/primebuilds/9999.0_PRIME_0428_0031/installs/data/system_verilog/uvm_1.2/xlnx_uvm_package.sv" Line 12847. Ignoring Subprog get_element_container.
WARNING: [XSIM 43-3499] "/proj/primebuilds/9999.0_PRIME_0428_0031/installs/data/system_verilog/uvm_1.2/xlnx_uvm_package.sv" Line 12854. Ignoring Subprog set_severity.
WARNING: [XSIM 43-3499] "/proj/primebuilds/9999.0_PRIME_0428_0031/installs/data/system_verilog/uvm_1.2/xlnx_uvm_package.sv" Line 12859. Ignoring Subprog set_verbosity.
WARNING: [XSIM 43-3499] "/proj/primebuilds/9999.0_PRIME_0428_0031/installs/data/system_verilog/uvm_1.2/xlnx_uvm_package.sv" Line 12864. Ignoring Subprog set_id.
WARNING: [XSIM 43-3499] "/proj/primebuilds/9999.0_PRIME_0428_0031/installs/data/system_verilog/uvm_1.2/xlnx_uvm_package.sv" Line 12869. Ignoring Subprog set_message.
WARNING: [XSIM 43-3499] "/proj/primebuilds/9999.0_PRIME_0428_0031/installs/data/system_verilog/uvm_1.2/xlnx_uvm_package.sv" Line 12874. Ignoring Subprog set_action.
WARNING: [XSIM 43-3499] "/proj/primebuilds/9999.0_PRIME_0428_0031/installs/data/system_verilog/uvm_1.2/xlnx_uvm_package.sv" Line 12880. Ignoring Subprog set_context.
WARNING: [XSIM 43-3499] "/proj/primebuilds/9999.0_PRIME_0428_0031/installs/data/system_verilog/uvm_1.2/xlnx_uvm_package.sv" Line 12885. Ignoring Subprog add_int.
WARNING: [XSIM 43-3499] "/proj/primebuilds/9999.0_PRIME_0428_0031/installs/data/system_verilog/uvm_1.2/xlnx_uvm_package.sv" Line 12891. Ignoring Subprog add_string.
WARNING: [XSIM 43-3499] "/proj/primebuilds/9999.0_PRIME_0428_0031/installs/data/system_verilog/uvm_1.2/xlnx_uvm_package.sv" Line 12897. Ignoring Subprog add_object.
WARNING: [XSIM 43-3499] "/proj/primebuilds/9999.0_PRIME_0428_0031/installs/data/system_verilog/uvm_1.2/xlnx_uvm_package.sv" Line 12904. Ignoring Subprog get_report_catcher.
WARNING: [XSIM 43-3499] "/proj/primebuilds/9999.0_PRIME_0428_0031/installs/data/system_verilog/uvm_1.2/xlnx_uvm_package.sv" Line 12917. Ignoring Subprog print_catcher.
WARNING: [XSIM 43-3499] "/proj/primebuilds/9999.0_PRIME_0428_0031/installs/data/system_verilog/uvm_1.2/xlnx_uvm_package.sv" Line 12942. Ignoring Subprog debug_report_catcher.
WARNING: [XSIM 43-3499] "/proj/primebuilds/9999.0_PRIME_0428_0031/installs/data/system_verilog/uvm_1.2/xlnx_uvm_package.sv" Line 12953. Ignoring Subprog uvm_report_fatal.
WARNING: [XSIM 43-3499] "/proj/primebuilds/9999.0_PRIME_0428_0031/installs/data/system_verilog/uvm_1.2/xlnx_uvm_package.sv" Line 12967. Ignoring Subprog uvm_report_warning.
WARNING: [XSIM 43-3499] "/proj/primebuilds/9999.0_PRIME_0428_0031/installs/data/system_verilog/uvm_1.2/xlnx_uvm_package.sv" Line 12974. Ignoring Subprog uvm_report_info.
WARNING: [XSIM 43-3499] "/proj/primebuilds/9999.0_PRIME_0428_0031/installs/data/system_verilog/uvm_1.2/xlnx_uvm_package.sv" Line 13015. Ignoring Subprog issue.
WARNING: [XSIM 43-3499] "/proj/primebuilds/9999.0_PRIME_0428_0031/installs/data/system_verilog/uvm_1.2/xlnx_uvm_package.sv" Line 13245. Ignoring Subprog set_server.
WARNING: [XSIM 43-3499] "/proj/primebuilds/9999.0_PRIME_0428_0031/installs/data/system_verilog/uvm_1.2/xlnx_uvm_package.sv" Line 13749. Ignoring Subprog get_type.
WARNING: [XSIM 43-3499] "/proj/primebuilds/9999.0_PRIME_0428_0031/installs/data/system_verilog/uvm_1.2/xlnx_uvm_package.sv" Line 14323. Ignoring Subprog uvm_get_report_object.
WARNING: [XSIM 43-3499] "/proj/primebuilds/9999.0_PRIME_0428_0031/installs/data/system_verilog/uvm_1.2/xlnx_uvm_package.sv" Line 14377. Ignoring Subprog get_report_verbosity_level.
WARNING: [XSIM 43-3499] "/proj/primebuilds/9999.0_PRIME_0428_0031/installs/data/system_verilog/uvm_1.2/xlnx_uvm_package.sv" Line 14383. Ignoring Subprog get_report_max_verbosity_level.
WARNING: [XSIM 43-3499] "/proj/primebuilds/9999.0_PRIME_0428_0031/installs/data/system_verilog/uvm_1.2/xlnx_uvm_package.sv" Line 14465. Ignoring Subprog set_report_handler.
WARNING: [XSIM 43-3499] "/proj/primebuilds/9999.0_PRIME_0428_0031/installs/data/system_verilog/uvm_1.2/xlnx_uvm_package.sv" Line 14471. Ignoring Subprog get_report_handler.
WARNING: [XSIM 43-3499] "/proj/primebuilds/9999.0_PRIME_0428_0031/installs/data/system_verilog/uvm_1.2/xlnx_uvm_package.sv" Line 14477. Ignoring Subprog reset_report_handler.
WARNING: [XSIM 43-3499] "/proj/primebuilds/9999.0_PRIME_0428_0031/installs/data/system_verilog/uvm_1.2/xlnx_uvm_package.sv" Line 14541. Ignoring Subprog set_report_max_quit_count.
WARNING: [XSIM 43-3499] "/proj/primebuilds/9999.0_PRIME_0428_0031/installs/data/system_verilog/uvm_1.2/xlnx_uvm_package.sv" Line 14548. Ignoring Subprog get_report_server.
WARNING: [XSIM 43-3499] "/proj/primebuilds/9999.0_PRIME_0428_0031/installs/data/system_verilog/uvm_1.2/xlnx_uvm_package.sv" Line 14555. Ignoring Subprog dump_report_state.
WARNING: [XSIM 43-3499] "/proj/primebuilds/9999.0_PRIME_0428_0031/installs/data/system_verilog/uvm_1.2/xlnx_uvm_package.sv" Line 14820. Ignoring Subprog get_objection.
WARNING: [XSIM 43-3499] "/proj/primebuilds/9999.0_PRIME_0428_0031/installs/data/system_verilog/uvm_1.2/xlnx_uvm_package.sv" Line 14840. Ignoring Subprog get_begin_node.
WARNING: [XSIM 43-3499] "/proj/primebuilds/9999.0_PRIME_0428_0031/installs/data/system_verilog/uvm_1.2/xlnx_uvm_package.sv" Line 14841. Ignoring Subprog get_end_node.
WARNING: [XSIM 43-3499] "/proj/primebuilds/9999.0_PRIME_0428_0031/installs/data/system_verilog/uvm_1.2/xlnx_uvm_package.sv" Line 14846. Ignoring Subprog get_ready_to_end_count.
WARNING: [XSIM 43-3499] "/proj/primebuilds/9999.0_PRIME_0428_0031/installs/data/system_verilog/uvm_1.2/xlnx_uvm_package.sv" Line 15056. Ignoring Subprog get_parent.
WARNING: [XSIM 43-3499] "/proj/primebuilds/9999.0_PRIME_0428_0031/installs/data/system_verilog/uvm_1.2/xlnx_uvm_package.sv" Line 15062. Ignoring Subprog get_imp.
WARNING: [XSIM 43-3499] "/proj/primebuilds/9999.0_PRIME_0428_0031/installs/data/system_verilog/uvm_1.2/xlnx_uvm_package.sv" Line 15150. Ignoring Subprog get_run_count.
WARNING: [XSIM 43-3499] "/proj/primebuilds/9999.0_PRIME_0428_0031/installs/data/system_verilog/uvm_1.2/xlnx_uvm_package.sv" Line 15280. Ignoring Subprog is.
WARNING: [XSIM 43-3499] "/proj/primebuilds/9999.0_PRIME_0428_0031/installs/data/system_verilog/uvm_1.2/xlnx_uvm_package.sv" Line 15286. Ignoring Subprog is_before.
WARNING: [XSIM 43-3499] "/proj/primebuilds/9999.0_PRIME_0428_0031/installs/data/system_verilog/uvm_1.2/xlnx_uvm_package.sv" Line 15587. Ignoring Subprog get_adjacent_predecessor_nodes.
WARNING: [XSIM 43-3499] "/proj/primebuilds/9999.0_PRIME_0428_0031/installs/data/system_verilog/uvm_1.2/xlnx_uvm_package.sv" Line 15905. Ignoring Subprog jump_all.
WARNING: [XSIM 43-3499] "/proj/primebuilds/9999.0_PRIME_0428_0031/installs/data/system_verilog/uvm_1.2/xlnx_uvm_package.sv" Line 15911. Ignoring Subprog get_jump_target.
WARNING: [XSIM 43-3499] "/proj/primebuilds/9999.0_PRIME_0428_0031/installs/data/system_verilog/uvm_1.2/xlnx_uvm_package.sv" Line 16016. Ignoring Subprog m_terminate_phase.
WARNING: [XSIM 43-3499] "/proj/primebuilds/9999.0_PRIME_0428_0031/installs/data/system_verilog/uvm_1.2/xlnx_uvm_package.sv" Line 16023. Ignoring Subprog m_print_termination_state.
WARNING: [XSIM 43-3499] "/proj/primebuilds/9999.0_PRIME_0428_0031/installs/data/system_verilog/uvm_1.2/xlnx_uvm_package.sv" Line 16042. Ignoring Subprog get_type.
WARNING: [XSIM 43-3499] "/proj/primebuilds/9999.0_PRIME_0428_0031/installs/data/system_verilog/uvm_1.2/xlnx_uvm_package.sv" Line 16060. Ignoring Subprog jump_to.
WARNING: [XSIM 43-3499] "/proj/primebuilds/9999.0_PRIME_0428_0031/installs/data/system_verilog/uvm_1.2/xlnx_uvm_package.sv" Line 16128. Ignoring Subprog get_uvm_schedule.
WARNING: [XSIM 43-3499] "/proj/primebuilds/9999.0_PRIME_0428_0031/installs/data/system_verilog/uvm_1.2/xlnx_uvm_package.sv" Line 16221. Ignoring Subprog jump_all.
WARNING: [XSIM 43-3499] "/proj/primebuilds/9999.0_PRIME_0428_0031/installs/data/system_verilog/uvm_1.2/xlnx_uvm_package.sv" Line 17269. Ignoring Subprog set_type_override.
WARNING: [XSIM 43-3499] "/proj/primebuilds/9999.0_PRIME_0428_0031/installs/data/system_verilog/uvm_1.2/xlnx_uvm_package.sv" Line 17277. Ignoring Subprog set_type_override_by_type.
WARNING: [XSIM 43-3499] "/proj/primebuilds/9999.0_PRIME_0428_0031/installs/data/system_verilog/uvm_1.2/xlnx_uvm_package.sv" Line 18514. Ignoring Subprog stop_request.
WARNING: [XSIM 43-3499] "/proj/primebuilds/9999.0_PRIME_0428_0031/installs/data/system_verilog/uvm_1.2/xlnx_uvm_package.sv" Line 19241. Ignoring Subprog trace_mode.
WARNING: [XSIM 43-3499] "/proj/primebuilds/9999.0_PRIME_0428_0031/installs/data/system_verilog/uvm_1.2/xlnx_uvm_package.sv" Line 19304. Ignoring Subprog set_propagate_mode.
WARNING: [XSIM 43-3499] "/proj/primebuilds/9999.0_PRIME_0428_0031/installs/data/system_verilog/uvm_1.2/xlnx_uvm_package.sv" Line 19313. Ignoring Subprog get_propagate_mode.
WARNING: [XSIM 43-3499] "/proj/primebuilds/9999.0_PRIME_0428_0031/installs/data/system_verilog/uvm_1.2/xlnx_uvm_package.sv" Line 19626. Ignoring Subprog set_drain_time.
WARNING: [XSIM 43-3499] "/proj/primebuilds/9999.0_PRIME_0428_0031/installs/data/system_verilog/uvm_1.2/xlnx_uvm_package.sv" Line 19671. Ignoring Subprog get_objectors.
WARNING: [XSIM 43-3499] "/proj/primebuilds/9999.0_PRIME_0428_0031/installs/data/system_verilog/uvm_1.2/xlnx_uvm_package.sv" Line 19701. Ignoring Subprog wait_for_total_count.
WARNING: [XSIM 43-3499] "/proj/primebuilds/9999.0_PRIME_0428_0031/installs/data/system_verilog/uvm_1.2/xlnx_uvm_package.sv" Line 19740. Ignoring Subprog get_drain_time.
WARNING: [XSIM 43-3499] "/proj/primebuilds/9999.0_PRIME_0428_0031/installs/data/system_verilog/uvm_1.2/xlnx_uvm_package.sv" Line 19827. Ignoring Subprog display_objections.
WARNING: [XSIM 43-3499] "/proj/primebuilds/9999.0_PRIME_0428_0031/installs/data/system_verilog/uvm_1.2/xlnx_uvm_package.sv" Line 19835. Ignoring Subprog get_type.
WARNING: [XSIM 43-3499] "/proj/primebuilds/9999.0_PRIME_0428_0031/installs/data/system_verilog/uvm_1.2/xlnx_uvm_package.sv" Line 20018. Ignoring Subprog get_type.
WARNING: [XSIM 43-3499] "/proj/primebuilds/9999.0_PRIME_0428_0031/installs/data/system_verilog/uvm_1.2/xlnx_uvm_package.sv" Line 20307. Ignoring Subprog reset_counts.
WARNING: [XSIM 43-3499] "/proj/primebuilds/9999.0_PRIME_0428_0031/installs/data/system_verilog/uvm_1.2/xlnx_uvm_package.sv" Line 20311. Ignoring Subprog objects_triggered.
WARNING: [XSIM 43-3499] "/proj/primebuilds/9999.0_PRIME_0428_0031/installs/data/system_verilog/uvm_1.2/xlnx_uvm_package.sv" Line 20334. Ignoring Subprog global_stop_request.
WARNING: [XSIM 43-3499] "/proj/primebuilds/9999.0_PRIME_0428_0031/installs/data/system_verilog/uvm_1.2/xlnx_uvm_package.sv" Line 20340. Ignoring Subprog set_global_timeout.
WARNING: [XSIM 43-3499] "/proj/primebuilds/9999.0_PRIME_0428_0031/installs/data/system_verilog/uvm_1.2/xlnx_uvm_package.sv" Line 20348. Ignoring Subprog set_global_stop_timeout.
WARNING: [XSIM 43-3499] "/proj/primebuilds/9999.0_PRIME_0428_0031/installs/data/system_verilog/uvm_1.2/xlnx_uvm_package.sv" Line 20355. Ignoring Subprog uvm_get_report_object.
WARNING: [XSIM 43-3499] "/proj/primebuilds/9999.0_PRIME_0428_0031/installs/data/system_verilog/uvm_1.2/xlnx_uvm_package.sv" Line 20418. Ignoring Subprog uvm_process_report_message.
WARNING: [XSIM 43-3499] "/proj/primebuilds/9999.0_PRIME_0428_0031/installs/data/system_verilog/uvm_1.2/xlnx_uvm_package.sv" Line 20461. Ignoring Subprog set_config_int.
WARNING: [XSIM 43-3499] "/proj/primebuilds/9999.0_PRIME_0428_0031/installs/data/system_verilog/uvm_1.2/xlnx_uvm_package.sv" Line 20473. Ignoring Subprog set_config_object.
WARNING: [XSIM 43-3499] "/proj/primebuilds/9999.0_PRIME_0428_0031/installs/data/system_verilog/uvm_1.2/xlnx_uvm_package.sv" Line 20485. Ignoring Subprog set_config_string.
WARNING: [XSIM 43-3499] "/proj/primebuilds/9999.0_PRIME_0428_0031/installs/data/system_verilog/uvm_1.2/xlnx_uvm_package.sv" Line 20513. Ignoring Subprog uvm_bits_to_string.
WARNING: [XSIM 43-3499] "/proj/primebuilds/9999.0_PRIME_0428_0031/installs/data/system_verilog/uvm_1.2/xlnx_uvm_package.sv" Line 20603. Ignoring Subprog get_plusargs.
WARNING: [XSIM 43-3499] "/proj/primebuilds/9999.0_PRIME_0428_0031/installs/data/system_verilog/uvm_1.2/xlnx_uvm_package.sv" Line 20607. Ignoring Subprog get_uvm_args.
WARNING: [XSIM 43-3499] "/proj/primebuilds/9999.0_PRIME_0428_0031/installs/data/system_verilog/uvm_1.2/xlnx_uvm_package.sv" Line 20611. Ignoring Subprog get_arg_matches.
WARNING: [XSIM 43-3499] "/proj/primebuilds/9999.0_PRIME_0428_0031/installs/data/system_verilog/uvm_1.2/xlnx_uvm_package.sv" Line 20668. Ignoring Subprog get_tool_name.
WARNING: [XSIM 43-3499] "/proj/primebuilds/9999.0_PRIME_0428_0031/installs/data/system_verilog/uvm_1.2/xlnx_uvm_package.sv" Line 20672. Ignoring Subprog get_tool_version.
WARNING: [XSIM 43-3499] "/proj/primebuilds/9999.0_PRIME_0428_0031/installs/data/system_verilog/uvm_1.2/xlnx_uvm_package.sv" Line 20907. Ignoring Subprog get_type.
WARNING: [XSIM 43-3499] "/proj/primebuilds/9999.0_PRIME_0428_0031/installs/data/system_verilog/uvm_1.2/xlnx_uvm_package.sv" Line 20954. Ignoring Subprog is_locked.
WARNING: [XSIM 43-3499] "/proj/primebuilds/9999.0_PRIME_0428_0031/installs/data/system_verilog/uvm_1.2/xlnx_uvm_package.sv" Line 20990. Ignoring Subprog get_type.
WARNING: [XSIM 43-3499] "/proj/primebuilds/9999.0_PRIME_0428_0031/installs/data/system_verilog/uvm_1.2/xlnx_uvm_package.sv" Line 20990. Ignoring Subprog get_type.
WARNING: [XSIM 43-3499] "/proj/primebuilds/9999.0_PRIME_0428_0031/installs/data/system_verilog/uvm_1.2/xlnx_uvm_package.sv" Line 21063. Ignoring Subprog get_type.
WARNING: [XSIM 43-3499] "/proj/primebuilds/9999.0_PRIME_0428_0031/installs/data/system_verilog/uvm_1.2/xlnx_uvm_package.sv" Line 21063. Ignoring Subprog get_type.
WARNING: [XSIM 43-3499] "/proj/primebuilds/9999.0_PRIME_0428_0031/installs/data/system_verilog/uvm_1.2/xlnx_uvm_package.sv" Line 21302. Ignoring Subprog get_port.
WARNING: [XSIM 43-3499] "/proj/primebuilds/9999.0_PRIME_0428_0031/installs/data/system_verilog/uvm_1.2/xlnx_uvm_package.sv" Line 21302. Ignoring Subprog get_port.
WARNING: [XSIM 43-3499] "/proj/primebuilds/9999.0_PRIME_0428_0031/installs/data/system_verilog/uvm_1.2/xlnx_uvm_package.sv" Line 21302. Ignoring Subprog get_port.
WARNING: [XSIM 43-3499] "/proj/primebuilds/9999.0_PRIME_0428_0031/installs/data/system_verilog/uvm_1.2/xlnx_uvm_package.sv" Line 21302. Ignoring Subprog get_port.
WARNING: [XSIM 43-3499] "/proj/primebuilds/9999.0_PRIME_0428_0031/installs/data/system_verilog/uvm_1.2/xlnx_uvm_package.sv" Line 21302. Ignoring Subprog get_port.
WARNING: [XSIM 43-3499] "/proj/primebuilds/9999.0_PRIME_0428_0031/installs/data/system_verilog/uvm_1.2/xlnx_uvm_package.sv" Line 21302. Ignoring Subprog get_port.
WARNING: [XSIM 43-3499] "/proj/primebuilds/9999.0_PRIME_0428_0031/installs/data/system_verilog/uvm_1.2/xlnx_uvm_package.sv" Line 21358. Ignoring Subprog get_name.
WARNING: [XSIM 43-3499] "/proj/primebuilds/9999.0_PRIME_0428_0031/installs/data/system_verilog/uvm_1.2/xlnx_uvm_package.sv" Line 21390. Ignoring Subprog is_unbounded.
WARNING: [XSIM 43-3499] "/proj/primebuilds/9999.0_PRIME_0428_0031/installs/data/system_verilog/uvm_1.2/xlnx_uvm_package.sv" Line 21416. Ignoring Subprog m_get_if_mask.
WARNING: [XSIM 43-3499] "/proj/primebuilds/9999.0_PRIME_0428_0031/installs/data/system_verilog/uvm_1.2/xlnx_uvm_package.sv" Line 21420. Ignoring Subprog set_default_index.
WARNING: [XSIM 43-3499] "/proj/primebuilds/9999.0_PRIME_0428_0031/installs/data/system_verilog/uvm_1.2/xlnx_uvm_package.sv" Line 21358. Ignoring Subprog get_name.
WARNING: [XSIM 43-3499] "/proj/primebuilds/9999.0_PRIME_0428_0031/installs/data/system_verilog/uvm_1.2/xlnx_uvm_package.sv" Line 21390. Ignoring Subprog is_unbounded.
WARNING: [XSIM 43-3499] "/proj/primebuilds/9999.0_PRIME_0428_0031/installs/data/system_verilog/uvm_1.2/xlnx_uvm_package.sv" Line 21416. Ignoring Subprog m_get_if_mask.
WARNING: [XSIM 43-3499] "/proj/primebuilds/9999.0_PRIME_0428_0031/installs/data/system_verilog/uvm_1.2/xlnx_uvm_package.sv" Line 21420. Ignoring Subprog set_default_index.
WARNING: [XSIM 43-3499] "/proj/primebuilds/9999.0_PRIME_0428_0031/installs/data/system_verilog/uvm_1.2/xlnx_uvm_package.sv" Line 21358. Ignoring Subprog get_name.
WARNING: [XSIM 43-3499] "/proj/primebuilds/9999.0_PRIME_0428_0031/installs/data/system_verilog/uvm_1.2/xlnx_uvm_package.sv" Line 21390. Ignoring Subprog is_unbounded.
WARNING: [XSIM 43-3499] "/proj/primebuilds/9999.0_PRIME_0428_0031/installs/data/system_verilog/uvm_1.2/xlnx_uvm_package.sv" Line 21416. Ignoring Subprog m_get_if_mask.
WARNING: [XSIM 43-3499] "/proj/primebuilds/9999.0_PRIME_0428_0031/installs/data/system_verilog/uvm_1.2/xlnx_uvm_package.sv" Line 21420. Ignoring Subprog set_default_index.
WARNING: [XSIM 43-3499] "/proj/primebuilds/9999.0_PRIME_0428_0031/installs/data/system_verilog/uvm_1.2/xlnx_uvm_package.sv" Line 21358. Ignoring Subprog get_name.
WARNING: [XSIM 43-3499] "/proj/primebuilds/9999.0_PRIME_0428_0031/installs/data/system_verilog/uvm_1.2/xlnx_uvm_package.sv" Line 21390. Ignoring Subprog is_unbounded.
WARNING: [XSIM 43-3499] "/proj/primebuilds/9999.0_PRIME_0428_0031/installs/data/system_verilog/uvm_1.2/xlnx_uvm_package.sv" Line 21416. Ignoring Subprog m_get_if_mask.
WARNING: [XSIM 43-3499] "/proj/primebuilds/9999.0_PRIME_0428_0031/installs/data/system_verilog/uvm_1.2/xlnx_uvm_package.sv" Line 21420. Ignoring Subprog set_default_index.
WARNING: [XSIM 43-3499] "/proj/primebuilds/9999.0_PRIME_0428_0031/installs/data/system_verilog/uvm_1.2/xlnx_uvm_package.sv" Line 21358. Ignoring Subprog get_name.
WARNING: [XSIM 43-3499] "/proj/primebuilds/9999.0_PRIME_0428_0031/installs/data/system_verilog/uvm_1.2/xlnx_uvm_package.sv" Line 21390. Ignoring Subprog is_unbounded.
WARNING: [XSIM 43-3499] "/proj/primebuilds/9999.0_PRIME_0428_0031/installs/data/system_verilog/uvm_1.2/xlnx_uvm_package.sv" Line 21416. Ignoring Subprog m_get_if_mask.
WARNING: [XSIM 43-3499] "/proj/primebuilds/9999.0_PRIME_0428_0031/installs/data/system_verilog/uvm_1.2/xlnx_uvm_package.sv" Line 21420. Ignoring Subprog set_default_index.
WARNING: [XSIM 43-3499] "/proj/primebuilds/9999.0_PRIME_0428_0031/installs/data/system_verilog/uvm_1.2/xlnx_uvm_package.sv" Line 21358. Ignoring Subprog get_name.
WARNING: [XSIM 43-3499] "/proj/primebuilds/9999.0_PRIME_0428_0031/installs/data/system_verilog/uvm_1.2/xlnx_uvm_package.sv" Line 21390. Ignoring Subprog is_unbounded.
WARNING: [XSIM 43-3499] "/proj/primebuilds/9999.0_PRIME_0428_0031/installs/data/system_verilog/uvm_1.2/xlnx_uvm_package.sv" Line 21416. Ignoring Subprog m_get_if_mask.
WARNING: [XSIM 43-3499] "/proj/primebuilds/9999.0_PRIME_0428_0031/installs/data/system_verilog/uvm_1.2/xlnx_uvm_package.sv" Line 21420. Ignoring Subprog set_default_index.
WARNING: [XSIM 43-3499] "/proj/primebuilds/9999.0_PRIME_0428_0031/installs/data/system_verilog/uvm_1.2/xlnx_uvm_package.sv" Line 23227. Ignoring Subprog get_type.
WARNING: [XSIM 43-3499] "/proj/primebuilds/9999.0_PRIME_0428_0031/installs/data/system_verilog/uvm_1.2/xlnx_uvm_package.sv" Line 23250. Ignoring Subprog get_use_sequence_info.
WARNING: [XSIM 43-3499] "/proj/primebuilds/9999.0_PRIME_0428_0031/installs/data/system_verilog/uvm_1.2/xlnx_uvm_package.sv" Line 23254. Ignoring Subprog set_id_info.
WARNING: [XSIM 43-3499] "/proj/primebuilds/9999.0_PRIME_0428_0031/installs/data/system_verilog/uvm_1.2/xlnx_uvm_package.sv" Line 23267. Ignoring Subprog get_sequencer.
WARNING: [XSIM 43-3499] "/proj/primebuilds/9999.0_PRIME_0428_0031/installs/data/system_verilog/uvm_1.2/xlnx_uvm_package.sv" Line 24143. Ignoring Subprog set_arbitration.
WARNING: [XSIM 43-3499] "/proj/primebuilds/9999.0_PRIME_0428_0031/installs/data/system_verilog/uvm_1.2/xlnx_uvm_package.sv" Line 24147. Ignoring Subprog get_arbitration.
WARNING: [XSIM 43-3499] "/proj/primebuilds/9999.0_PRIME_0428_0031/installs/data/system_verilog/uvm_1.2/xlnx_uvm_package.sv" Line 24260. Ignoring Subprog remove_sequence.
WARNING: [XSIM 43-3499] "/proj/primebuilds/9999.0_PRIME_0428_0031/installs/data/system_verilog/uvm_1.2/xlnx_uvm_package.sv" Line 24268. Ignoring Subprog set_sequences_queue.
WARNING: [XSIM 43-3499] "/proj/primebuilds/9999.0_PRIME_0428_0031/installs/data/system_verilog/uvm_1.2/xlnx_uvm_package.sv" Line 24336. Ignoring Subprog get_sequence.
WARNING: [XSIM 43-3499] "/proj/primebuilds/9999.0_PRIME_0428_0031/installs/data/system_verilog/uvm_1.2/xlnx_uvm_package.sv" Line 24435. Ignoring Subprog last_req.
WARNING: [XSIM 43-3499] "/proj/primebuilds/9999.0_PRIME_0428_0031/installs/data/system_verilog/uvm_1.2/xlnx_uvm_package.sv" Line 24571. Ignoring Subprog get_num_reqs_sent.
WARNING: [XSIM 43-3499] "/proj/primebuilds/9999.0_PRIME_0428_0031/installs/data/system_verilog/uvm_1.2/xlnx_uvm_package.sv" Line 24575. Ignoring Subprog get_num_rsps_received.
WARNING: [XSIM 43-3499] "/proj/primebuilds/9999.0_PRIME_0428_0031/installs/data/system_verilog/uvm_1.2/xlnx_uvm_package.sv" Line 24579. Ignoring Subprog set_num_last_reqs.
WARNING: [XSIM 43-3499] "/proj/primebuilds/9999.0_PRIME_0428_0031/installs/data/system_verilog/uvm_1.2/xlnx_uvm_package.sv" Line 24594. Ignoring Subprog get_num_last_reqs.
WARNING: [XSIM 43-3499] "/proj/primebuilds/9999.0_PRIME_0428_0031/installs/data/system_verilog/uvm_1.2/xlnx_uvm_package.sv" Line 24608. Ignoring Subprog set_num_last_rsps.
WARNING: [XSIM 43-3499] "/proj/primebuilds/9999.0_PRIME_0428_0031/installs/data/system_verilog/uvm_1.2/xlnx_uvm_package.sv" Line 24623. Ignoring Subprog get_num_last_rsps.
WARNING: [XSIM 43-3499] "/proj/primebuilds/9999.0_PRIME_0428_0031/installs/data/system_verilog/uvm_1.2/xlnx_uvm_package.sv" Line 24435. Ignoring Subprog last_req.
WARNING: [XSIM 43-3499] "/proj/primebuilds/9999.0_PRIME_0428_0031/installs/data/system_verilog/uvm_1.2/xlnx_uvm_package.sv" Line 24571. Ignoring Subprog get_num_reqs_sent.
WARNING: [XSIM 43-3499] "/proj/primebuilds/9999.0_PRIME_0428_0031/installs/data/system_verilog/uvm_1.2/xlnx_uvm_package.sv" Line 24575. Ignoring Subprog get_num_rsps_received.
WARNING: [XSIM 43-3499] "/proj/primebuilds/9999.0_PRIME_0428_0031/installs/data/system_verilog/uvm_1.2/xlnx_uvm_package.sv" Line 24579. Ignoring Subprog set_num_last_reqs.
WARNING: [XSIM 43-3499] "/proj/primebuilds/9999.0_PRIME_0428_0031/installs/data/system_verilog/uvm_1.2/xlnx_uvm_package.sv" Line 24594. Ignoring Subprog get_num_last_reqs.
WARNING: [XSIM 43-3499] "/proj/primebuilds/9999.0_PRIME_0428_0031/installs/data/system_verilog/uvm_1.2/xlnx_uvm_package.sv" Line 24608. Ignoring Subprog set_num_last_rsps.
WARNING: [XSIM 43-3499] "/proj/primebuilds/9999.0_PRIME_0428_0031/installs/data/system_verilog/uvm_1.2/xlnx_uvm_package.sv" Line 24623. Ignoring Subprog get_num_last_rsps.
WARNING: [XSIM 43-3499] "/proj/primebuilds/9999.0_PRIME_0428_0031/installs/data/system_verilog/uvm_1.2/xlnx_uvm_package.sv" Line 24428. Ignoring Subprog get_current_item.
WARNING: [XSIM 43-3499] "/proj/primebuilds/9999.0_PRIME_0428_0031/installs/data/system_verilog/uvm_1.2/xlnx_uvm_package.sv" Line 24435. Ignoring Subprog last_req.
WARNING: [XSIM 43-3499] "/proj/primebuilds/9999.0_PRIME_0428_0031/installs/data/system_verilog/uvm_1.2/xlnx_uvm_package.sv" Line 24571. Ignoring Subprog get_num_reqs_sent.
WARNING: [XSIM 43-3499] "/proj/primebuilds/9999.0_PRIME_0428_0031/installs/data/system_verilog/uvm_1.2/xlnx_uvm_package.sv" Line 24575. Ignoring Subprog get_num_rsps_received.
WARNING: [XSIM 43-3499] "/proj/primebuilds/9999.0_PRIME_0428_0031/installs/data/system_verilog/uvm_1.2/xlnx_uvm_package.sv" Line 24579. Ignoring Subprog set_num_last_reqs.
WARNING: [XSIM 43-3499] "/proj/primebuilds/9999.0_PRIME_0428_0031/installs/data/system_verilog/uvm_1.2/xlnx_uvm_package.sv" Line 24594. Ignoring Subprog get_num_last_reqs.
WARNING: [XSIM 43-3499] "/proj/primebuilds/9999.0_PRIME_0428_0031/installs/data/system_verilog/uvm_1.2/xlnx_uvm_package.sv" Line 24608. Ignoring Subprog set_num_last_rsps.
WARNING: [XSIM 43-3499] "/proj/primebuilds/9999.0_PRIME_0428_0031/installs/data/system_verilog/uvm_1.2/xlnx_uvm_package.sv" Line 24623. Ignoring Subprog get_num_last_rsps.
WARNING: [XSIM 43-3499] "/proj/primebuilds/9999.0_PRIME_0428_0031/installs/data/system_verilog/uvm_1.2/xlnx_uvm_package.sv" Line 24647. Ignoring Subprog get_type.
WARNING: [XSIM 43-3499] "/proj/primebuilds/9999.0_PRIME_0428_0031/installs/data/system_verilog/uvm_1.2/xlnx_uvm_package.sv" Line 24651. Ignoring Subprog item_done_get_trigger_data.
WARNING: [XSIM 43-3499] "/proj/primebuilds/9999.0_PRIME_0428_0031/installs/data/system_verilog/uvm_1.2/xlnx_uvm_package.sv" Line 24779. Ignoring Subprog item_done_trigger.
WARNING: [XSIM 43-3499] "/proj/primebuilds/9999.0_PRIME_0428_0031/installs/data/system_verilog/uvm_1.2/xlnx_uvm_package.sv" Line 24647. Ignoring Subprog get_type.
WARNING: [XSIM 43-3499] "/proj/primebuilds/9999.0_PRIME_0428_0031/installs/data/system_verilog/uvm_1.2/xlnx_uvm_package.sv" Line 24651. Ignoring Subprog item_done_get_trigger_data.
WARNING: [XSIM 43-3499] "/proj/primebuilds/9999.0_PRIME_0428_0031/installs/data/system_verilog/uvm_1.2/xlnx_uvm_package.sv" Line 24779. Ignoring Subprog item_done_trigger.
WARNING: [XSIM 43-3499] "/proj/primebuilds/9999.0_PRIME_0428_0031/installs/data/system_verilog/uvm_1.2/xlnx_uvm_package.sv" Line 24647. Ignoring Subprog get_type.
WARNING: [XSIM 43-3499] "/proj/primebuilds/9999.0_PRIME_0428_0031/installs/data/system_verilog/uvm_1.2/xlnx_uvm_package.sv" Line 24651. Ignoring Subprog item_done_get_trigger_data.
WARNING: [XSIM 43-3499] "/proj/primebuilds/9999.0_PRIME_0428_0031/installs/data/system_verilog/uvm_1.2/xlnx_uvm_package.sv" Line 24779. Ignoring Subprog item_done_trigger.
WARNING: [XSIM 43-3499] "/proj/primebuilds/9999.0_PRIME_0428_0031/installs/data/system_verilog/uvm_1.2/xlnx_uvm_package.sv" Line 24860. Ignoring Subprog get_sequence_state.
WARNING: [XSIM 43-3499] "/proj/primebuilds/9999.0_PRIME_0428_0031/installs/data/system_verilog/uvm_1.2/xlnx_uvm_package.sv" Line 24864. Ignoring Subprog wait_for_sequence_state.
WARNING: [XSIM 43-3499] "/proj/primebuilds/9999.0_PRIME_0428_0031/installs/data/system_verilog/uvm_1.2/xlnx_uvm_package.sv" Line 25110. Ignoring Subprog get_automatic_phase_objection.
WARNING: [XSIM 43-3499] "/proj/primebuilds/9999.0_PRIME_0428_0031/installs/data/system_verilog/uvm_1.2/xlnx_uvm_package.sv" Line 25126. Ignoring Subprog set_priority.
WARNING: [XSIM 43-3499] "/proj/primebuilds/9999.0_PRIME_0428_0031/installs/data/system_verilog/uvm_1.2/xlnx_uvm_package.sv" Line 25130. Ignoring Subprog get_priority.
WARNING: [XSIM 43-3499] "/proj/primebuilds/9999.0_PRIME_0428_0031/installs/data/system_verilog/uvm_1.2/xlnx_uvm_package.sv" Line 25148. Ignoring Subprog lock.
WARNING: [XSIM 43-3499] "/proj/primebuilds/9999.0_PRIME_0428_0031/installs/data/system_verilog/uvm_1.2/xlnx_uvm_package.sv" Line 25158. Ignoring Subprog grab.
WARNING: [XSIM 43-3499] "/proj/primebuilds/9999.0_PRIME_0428_0031/installs/data/system_verilog/uvm_1.2/xlnx_uvm_package.sv" Line 25181. Ignoring Subprog ungrab.
WARNING: [XSIM 43-3499] "/proj/primebuilds/9999.0_PRIME_0428_0031/installs/data/system_verilog/uvm_1.2/xlnx_uvm_package.sv" Line 25185. Ignoring Subprog is_blocked.
WARNING: [XSIM 43-3499] "/proj/primebuilds/9999.0_PRIME_0428_0031/installs/data/system_verilog/uvm_1.2/xlnx_uvm_package.sv" Line 25189. Ignoring Subprog has_lock.
WARNING: [XSIM 43-3499] "/proj/primebuilds/9999.0_PRIME_0428_0031/installs/data/system_verilog/uvm_1.2/xlnx_uvm_package.sv" Line 25228. Ignoring Subprog create_item.
WARNING: [XSIM 43-3499] "/proj/primebuilds/9999.0_PRIME_0428_0031/installs/data/system_verilog/uvm_1.2/xlnx_uvm_package.sv" Line 25325. Ignoring Subprog use_response_handler.
WARNING: [XSIM 43-3499] "/proj/primebuilds/9999.0_PRIME_0428_0031/installs/data/system_verilog/uvm_1.2/xlnx_uvm_package.sv" Line 25329. Ignoring Subprog get_use_response_handler.
WARNING: [XSIM 43-3499] "/proj/primebuilds/9999.0_PRIME_0428_0031/installs/data/system_verilog/uvm_1.2/xlnx_uvm_package.sv" Line 25337. Ignoring Subprog set_response_queue_error_report_disabled.
WARNING: [XSIM 43-3499] "/proj/primebuilds/9999.0_PRIME_0428_0031/installs/data/system_verilog/uvm_1.2/xlnx_uvm_package.sv" Line 25341. Ignoring Subprog get_response_queue_error_report_disabled.
WARNING: [XSIM 43-3499] "/proj/primebuilds/9999.0_PRIME_0428_0031/installs/data/system_verilog/uvm_1.2/xlnx_uvm_package.sv" Line 25345. Ignoring Subprog set_response_queue_depth.
WARNING: [XSIM 43-3499] "/proj/primebuilds/9999.0_PRIME_0428_0031/installs/data/system_verilog/uvm_1.2/xlnx_uvm_package.sv" Line 25349. Ignoring Subprog get_response_queue_depth.
WARNING: [XSIM 43-3499] "/proj/primebuilds/9999.0_PRIME_0428_0031/installs/data/system_verilog/uvm_1.2/xlnx_uvm_package.sv" Line 25412. Ignoring Subprog get_seq_kind.
WARNING: [XSIM 43-3499] "/proj/primebuilds/9999.0_PRIME_0428_0031/installs/data/system_verilog/uvm_1.2/xlnx_uvm_package.sv" Line 25420. Ignoring Subprog get_sequence.
WARNING: [XSIM 43-3499] "/proj/primebuilds/9999.0_PRIME_0428_0031/installs/data/system_verilog/uvm_1.2/xlnx_uvm_package.sv" Line 25438. Ignoring Subprog do_sequence_kind.
WARNING: [XSIM 43-3499] "/proj/primebuilds/9999.0_PRIME_0428_0031/installs/data/system_verilog/uvm_1.2/xlnx_uvm_package.sv" Line 25469. Ignoring Subprog create_and_start_sequence_by_name.
WARNING: [XSIM 43-3499] "/proj/primebuilds/9999.0_PRIME_0428_0031/installs/data/system_verilog/uvm_1.2/xlnx_uvm_package.sv" Line 25523. Ignoring Subprog get_current_item.
WARNING: [XSIM 43-3499] "/proj/primebuilds/9999.0_PRIME_0428_0031/installs/data/system_verilog/uvm_1.2/xlnx_uvm_package.sv" Line 25523. Ignoring Subprog get_current_item.
WARNING: [XSIM 43-3499] "/proj/primebuilds/9999.0_PRIME_0428_0031/installs/data/system_verilog/uvm_1.2/xlnx_uvm_package.sv" Line 26203. Ignoring Subprog get_type.
WARNING: [XSIM 43-3499] "/proj/primebuilds/9999.0_PRIME_0428_0031/installs/data/system_verilog/uvm_1.2/xlnx_uvm_package.sv" Line 26545. Ignoring Subprog set_extension.
WARNING: [XSIM 43-3499] "/proj/primebuilds/9999.0_PRIME_0428_0031/installs/data/system_verilog/uvm_1.2/xlnx_uvm_package.sv" Line 26556. Ignoring Subprog get_num_extensions.
WARNING: [XSIM 43-3499] "/proj/primebuilds/9999.0_PRIME_0428_0031/installs/data/system_verilog/uvm_1.2/xlnx_uvm_package.sv" Line 26562. Ignoring Subprog get_extension.
WARNING: [XSIM 43-3499] "/proj/primebuilds/9999.0_PRIME_0428_0031/installs/data/system_verilog/uvm_1.2/xlnx_uvm_package.sv" Line 26570. Ignoring Subprog clear_extension.
WARNING: [XSIM 43-3499] "/proj/primebuilds/9999.0_PRIME_0428_0031/installs/data/system_verilog/uvm_1.2/xlnx_uvm_package.sv" Line 26579. Ignoring Subprog clear_extensions.
WARNING: [XSIM 43-3499] "/proj/primebuilds/9999.0_PRIME_0428_0031/installs/data/system_verilog/uvm_1.2/xlnx_uvm_package.sv" Line 27278. Ignoring Subprog get_type.
WARNING: [XSIM 43-3499] "/proj/primebuilds/9999.0_PRIME_0428_0031/installs/data/system_verilog/uvm_1.2/xlnx_uvm_package.sv" Line 27596. Ignoring Subprog get_type.
WARNING: [XSIM 43-3499] "/proj/primebuilds/9999.0_PRIME_0428_0031/installs/data/system_verilog/uvm_1.2/xlnx_uvm_package.sv" Line 27783. Ignoring Subprog get_type.
WARNING: [XSIM 43-3499] "/proj/primebuilds/9999.0_PRIME_0428_0031/installs/data/system_verilog/uvm_1.2/xlnx_uvm_package.sv" Line 27844. Ignoring Subprog get_type.
WARNING: [XSIM 43-3499] "/proj/primebuilds/9999.0_PRIME_0428_0031/installs/data/system_verilog/uvm_1.2/xlnx_uvm_package.sv" Line 27921. Ignoring Subprog do_pre_write.
WARNING: [XSIM 43-3499] "/proj/primebuilds/9999.0_PRIME_0428_0031/installs/data/system_verilog/uvm_1.2/xlnx_uvm_package.sv" Line 27929. Ignoring Subprog do_post_write.
WARNING: [XSIM 43-3499] "/proj/primebuilds/9999.0_PRIME_0428_0031/installs/data/system_verilog/uvm_1.2/xlnx_uvm_package.sv" Line 27948. Ignoring Subprog get_type.
WARNING: [XSIM 43-3499] "/proj/primebuilds/9999.0_PRIME_0428_0031/installs/data/system_verilog/uvm_1.2/xlnx_uvm_package.sv" Line 27959. Ignoring Subprog start_update_thread.
WARNING: [XSIM 43-3499] "/proj/primebuilds/9999.0_PRIME_0428_0031/installs/data/system_verilog/uvm_1.2/xlnx_uvm_package.sv" Line 28067. Ignoring Subprog get_type.
WARNING: [XSIM 43-3499] "/proj/primebuilds/9999.0_PRIME_0428_0031/installs/data/system_verilog/uvm_1.2/xlnx_uvm_package.sv" Line 28083. Ignoring Subprog configure.
WARNING: [XSIM 43-3499] "/proj/primebuilds/9999.0_PRIME_0428_0031/installs/data/system_verilog/uvm_1.2/xlnx_uvm_package.sv" Line 28126. Ignoring Subprog get_parent.
WARNING: [XSIM 43-3499] "/proj/primebuilds/9999.0_PRIME_0428_0031/installs/data/system_verilog/uvm_1.2/xlnx_uvm_package.sv" Line 28150. Ignoring Subprog is_known_access.
WARNING: [XSIM 43-3499] "/proj/primebuilds/9999.0_PRIME_0428_0031/installs/data/system_verilog/uvm_1.2/xlnx_uvm_package.sv" Line 28209. Ignoring Subprog set_access.
WARNING: [XSIM 43-3499] "/proj/primebuilds/9999.0_PRIME_0428_0031/installs/data/system_verilog/uvm_1.2/xlnx_uvm_package.sv" Line 28262. Ignoring Subprog set_volatility.
WARNING: [XSIM 43-3499] "/proj/primebuilds/9999.0_PRIME_0428_0031/installs/data/system_verilog/uvm_1.2/xlnx_uvm_package.sv" Line 28266. Ignoring Subprog is_volatile.
WARNING: [XSIM 43-3499] "/proj/primebuilds/9999.0_PRIME_0428_0031/installs/data/system_verilog/uvm_1.2/xlnx_uvm_package.sv" Line 28307. Ignoring Subprog predict.
WARNING: [XSIM 43-3499] "/proj/primebuilds/9999.0_PRIME_0428_0031/installs/data/system_verilog/uvm_1.2/xlnx_uvm_package.sv" Line 28567. Ignoring Subprog write.
WARNING: [XSIM 43-3499] "/proj/primebuilds/9999.0_PRIME_0428_0031/installs/data/system_verilog/uvm_1.2/xlnx_uvm_package.sv" Line 28691. Ignoring Subprog read.
WARNING: [XSIM 43-3499] "/proj/primebuilds/9999.0_PRIME_0428_0031/installs/data/system_verilog/uvm_1.2/xlnx_uvm_package.sv" Line 28888. Ignoring Subprog poke.
WARNING: [XSIM 43-3499] "/proj/primebuilds/9999.0_PRIME_0428_0031/installs/data/system_verilog/uvm_1.2/xlnx_uvm_package.sv" Line 28923. Ignoring Subprog peek.
WARNING: [XSIM 43-3499] "/proj/primebuilds/9999.0_PRIME_0428_0031/installs/data/system_verilog/uvm_1.2/xlnx_uvm_package.sv" Line 28934. Ignoring Subprog mirror.
WARNING: [XSIM 43-3499] "/proj/primebuilds/9999.0_PRIME_0428_0031/installs/data/system_verilog/uvm_1.2/xlnx_uvm_package.sv" Line 28940. Ignoring Subprog set_compare.
WARNING: [XSIM 43-3499] "/proj/primebuilds/9999.0_PRIME_0428_0031/installs/data/system_verilog/uvm_1.2/xlnx_uvm_package.sv" Line 29014. Ignoring Subprog get_type.
WARNING: [XSIM 43-3499] "/proj/primebuilds/9999.0_PRIME_0428_0031/installs/data/system_verilog/uvm_1.2/xlnx_uvm_package.sv" Line 29041. Ignoring Subprog configure.
WARNING: [XSIM 43-3499] "/proj/primebuilds/9999.0_PRIME_0428_0031/installs/data/system_verilog/uvm_1.2/xlnx_uvm_package.sv" Line 29522. Ignoring Subprog XsampleX.
WARNING: [XSIM 43-3499] "/proj/primebuilds/9999.0_PRIME_0428_0031/installs/data/system_verilog/uvm_1.2/xlnx_uvm_package.sv" Line 29553. Ignoring Subprog configure.
WARNING: [XSIM 43-3499] "/proj/primebuilds/9999.0_PRIME_0428_0031/installs/data/system_verilog/uvm_1.2/xlnx_uvm_package.sv" Line 30041. Ignoring Subprog include_coverage.
WARNING: [XSIM 43-3499] "/proj/primebuilds/9999.0_PRIME_0428_0031/installs/data/system_verilog/uvm_1.2/xlnx_uvm_package.sv" Line 30045. Ignoring Subprog build_coverage.
WARNING: [XSIM 43-3499] "/proj/primebuilds/9999.0_PRIME_0428_0031/installs/data/system_verilog/uvm_1.2/xlnx_uvm_package.sv" Line 31320. Ignoring Subprog configure.
WARNING: [XSIM 43-3499] "/proj/primebuilds/9999.0_PRIME_0428_0031/installs/data/system_verilog/uvm_1.2/xlnx_uvm_package.sv" Line 31339. Ignoring Subprog clear_hdl_path.
WARNING: [XSIM 43-3499] "/proj/primebuilds/9999.0_PRIME_0428_0031/installs/data/system_verilog/uvm_1.2/xlnx_uvm_package.sv" Line 31381. Ignoring Subprog get_hdl_path.
WARNING: [XSIM 43-3499] "/proj/primebuilds/9999.0_PRIME_0428_0031/installs/data/system_verilog/uvm_1.2/xlnx_uvm_package.sv" Line 31455. Ignoring Subprog set_default_hdl_path.
WARNING: [XSIM 43-3499] "/proj/primebuilds/9999.0_PRIME_0428_0031/installs/data/system_verilog/uvm_1.2/xlnx_uvm_package.sv" Line 31551. Ignoring Subprog reconfigure.
WARNING: [XSIM 43-3499] "/proj/primebuilds/9999.0_PRIME_0428_0031/installs/data/system_verilog/uvm_1.2/xlnx_uvm_package.sv" Line 31655. Ignoring Subprog release_all_regions.
WARNING: [XSIM 43-3499] "/proj/primebuilds/9999.0_PRIME_0428_0031/installs/data/system_verilog/uvm_1.2/xlnx_uvm_package.sv" Line 31660. Ignoring Subprog convert2string.
WARNING: [XSIM 43-3499] "/proj/primebuilds/9999.0_PRIME_0428_0031/installs/data/system_verilog/uvm_1.2/xlnx_uvm_package.sv" Line 31668. Ignoring Subprog for_each.
WARNING: [XSIM 43-3499] "/proj/primebuilds/9999.0_PRIME_0428_0031/installs/data/system_verilog/uvm_1.2/xlnx_uvm_package.sv" Line 31722. Ignoring Subprog get_len.
WARNING: [XSIM 43-3499] "/proj/primebuilds/9999.0_PRIME_0428_0031/installs/data/system_verilog/uvm_1.2/xlnx_uvm_package.sv" Line 31727. Ignoring Subprog get_n_bytes.
WARNING: [XSIM 43-3499] "/proj/primebuilds/9999.0_PRIME_0428_0031/installs/data/system_verilog/uvm_1.2/xlnx_uvm_package.sv" Line 31732. Ignoring Subprog convert2string.
WARNING: [XSIM 43-3499] "/proj/primebuilds/9999.0_PRIME_0428_0031/installs/data/system_verilog/uvm_1.2/xlnx_uvm_package.sv" Line 31742. Ignoring Subprog get_memory.
WARNING: [XSIM 43-3499] "/proj/primebuilds/9999.0_PRIME_0428_0031/installs/data/system_verilog/uvm_1.2/xlnx_uvm_package.sv" Line 31747. Ignoring Subprog get_virtual_registers.
WARNING: [XSIM 43-3499] "/proj/primebuilds/9999.0_PRIME_0428_0031/installs/data/system_verilog/uvm_1.2/xlnx_uvm_package.sv" Line 31752. Ignoring Subprog write.
WARNING: [XSIM 43-3499] "/proj/primebuilds/9999.0_PRIME_0428_0031/installs/data/system_verilog/uvm_1.2/xlnx_uvm_package.sv" Line 31775. Ignoring Subprog read.
WARNING: [XSIM 43-3499] "/proj/primebuilds/9999.0_PRIME_0428_0031/installs/data/system_verilog/uvm_1.2/xlnx_uvm_package.sv" Line 31797. Ignoring Subprog burst_write.
WARNING: [XSIM 43-3499] "/proj/primebuilds/9999.0_PRIME_0428_0031/installs/data/system_verilog/uvm_1.2/xlnx_uvm_package.sv" Line 31820. Ignoring Subprog burst_read.
WARNING: [XSIM 43-3499] "/proj/primebuilds/9999.0_PRIME_0428_0031/installs/data/system_verilog/uvm_1.2/xlnx_uvm_package.sv" Line 31843. Ignoring Subprog poke.
WARNING: [XSIM 43-3499] "/proj/primebuilds/9999.0_PRIME_0428_0031/installs/data/system_verilog/uvm_1.2/xlnx_uvm_package.sv" Line 31864. Ignoring Subprog peek.
WARNING: [XSIM 43-3499] "/proj/primebuilds/9999.0_PRIME_0428_0031/installs/data/system_verilog/uvm_1.2/xlnx_uvm_package.sv" Line 31993. Ignoring Subprog configure.
WARNING: [XSIM 43-3499] "/proj/primebuilds/9999.0_PRIME_0428_0031/installs/data/system_verilog/uvm_1.2/xlnx_uvm_package.sv" Line 32011. Ignoring Subprog Xlock_modelX.
WARNING: [XSIM 43-3499] "/proj/primebuilds/9999.0_PRIME_0428_0031/installs/data/system_verilog/uvm_1.2/xlnx_uvm_package.sv" Line 32332. Ignoring Subprog is_in_map.
WARNING: [XSIM 43-3499] "/proj/primebuilds/9999.0_PRIME_0428_0031/installs/data/system_verilog/uvm_1.2/xlnx_uvm_package.sv" Line 32768. Ignoring Subprog configure.
WARNING: [XSIM 43-3499] "/proj/primebuilds/9999.0_PRIME_0428_0031/installs/data/system_verilog/uvm_1.2/xlnx_uvm_package.sv" Line 34006. Ignoring Subprog get_type.
WARNING: [XSIM 43-3499] "/proj/primebuilds/9999.0_PRIME_0428_0031/installs/data/system_verilog/uvm_1.2/xlnx_uvm_package.sv" Line 34141. Ignoring Subprog set_auto_predict.
WARNING: [XSIM 43-3499] "/proj/primebuilds/9999.0_PRIME_0428_0031/installs/data/system_verilog/uvm_1.2/xlnx_uvm_package.sv" Line 34144. Ignoring Subprog get_auto_predict.
WARNING: [XSIM 43-3499] "/proj/primebuilds/9999.0_PRIME_0428_0031/installs/data/system_verilog/uvm_1.2/xlnx_uvm_package.sv" Line 34155. Ignoring Subprog get_check_on_read.
WARNING: [XSIM 43-3499] "/proj/primebuilds/9999.0_PRIME_0428_0031/installs/data/system_verilog/uvm_1.2/xlnx_uvm_package.sv" Line 35321. Ignoring Subprog check_data_width.
WARNING: [XSIM 43-3499] "/proj/primebuilds/9999.0_PRIME_0428_0031/installs/data/system_verilog/uvm_1.2/xlnx_uvm_package.sv" Line 35336. Ignoring Subprog configure.
WARNING: [XSIM 43-3499] "/proj/primebuilds/9999.0_PRIME_0428_0031/installs/data/system_verilog/uvm_1.2/xlnx_uvm_package.sv" Line 35410. Ignoring Subprog is_locked.
WARNING: [XSIM 43-3499] "/proj/primebuilds/9999.0_PRIME_0428_0031/installs/data/system_verilog/uvm_1.2/xlnx_uvm_package.sv" Line 35568. Ignoring Subprog get_root_blocks.
WARNING: [XSIM 43-3499] "/proj/primebuilds/9999.0_PRIME_0428_0031/installs/data/system_verilog/uvm_1.2/xlnx_uvm_package.sv" Line 35597. Ignoring Subprog find_block.
WARNING: [XSIM 43-3499] "/proj/primebuilds/9999.0_PRIME_0428_0031/installs/data/system_verilog/uvm_1.2/xlnx_uvm_package.sv" Line 35766. Ignoring Subprog get_vfield_by_name.
WARNING: [XSIM 43-3499] "/proj/primebuilds/9999.0_PRIME_0428_0031/installs/data/system_verilog/uvm_1.2/xlnx_uvm_package.sv" Line 35845. Ignoring Subprog build_coverage.
WARNING: [XSIM 43-3499] "/proj/primebuilds/9999.0_PRIME_0428_0031/installs/data/system_verilog/uvm_1.2/xlnx_uvm_package.sv" Line 36040. Ignoring Subprog add_map.
WARNING: [XSIM 43-3499] "/proj/primebuilds/9999.0_PRIME_0428_0031/installs/data/system_verilog/uvm_1.2/xlnx_uvm_package.sv" Line 36085. Ignoring Subprog set_default_map.
WARNING: [XSIM 43-3499] "/proj/primebuilds/9999.0_PRIME_0428_0031/installs/data/system_verilog/uvm_1.2/xlnx_uvm_package.sv" Line 36121. Ignoring Subprog set_backdoor.
WARNING: [XSIM 43-3499] "/proj/primebuilds/9999.0_PRIME_0428_0031/installs/data/system_verilog/uvm_1.2/xlnx_uvm_package.sv" Line 36147. Ignoring Subprog clear_hdl_path.
WARNING: [XSIM 43-3499] "/proj/primebuilds/9999.0_PRIME_0428_0031/installs/data/system_verilog/uvm_1.2/xlnx_uvm_package.sv" Line 36185. Ignoring Subprog get_hdl_path.
WARNING: [XSIM 43-3499] "/proj/primebuilds/9999.0_PRIME_0428_0031/installs/data/system_verilog/uvm_1.2/xlnx_uvm_package.sv" Line 36261. Ignoring Subprog set_default_hdl_path.
WARNING: [XSIM 43-3499] "/proj/primebuilds/9999.0_PRIME_0428_0031/installs/data/system_verilog/uvm_1.2/xlnx_uvm_package.sv" Line 36275. Ignoring Subprog set_hdl_path_root.
WARNING: [XSIM 43-4333] File "/proj/primebuilds/9999.0_PRIME_0428_0031/installs/data/system_verilog/uvm_1.2/xlnx_uvm_package.sv" Line 5663 : Logical comparison involving System Verilog dynamic types not supported yet, can lead to incorrect simulation behaviour.
WARNING: [XSIM 43-4333] File "/proj/primebuilds/9999.0_PRIME_0428_0031/installs/data/system_verilog/uvm_1.2/xlnx_uvm_package.sv" Line 11182 : Logical comparison involving System Verilog dynamic types not supported yet, can lead to incorrect simulation behaviour.
WARNING: [XSIM 43-4333] File "/proj/primebuilds/9999.0_PRIME_0428_0031/installs/data/system_verilog/uvm_1.2/xlnx_uvm_package.sv" Line 11195 : Logical comparison involving System Verilog dynamic types not supported yet, can lead to incorrect simulation behaviour.
WARNING: [XSIM 43-4333] File "/proj/primebuilds/9999.0_PRIME_0428_0031/installs/data/system_verilog/uvm_1.2/xlnx_uvm_package.sv" Line 11408 : Logical comparison involving System Verilog dynamic types not supported yet, can lead to incorrect simulation behaviour.
WARNING: [XSIM 43-4333] File "/proj/primebuilds/9999.0_PRIME_0428_0031/installs/data/system_verilog/uvm_1.2/xlnx_uvm_package.sv" Line 17043 : Logical comparison involving System Verilog dynamic types not supported yet, can lead to incorrect simulation behaviour.
WARNING: [XSIM 43-4333] File "/proj/primebuilds/9999.0_PRIME_0428_0031/installs/data/system_verilog/uvm_1.2/xlnx_uvm_package.sv" Line 17666 : Logical comparison involving System Verilog dynamic types not supported yet, can lead to incorrect simulation behaviour.
WARNING: [XSIM 43-4333] File "/proj/primebuilds/9999.0_PRIME_0428_0031/installs/data/system_verilog/uvm_1.2/xlnx_uvm_package.sv" Line 18328 : Logical comparison involving System Verilog dynamic types not supported yet, can lead to incorrect simulation behaviour.
WARNING: [XSIM 43-4333] File "/proj/primebuilds/9999.0_PRIME_0428_0031/installs/data/system_verilog/uvm_1.2/xlnx_uvm_package.sv" Line 18352 : Logical comparison involving System Verilog dynamic types not supported yet, can lead to incorrect simulation behaviour.
WARNING: [XSIM 43-4333] File "/proj/primebuilds/9999.0_PRIME_0428_0031/installs/data/system_verilog/uvm_1.2/xlnx_uvm_package.sv" Line 18353 : Logical comparison involving System Verilog dynamic types not supported yet, can lead to incorrect simulation behaviour.
WARNING: [XSIM 43-4333] File "/proj/primebuilds/9999.0_PRIME_0428_0031/installs/data/system_verilog/uvm_1.2/xlnx_uvm_package.sv" Line 18364 : Logical comparison involving System Verilog dynamic types not supported yet, can lead to incorrect simulation behaviour.
WARNING: [XSIM 43-4333] File "/proj/primebuilds/9999.0_PRIME_0428_0031/installs/data/system_verilog/uvm_1.2/xlnx_uvm_package.sv" Line 18393 : Logical comparison involving System Verilog dynamic types not supported yet, can lead to incorrect simulation behaviour.
WARNING: [XSIM 43-4333] File "/proj/primebuilds/9999.0_PRIME_0428_0031/installs/data/system_verilog/uvm_1.2/xlnx_uvm_package.sv" Line 18417 : Logical comparison involving System Verilog dynamic types not supported yet, can lead to incorrect simulation behaviour.
WARNING: [XSIM 43-4333] File "/proj/primebuilds/9999.0_PRIME_0428_0031/installs/data/system_verilog/uvm_1.2/xlnx_uvm_package.sv" Line 18417 : Logical comparison involving System Verilog dynamic types not supported yet, can lead to incorrect simulation behaviour.
WARNING: [XSIM 43-4333] File "/proj/primebuilds/9999.0_PRIME_0428_0031/installs/data/system_verilog/uvm_1.2/xlnx_uvm_package.sv" Line 18423 : Logical comparison involving System Verilog dynamic types not supported yet, can lead to incorrect simulation behaviour.
WARNING: [XSIM 43-4333] File "/proj/primebuilds/9999.0_PRIME_0428_0031/installs/data/system_verilog/uvm_1.2/xlnx_uvm_package.sv" Line 18426 : Logical comparison involving System Verilog dynamic types not supported yet, can lead to incorrect simulation behaviour.
WARNING: [XSIM 43-4333] File "/proj/primebuilds/9999.0_PRIME_0428_0031/installs/data/system_verilog/uvm_1.2/xlnx_uvm_package.sv" Line 18919 : Logical comparison involving System Verilog dynamic types not supported yet, can lead to incorrect simulation behaviour.
WARNING: [XSIM 43-4333] File "/proj/primebuilds/9999.0_PRIME_0428_0031/installs/data/system_verilog/uvm_1.2/xlnx_uvm_package.sv" Line 18920 : Logical comparison involving System Verilog dynamic types not supported yet, can lead to incorrect simulation behaviour.
WARNING: [XSIM 43-4333] File "/proj/primebuilds/9999.0_PRIME_0428_0031/installs/data/system_verilog/uvm_1.2/xlnx_uvm_package.sv" Line 19087 : Logical comparison involving System Verilog dynamic types not supported yet, can lead to incorrect simulation behaviour.
WARNING: [XSIM 43-4333] File "/proj/primebuilds/9999.0_PRIME_0428_0031/installs/data/system_verilog/uvm_1.2/xlnx_uvm_package.sv" Line 19464 : Logical comparison involving System Verilog dynamic types not supported yet, can lead to incorrect simulation behaviour.
WARNING: [XSIM 43-4333] File "/proj/primebuilds/9999.0_PRIME_0428_0031/installs/data/system_verilog/uvm_1.2/xlnx_uvm_package.sv" Line 19604 : Logical comparison involving System Verilog dynamic types not supported yet, can lead to incorrect simulation behaviour.
WARNING: [XSIM 43-4333] File "/proj/primebuilds/9999.0_PRIME_0428_0031/installs/data/system_verilog/uvm_1.2/xlnx_uvm_package.sv" Line 19607 : Logical comparison involving System Verilog dynamic types not supported yet, can lead to incorrect simulation behaviour.
WARNING: [XSIM 43-4333] File "/proj/primebuilds/9999.0_PRIME_0428_0031/installs/data/system_verilog/uvm_1.2/xlnx_uvm_package.sv" Line 24297 : Logical comparison involving System Verilog dynamic types not supported yet, can lead to incorrect simulation behaviour.
WARNING: [XSIM 43-4333] File "/proj/primebuilds/9999.0_PRIME_0428_0031/installs/data/system_verilog/uvm_1.2/xlnx_uvm_package.sv" Line 24297 : Logical comparison involving System Verilog dynamic types not supported yet, can lead to incorrect simulation behaviour.
WARNING: [XSIM 43-4333] File "/proj/primebuilds/9999.0_PRIME_0428_0031/installs/data/system_verilog/uvm_1.2/xlnx_uvm_package.sv" Line 26286 : Logical comparison involving System Verilog dynamic types not supported yet, can lead to incorrect simulation behaviour.
WARNING: [XSIM 43-4333] File "/proj/primebuilds/9999.0_PRIME_0428_0031/installs/data/system_verilog/uvm_1.2/xlnx_uvm_package.sv" Line 26392 : Logical comparison involving System Verilog dynamic types not supported yet, can lead to incorrect simulation behaviour.
WARNING: [XSIM 43-4333] File "/proj/primebuilds/9999.0_PRIME_0428_0031/installs/data/system_verilog/uvm_1.2/xlnx_uvm_package.sv" Line 28838 : Logical comparison involving System Verilog dynamic types not supported yet, can lead to incorrect simulation behaviour.
WARNING: [XSIM 43-4333] File "/proj/primebuilds/9999.0_PRIME_0428_0031/installs/data/system_verilog/uvm_1.2/xlnx_uvm_package.sv" Line 30712 : Logical comparison involving System Verilog dynamic types not supported yet, can lead to incorrect simulation behaviour.
WARNING: [XSIM 43-4333] File "/proj/primebuilds/9999.0_PRIME_0428_0031/installs/data/system_verilog/uvm_1.2/xlnx_uvm_package.sv" Line 31646 : Logical comparison involving System Verilog dynamic types not supported yet, can lead to incorrect simulation behaviour.
WARNING: [XSIM 43-4333] File "/proj/primebuilds/9999.0_PRIME_0428_0031/installs/data/system_verilog/uvm_1.2/xlnx_uvm_package.sv" Line 33700 : Logical comparison involving System Verilog dynamic types not supported yet, can lead to incorrect simulation behaviour.
WARNING: [XSIM 43-4333] File "/proj/primebuilds/9999.0_PRIME_0428_0031/installs/data/system_verilog/uvm_1.2/xlnx_uvm_package.sv" Line 34187 : Logical comparison involving System Verilog dynamic types not supported yet, can lead to incorrect simulation behaviour.
WARNING: [XSIM 43-4333] File "/proj/primebuilds/9999.0_PRIME_0428_0031/installs/data/system_verilog/uvm_1.2/xlnx_uvm_package.sv" Line 34275 : Logical comparison involving System Verilog dynamic types not supported yet, can lead to incorrect simulation behaviour.
WARNING: [XSIM 43-4333] File "/proj/primebuilds/9999.0_PRIME_0428_0031/installs/data/system_verilog/uvm_1.2/xlnx_uvm_package.sv" Line 35453 : Logical comparison involving System Verilog dynamic types not supported yet, can lead to incorrect simulation behaviour.
WARNING: [XSIM 43-4333] File "/proj/primebuilds/9999.0_PRIME_0428_0031/installs/data/system_verilog/uvm_1.2/xlnx_uvm_package.sv" Line 36213 : Logical comparison involving System Verilog dynamic types not supported yet, can lead to incorrect simulation behaviour.
WARNING: [XSIM 43-4333] File "/proj/primebuilds/9999.0_PRIME_0428_0031/installs/data/system_verilog/uvm_1.2/xlnx_uvm_package.sv" Line 28614 : Logical comparison involving System Verilog dynamic types not supported yet, can lead to incorrect simulation behaviour.
WARNING: [XSIM 43-4333] File "/proj/primebuilds/9999.0_PRIME_0428_0031/installs/data/system_verilog/uvm_1.2/xlnx_uvm_package.sv" Line 28787 : Logical comparison involving System Verilog dynamic types not supported yet, can lead to incorrect simulation behaviour.
WARNING: [XSIM 43-4333] File "/proj/primebuilds/9999.0_PRIME_0428_0031/installs/data/system_verilog/uvm_1.2/xlnx_uvm_package.sv" Line 30498 : Logical comparison involving System Verilog dynamic types not supported yet, can lead to incorrect simulation behaviour.
Compiling package std.std
WARNING: [XSIM 43-3499] "/proj/primebuilds/9999.0_PRIME_1102_2129/installs/data/verilog/src/std.sv" Line 64. Ignoring Subprog num.
WARNING: [XSIM 43-3499] "/proj/primebuilds/9999.0_PRIME_1102_2129/installs/data/verilog/src/std.sv" Line 68. Ignoring Subprog put.
WARNING: [XSIM 43-3499] "/proj/primebuilds/9999.0_PRIME_1102_2129/installs/data/verilog/src/std.sv" Line 91. Ignoring Subprog try_get.
WARNING: [XSIM 43-3499] "/proj/primebuilds/9999.0_PRIME_1102_2129/installs/data/verilog/src/std.sv" Line 101. Ignoring Subprog peek.
WARNING: [XSIM 43-3499] "/proj/primebuilds/9999.0_PRIME_1102_2129/installs/data/verilog/src/std.sv" Line 107. Ignoring Subprog try_peek.
WARNING: [XSIM 43-3499] "/proj/primebuilds/9999.0_PRIME_1102_2129/installs/data/verilog/src/std.sv" Line 117. Ignoring Subprog randomize.
WARNING: [XSIM 43-3499] "/proj/primebuilds/9999.0_PRIME_1102_2129/installs/data/verilog/src/std.sv" Line 126. Ignoring Subprog new.
WARNING: [XSIM 43-3499] "/proj/primebuilds/9999.0_PRIME_1102_2129/installs/data/verilog/src/std.sv" Line 129. Ignoring Subprog await.
WARNING: [XSIM 43-3499] "/proj/primebuilds/9999.0_PRIME_1102_2129/installs/data/verilog/src/std.sv" Line 131. Ignoring Subprog suspend.
WARNING: [XSIM 43-3499] "/proj/primebuilds/9999.0_PRIME_1102_2129/installs/data/verilog/src/std.sv" Line 132. Ignoring Subprog resume.
WARNING: [XSIM 43-3499] "/proj/primebuilds/9999.0_PRIME_1102_2129/installs/data/verilog/src/std.sv" Line 156. Ignoring Subprog num.
WARNING: [XSIM 43-3499] "/proj/primebuilds/9999.0_PRIME_1102_2129/installs/data/verilog/src/std.sv" Line 160. Ignoring Subprog put.
WARNING: [XSIM 43-3499] "/proj/primebuilds/9999.0_PRIME_1102_2129/installs/data/verilog/src/std.sv" Line 168. Ignoring Subprog put_string.
WARNING: [XSIM 43-3499] "/proj/primebuilds/9999.0_PRIME_1102_2129/installs/data/verilog/src/std.sv" Line 176. Ignoring Subprog put_real.
WARNING: [XSIM 43-3499] "/proj/primebuilds/9999.0_PRIME_1102_2129/installs/data/verilog/src/std.sv" Line 184. Ignoring Subprog put_generic_item.
WARNING: [XSIM 43-3499] "/proj/primebuilds/9999.0_PRIME_1102_2129/installs/data/verilog/src/std.sv" Line 192. Ignoring Subprog try_put.
WARNING: [XSIM 43-3499] "/proj/primebuilds/9999.0_PRIME_1102_2129/installs/data/verilog/src/std.sv" Line 202. Ignoring Subprog try_put_string.
WARNING: [XSIM 43-3499] "/proj/primebuilds/9999.0_PRIME_1102_2129/installs/data/verilog/src/std.sv" Line 213. Ignoring Subprog try_put_real.
WARNING: [XSIM 43-3499] "/proj/primebuilds/9999.0_PRIME_1102_2129/installs/data/verilog/src/std.sv" Line 223. Ignoring Subprog try_put_generic_item.
WARNING: [XSIM 43-3499] "/proj/primebuilds/9999.0_PRIME_1102_2129/installs/data/verilog/src/std.sv" Line 234. Ignoring Subprog get.
WARNING: [XSIM 43-3499] "/proj/primebuilds/9999.0_PRIME_1102_2129/installs/data/verilog/src/std.sv" Line 257. Ignoring Subprog get_string.
WARNING: [XSIM 43-3499] "/proj/primebuilds/9999.0_PRIME_1102_2129/installs/data/verilog/src/std.sv" Line 275. Ignoring Subprog get_real.
WARNING: [XSIM 43-3499] "/proj/primebuilds/9999.0_PRIME_1102_2129/installs/data/verilog/src/std.sv" Line 294. Ignoring Subprog get_generic_item.
WARNING: [XSIM 43-3499] "/proj/primebuilds/9999.0_PRIME_1102_2129/installs/data/verilog/src/std.sv" Line 312. Ignoring Subprog try_get.
WARNING: [XSIM 43-3499] "/proj/primebuilds/9999.0_PRIME_1102_2129/installs/data/verilog/src/std.sv" Line 328. Ignoring Subprog try_get_string.
WARNING: [XSIM 43-3499] "/proj/primebuilds/9999.0_PRIME_1102_2129/installs/data/verilog/src/std.sv" Line 343. Ignoring Subprog try_get_real.
WARNING: [XSIM 43-3499] "/proj/primebuilds/9999.0_PRIME_1102_2129/installs/data/verilog/src/std.sv" Line 358. Ignoring Subprog try_get_generic_item.
WARNING: [XSIM 43-3499] "/proj/primebuilds/9999.0_PRIME_1102_2129/installs/data/verilog/src/std.sv" Line 374. Ignoring Subprog peek.
WARNING: [XSIM 43-3499] "/proj/primebuilds/9999.0_PRIME_1102_2129/installs/data/verilog/src/std.sv" Line 386. Ignoring Subprog peek_string.
WARNING: [XSIM 43-3499] "/proj/primebuilds/9999.0_PRIME_1102_2129/installs/data/verilog/src/std.sv" Line 401. Ignoring Subprog peek_real.
WARNING: [XSIM 43-3499] "/proj/primebuilds/9999.0_PRIME_1102_2129/installs/data/verilog/src/std.sv" Line 415. Ignoring Subprog peek_generic_item.
WARNING: [XSIM 43-3499] "/proj/primebuilds/9999.0_PRIME_1102_2129/installs/data/verilog/src/std.sv" Line 429. Ignoring Subprog try_peek.
WARNING: [XSIM 43-3499] "/proj/primebuilds/9999.0_PRIME_1102_2129/installs/data/verilog/src/std.sv" Line 442. Ignoring Subprog try_peek_string.
WARNING: [XSIM 43-3499] "/proj/primebuilds/9999.0_PRIME_1102_2129/installs/data/verilog/src/std.sv" Line 455. Ignoring Subprog try_peek_real.
WARNING: [XSIM 43-3499] "/proj/primebuilds/9999.0_PRIME_1102_2129/installs/data/verilog/src/std.sv" Line 468. Ignoring Subprog try_peek_generic_item.
Compiling module work.alu_if_default
Compiling module work.ALU
Compiling module work.alu_tb
C:\AMDDesignTools\2025.2\Vivado\data\..\tps\mingw\6.2.0\win64.o\nt\bin\gcc.exe  -fPIC -c -Wa,-W  -I"C:\AMDDesignTools\2025.2\Vivado\data/xsim/include" "xsim.dir/top/obj/xsim_20.c" -O1  -o "xsim.dir/top/obj/xsim_20.win64.obj" -DXILINX_SIMULATOR
ERROR: [XSIM 43-3409] Failed to compile generated C file xsim.dir/top/obj/xsim_20.c.
ERROR: [XSIM 43-3915] Encountered a fatal error. Cannot continue. Exiting... 
